platform,content,score,user,time,movie_id,clean_content,words,word_count,sentiment_label,sentiment_prob,sentiment_text,entities,person_entities,location_entities,organization_entities,product_entities,keywords,keyword_list,is_long,topic_0,topic_1,topic_2,dominant_topic,aspect_results,aspect_电影,aspect_中国,aspect_科幻,aspect_人类,aspect_地球,aspect_故事,aspect_角色,aspect_女性,aspect_刘德华,aspect_流浪,topic_3,topic_4,summary
豆瓣电影,不必对比什么 作为里程碑他已经无敌,5,电子梦,2023-01-22 12:01:06,35267208,不必对比什么 作为里程碑他已经无敌,"['不必', '对比', '作为', '里程碑', '已经', '无敌']",6,2,0.4718213379383087,正面,"[(' ', 'OTHER', 6, 7)]",[],[],[],[],"[('无敌', 2.38921805753), ('里程碑', 2.1621010559825), ('对比', 1.7241758788125), ('作为', 1.0501021204875)]","['无敌', '里程碑', '对比', '作为']",False,0.8851610501837516,0.028577201834376006,0.028981777075575588,0,"[('里程碑', '中性', 0.0, '什么 作为里程碑他已经无敌', [])]",无,无,无,无,无,无,无,无,无,无,0.02857610283144944,0.028703868074847406,
豆瓣电影,2019年看第一部的时候就想着，回国之后如果能在这样的剧组工作就好了，结果今年就真的在这部的片尾字幕了。🥰与有荣焉。今天很想念组里的朋友们。,5,DrunkenPeach,2023-01-22 13:57:05,35267208,年看第一部的时候就想着，回国之后如果能在这样的剧组工作就好了，结果今年就真的在这部的片尾字幕了。与有荣焉。今天很想念组里的朋友们。,"['第一部', '时候', '想着', '回国', '之后', '剧组', '工作', '结果', '今年', '真的', '这部', '片尾', '字幕', '有荣', '今天', '想念', '组里', '朋友']",18,2,0.4385464787483215,正面,"[('，', 'OTHER', 11, 12), ('回国', 'LOCATION', 12, 14), ('，', 'OTHER', 30, 31), ('今年', 'TIME', 33, 35), ('。', 'MOVIE', 47, 48), ('荣焉', 'PERSON', 50, 52), ('。', 'OTHER', 52, 53), ('今天', 'TIME', 53, 55), ('。', 'OTHER', 64, 65)]",['荣焉'],['回国'],[],[],"[('字幕', 1.11926274509), ('组里', 1.11280889297), ('剧组', 1.02371160058), ('想念', 0.89102450652), ('回国', 0.673905564904), ('想着', 0.6196316484069999), ('朋友', 0.584710848284), ('结果', 0.494561670134), ('时候', 0.428874633344), ('工作', 0.42027393423500004)]","['字幕', '组里', '剧组', '想念', '回国', '想着', '朋友', '结果', '时候', '工作']",False,0.010638418974786148,0.010665348614748837,0.010664700337050545,3,"[('时候', '中性', 0.0, '看第一部的时候就想着，回', []), ('回国', '中性', 0.0, '候就想着，回国之后如果能', []), ('剧组', '正面', 0.3333333333333333, '能在这样的剧组工作就好了', [('好', 1.0)]), ('结果', '正面', 0.3333333333333333, '作就好了，结果今年就真的', [('好', 1.0)]), ('字幕', '中性', 0.0, '这部的片尾字幕了。与有荣', []), ('荣焉', '中性', 0.0, '幕了。与有荣焉。今天很想', []), ('组里', '中性', 0.0, '今天很想念组里的朋友们。', []), ('朋友', '中性', 0.0, '想念组里的朋友们。', [])]",无,无,无,无,无,无,无,无,无,无,0.9574119158154093,0.01061961625800511,
豆瓣电影,刘德华那条线，给整个电影情节优化了不止一点儿，尤其是溺水后推开门的那一刻，我瞬间：“这是国产电影能有的剧情吗？”,5,关山难越,2023-01-22 16:27:22,35267208,刘德华那条线，给整个电影情节优化了不止一点儿，尤其是溺水后推开门的那一刻，我瞬间：这是国产电影能有的剧情吗？,"['刘德华', '那条', '整个', '电影', '情节', '优化', '不止', '一点儿', '尤其', '溺水', '推开', '那一刻', '瞬间', '这是', '国产电影', '剧情']",16,2,0.46880042552948,正面,"[('刘德华', 'PERSON', 0, 3), ('，', 'MOVIE', 6, 7), ('，', 'OTHER', 22, 23), ('，', 'MOVIE', 36, 37), ('瞬间', 'TIME', 38, 40), ('：', 'MOVIE', 40, 41), ('？', 'MOVIE', 53, 54)]",['刘德华'],[],[],[],"[('国产电影', 1.3003836749555555), ('溺水', 1.170375758), ('剧情', 1.0153893019088889), ('能有', 0.9071228171666667), ('情节', 0.82957012591), ('推开', 0.8177386280877778), ('不止', 0.8069010958677778), ('优化', 0.7617525038722222), ('电影', 0.7397644143533334)]","['国产电影', '溺水', '剧情', '能有', '情节', '推开', '不止', '优化', '电影']",False,0.011925968580548006,0.9524036020916278,0.01192080779263141,1,"[('刘德华', '中性', 0.0, '刘德华那条线，给', []), ('电影', '中性', 0.0, '线，给整个电影情节优化了', []), ('情节', '中性', 0.0, '给整个电影情节优化了不止', []), ('国产电影', '中性', 0.0, '瞬间：这是国产电影能有的剧情', []), ('剧情', '中性', 0.0, '电影能有的剧情吗？', [])]",中性,无,无,无,无,无,无,无,中性,无,0.011894202576862106,0.011855418958330807,
豆瓣电影,"《流浪地球》系列，单枪匹马，把中国的科幻电影提升到世界级水平。
这不是老套的个人英雄主义冒险故事，而是一个宏大的全人类史诗。
但是，173分钟的片长，三条缺乏交互的故事线，慢热的节奏，劝退路人的冗长数字生命线，确实是讨好了影迷与科幻迷，可无疑也是提高了对广大路人的门槛。
豆瓣用户狂吹刘德华线，但电影院里刘德华线却让很多观众低头玩手机。
2023年1月22日，刘培强先生，生日快乐！
可能也就世界末日了，房价才会跌。
最后，这不比《阿凡达2》的家庭伦理与美式霸凌好看?",5,碎玉屠龙,2023-01-22 12:11:21,35267208,《流浪地球》系列，单枪匹马，把中国的科幻电影提升到世界级水平。 这不是老套的个人英雄主义冒险故事，而是一个宏大的全人类史诗。 但是，分钟的片长，三条缺乏交互的故事线，慢热的节奏，劝退路人的冗长数字生命线，确实是讨好了影迷与科幻迷，可无疑也是提高了对广大路人的门槛。 豆瓣用户狂吹刘德华线，但电影院里刘德华线却让很多观众低头玩手机。 年月日，刘培强先生，生日快乐！ 可能也就世界末日了，房价才会跌。 最后，这不比《阿凡达》的家庭伦理与美式霸凌好看,"['流浪', '地球', '系列', '单枪匹马', '中国', '科幻电影', '提升', '世界级', '水平', '不是', '老套', '个人', '英雄主义', '冒险', '故事', '而是', '宏大', '全人类', '史诗', '分钟', '片长', '三条', '缺乏', '交互', '故事', '慢热', '节奏', '退路', '冗长', '数字', '生命线', '确实', '讨好', '影迷', '科幻', '无疑', '提高', '广大', '路人', '门槛', '豆瓣', '用户', '狂吹', '刘德华', '电影院', '刘德华', '很多', '观众', '低头', '手机', '年月日', '刘培强', '先生', '生日快乐', '可能', '世界末日', '房价', '最后', '这不比', '阿凡', '家庭', '伦理', '美式', '霸凌', '好看']",65,2,0.5940492153167725,正面,"[('《', 'OTHER', 0, 1), ('》', 'OTHER', 5, 6), ('，', 'OTHER', 8, 9), ('，', 'MOVIE', 13, 14), ('中国', 'LOCATION', 15, 17), ('。', 'MOVIE', 30, 31), (' ', 'OTHER', 31, 32), ('英雄主义', 'OTHER', 40, 44), ('，', 'OTHER', 48, 49), ('史诗', 'PERSON', 59, 61), ('。', 'OTHER', 61, 62), (' ', 'OTHER', 62, 63), ('，', 'MOVIE', 65, 66), ('，', 'MOVIE', 71, 72), ('，', 'OTHER', 82, 83), ('，', 'OTHER', 88, 89), ('，', 'OTHER', 101, 102), ('，', 'OTHER', 114, 115), ('。', 'OTHER', 131, 132), (' ', 'OTHER', 132, 133), ('刘德华', 'PERSON', 139, 142), ('，', 'MOVIE', 143, 144), ('刘德华', 'PERSON', 149, 152), ('。', 'OTHER', 164, 165), (' ', 'OTHER', 165, 166), ('年月日', 'TIME', 166, 169), ('，', 'OTHER', 169, 170), ('刘培强', 'PERSON', 170, 173), ('，', 'OTHER', 175, 176), ('！', 'OTHER', 180, 181), (' ', 'OTHER', 181, 182), ('，', 'OTHER', 191, 192), ('。', 'OTHER', 197, 198), (' ', 'OTHER', 198, 199), ('，', 'OTHER', 201, 202), ('《', 'OTHER', 205, 206), ('阿凡达', 'PERSON', 206, 209), ('》', 'OTHER', 209, 210), ('伦理', 'LOCATION', 213, 215), ('霸凌', 'LOCATION', 218, 220)]","['史诗', '刘德华', '刘德华', '刘培强', '阿凡达']","['中国', '伦理', '霸凌']",[],[],"[('科幻电影', 0.29796150692619044), ('片长', 0.2926485652261905), ('故事', 0.29144640781285713), ('狂吹', 0.28463732149761906), ('霸凌', 0.28463732149761906), ('老套', 0.2738757709333333), ('豆瓣', 0.2649544983261905), ('科幻', 0.25530056718095234), ('冗长', 0.23879706288333336), ('路人', 0.23429130098642856), ('影迷', 0.2334841211845238), ('美式', 0.2330905663761905), ('生命线', 0.22914313173714285), ('全人类', 0.2257580248614286), ('电影院', 0.22061782532738097), ('世界级', 0.21862330430190474), ('交互', 0.21471132689023809), ('退路', 0.2141762588938095), ('流浪', 0.20868760035547618), ('讨好', 0.20087728207023808)]","['科幻电影', '片长', '故事', '狂吹', '霸凌', '老套', '豆瓣', '科幻', '冗长', '路人', '影迷', '美式', '生命线', '全人类', '电影院', '世界级', '交互', '退路', '流浪', '讨好']",True,0.003070490096569429,0.003049666474212892,0.0030727165848093005,3,"[('流浪', '中性', 0.0, '《流浪地球》系列', []), ('地球', '中性', 0.0, '《流浪地球》系列，单', []), ('中国', '中性', 0.0, '枪匹马，把中国的科幻电影', []), ('科幻电影', '中性', 0.0, '，把中国的科幻电影提升到世界', []), ('世界级', '中性', 0.0, '电影提升到世界级水平。 这', []), ('水平', '中性', 0.0, '升到世界级水平。 这不是', []), ('老套', '中性', 0.0, '。 这不是老套的个人英雄', []), ('个人', '中性', 0.0, '不是老套的个人英雄主义冒', []), ('英雄主义', '中性', 0.0, '老套的个人英雄主义冒险故事，', []), ('冒险', '中性', 0.0, '人英雄主义冒险故事，而是', []), ('故事', '中性', 0.0, '雄主义冒险故事，而是一个', []), ('全人类', '中性', 0.0, '一个宏大的全人类史诗。 但', []), ('史诗', '中性', 0.0, '大的全人类史诗。 但是，', []), ('片长', '中性', 0.0, '是，分钟的片长，三条缺乏', []), ('故事', '中性', 0.0, '雄主义冒险故事，而是一个', []), ('节奏', '中性', 0.0, '线，慢热的节奏，劝退路人', []), ('冗长', '中性', 0.0, '劝退路人的冗长数字生命线', []), ('数字', '中性', 0.0, '路人的冗长数字生命线，确', []), ('生命线', '中性', 0.0, '的冗长数字生命线，确实是讨', []), ('科幻', '中性', 0.0, '，把中国的科幻电影提升到', []), ('路人', '中性', 0.0, '节奏，劝退路人的冗长数字', []), ('门槛', '中性', 0.0, '广大路人的门槛。 豆瓣用', []), ('豆瓣', '中性', 0.0, '的门槛。 豆瓣用户狂吹刘', []), ('用户', '中性', 0.0, '槛。 豆瓣用户狂吹刘德华', []), ('刘德华', '中性', 0.0, '瓣用户狂吹刘德华线，但电影', []), ('电影院', '中性', 0.0, '德华线，但电影院里刘德华线', []), ('刘德华', '中性', 0.0, '瓣用户狂吹刘德华线，但电影', []), ('观众', '中性', 0.0, '线却让很多观众低头玩手机', []), ('低头', '中性', 0.0, '让很多观众低头玩手机。 ', []), ('手机', '中性', 0.0, '观众低头玩手机。 年月日', []), ('刘培强', '中性', 0.0, ' 年月日，刘培强先生，生日', []), ('先生', '中性', 0.0, '日，刘培强先生，生日快乐', []), ('生日快乐', '中性', 0.0, '培强先生，生日快乐！ 可能也', []), ('世界末日', '中性', 0.0, ' 可能也就世界末日了，房价才', []), ('房价', '中性', 0.0, '界末日了，房价才会跌。 ', []), ('阿凡达', '中性', 0.0, '，这不比《阿凡达》的家庭伦', []), ('家庭', '中性', 0.0, '阿凡达》的家庭伦理与美式', []), ('伦理', '中性', 0.0, '达》的家庭伦理与美式霸凌', []), ('美式', '中性', 0.0, '家庭伦理与美式霸凌好看', []), ('霸凌', '中性', 0.0, '伦理与美式霸凌好看', [])]",无,中性,中性,无,中性,中性,无,无,中性,中性,0.987746291888375,0.003060834956033273,但是，分钟的片长，三条缺乏交互的故事线，慢热的节奏，劝退路人的冗长数字生命线，确实是讨好了影迷与科幻迷，可无疑也是提高了对广大路人的门槛。
豆瓣电影,三星半。郭帆拍片的恳切，在场景设计和视效的细腻度上，被展现得淋漓尽致，又一次拉高了中国科幻作品的工业水准。雪健老师依旧老辣，刘德华则收获了近年来最有挑战的角色。可惜的是，这部续作在叙事层面太过松散，刘培强、图恒宇两条主线并行，还要给周喆直超大篇幅，以至于情节取舍变得犹疑不决，这对节奏先行的科幻片来说是大忌。角色的篆刻比重，是该系列在未来第一优先要做的功课。,3,HarperDie,2023-01-22 11:53:37,35267208,三星半。郭帆拍片的恳切，在场景设计和视效的细腻度上，被展现得淋漓尽致，又一次拉高了中国科幻作品的工业水准。雪健老师依旧老辣，刘德华则收获了近年来最有挑战的角色。可惜的是，这部续作在叙事层面太过松散，刘培强、图恒宇两条主线并行，还要给周喆直超大篇幅，以至于情节取舍变得犹疑不决，这对节奏先行的科幻片来说是大忌。角色的篆刻比重，是该系列在未来第一优先要做的功课。,"['三星', '郭帆', '拍片', '恳切', '场景', '设计', '视效', '细腻', '度上', '展现', '淋漓尽致', '一次', '拉高', '中国', '科幻', '作品', '工业', '水准', '雪健', '老师', '依旧', '老辣', '刘德华', '收获', '近年来', '最有', '挑战', '角色', '可惜', '这部', '续作', '叙事', '层面', '太过', '松散', '刘培强', '图恒宇', '两条', '主线', '并行', '还要', '周喆直', '超大', '篇幅', '以至于', '情节', '取舍', '变得', '犹疑不决', '节奏', '先行', '科幻片', '大忌', '角色', '篆刻', '比重', '系列', '未来', '第一', '优先', '功课']",61,2,0.5187958478927612,正面,"[('三星', 'OTHER', 0, 2), ('。', 'MOVIE', 3, 4), ('郭帆', 'PERSON', 4, 6), ('，', 'MOVIE', 11, 12), ('，', 'OTHER', 25, 26), ('，', 'OTHER', 34, 35), ('中国', 'LOCATION', 41, 43), ('。', 'OTHER', 52, 53), ('雪健', 'PERSON', 53, 55), ('，', 'OTHER', 61, 62), ('刘德华', 'PERSON', 62, 65), ('近年来', 'TIME', 69, 72), ('。', 'OTHER', 79, 80), ('，', 'OTHER', 84, 85), ('，', 'OTHER', 98, 99), ('刘培强', 'PERSON', 99, 102), ('、', 'OTHER', 102, 103), ('图恒宇', 'PERSON', 103, 106), ('，', 'OTHER', 112, 113), ('周', 'PERSON', 116, 117), ('，', 'OTHER', 123, 124), ('，', 'OTHER', 137, 138), ('。', 'OTHER', 153, 154), ('，', 'OTHER', 161, 162), ('未来', 'TIME', 167, 169), ('。', 'OTHER', 178, 179)]","['郭帆', '雪健', '刘德华', '刘培强', '图恒宇', '周']",['中国'],[],[],"[('角色', 0.40127721049599996), ('科幻片', 0.3657732960942857), ('视效', 0.34156478579714283), ('续作', 0.34156478579714283), ('科幻', 0.30636068061714283), ('大忌', 0.2859673529685714), ('篆刻', 0.2831912458688572), ('拍片', 0.2797086796514286), ('超大', 0.26891546520685716), ('取舍', 0.26645619067057147), ('篇幅', 0.25556715983914285), ('功课', 0.25127806223085714), ('叙事', 0.24694806514142859), ('并行', 0.24578172244085716), ('松散', 0.24358283555114285), ('水准', 0.24045373481399998), ('场景', 0.23217503161228573), ('展现', 0.23028674270285712), ('主线', 0.21651749748714286), ('优先', 0.21359453223057143)]","['角色', '科幻片', '视效', '续作', '科幻', '大忌', '篆刻', '拍片', '超大', '取舍', '篇幅', '功课', '叙事', '并行', '松散', '水准', '场景', '展现', '主线', '优先']",True,0.0032792399898187922,0.003254663018148246,0.0032720809698114006,4,"[('三星', '中性', 0.0, '三星半。郭帆拍', []), ('郭帆', '中性', 0.0, '三星半。郭帆拍片的恳切', []), ('拍片', '中性', 0.0, '星半。郭帆拍片的恳切，在', []), ('场景', '中性', 0.0, '的恳切，在场景设计和视效', []), ('视效', '正面', 0.3333333333333333, '场景设计和视效的细腻度上', [('细腻', 1.0)]), ('拉高', '中性', 0.0, '致，又一次拉高了中国科幻', []), ('中国', '中性', 0.0, '一次拉高了中国科幻作品的', []), ('科幻', '中性', 0.0, '拉高了中国科幻作品的工业', []), ('作品', '中性', 0.0, '了中国科幻作品的工业水准', []), ('工业', '中性', 0.0, '科幻作品的工业水准。雪健', []), ('水准', '中性', 0.0, '作品的工业水准。雪健老师', []), ('雪健', '中性', 0.0, '工业水准。雪健老师依旧老', []), ('老师', '中性', 0.0, '水准。雪健老师依旧老辣，', []), ('刘德华', '中性', 0.0, '依旧老辣，刘德华则收获了近', []), ('角色', '中性', 0.0, '最有挑战的角色。可惜的是', []), ('层面', '中性', 0.0, '续作在叙事层面太过松散，', []), ('刘培强', '中性', 0.0, '太过松散，刘培强、图恒宇两', []), ('图恒宇', '中性', 0.0, '，刘培强、图恒宇两条主线并', []), ('主线', '中性', 0.0, '图恒宇两条主线并行，还要', []), ('篇幅', '中性', 0.0, '周喆直超大篇幅，以至于情', []), ('情节', '中性', 0.0, '幅，以至于情节取舍变得犹', []), ('犹疑不决', '中性', 0.0, '节取舍变得犹疑不决，这对节奏', []), ('节奏', '中性', 0.0, '不决，这对节奏先行的科幻', []), ('先行', '中性', 0.0, '，这对节奏先行的科幻片来', []), ('科幻片', '中性', 0.0, '节奏先行的科幻片来说是大忌', []), ('大忌', '中性', 0.0, '幻片来说是大忌。角色的篆', []), ('角色', '中性', 0.0, '最有挑战的角色。可惜的是', []), ('篆刻', '中性', 0.0, '忌。角色的篆刻比重，是该', []), ('比重', '中性', 0.0, '角色的篆刻比重，是该系列', []), ('功课', '中性', 0.0, '优先要做的功课。', [])]",无,中性,中性,无,无,无,中性,无,中性,无,0.0032603890915809115,0.9869336269306407,雪健老师依旧老辣，刘德华则收获了近年来最有挑战的角色。
豆瓣电影,原来人死后还要继续干生前的活儿是真的。,4,了不起的花轮君,2023-01-22 16:31:45,35267208,原来人死后还要继续干生前的活儿是真的。,"['原来', '人死', '还要', '继续', '生前', '活儿', '真的']",7,1,0.3947205245494842,中性,"[('生前', 'TIME', 10, 12), ('。', 'OTHER', 18, 19)]",[],[],[],[],"[('活儿', 4.086914952195), ('继续', 2.133712629145)]","['活儿', '继续']",False,0.025125807869040867,0.02510562470730753,0.02510019510480193,4,"[('活儿', '中性', 0.0, '续干生前的活儿是真的。', [])]",无,无,无,无,无,无,无,无,无,无,0.025220673919599007,0.8994476983992507,
豆瓣电影,“这是俄罗斯的型号，没有安全保险，只有两个扳机。”,4,无名英熊,2023-01-22 19:19:50,35267208,这是俄罗斯的型号，没有安全保险，只有两个扳机。,"['这是', '俄罗斯', '型号', '安全', '保险', '两个', '扳机']",7,2,0.558193027973175,正面,"[('俄罗斯', 'LOCATION', 2, 5), ('，', 'OTHER', 8, 9), ('，', 'OTHER', 15, 16), ('。', 'OTHER', 22, 23)]",[],['俄罗斯'],[],[],"[('扳机', 1.913988862338), ('型号', 1.477489508212), ('俄罗斯', 1.247360078654), ('保险', 1.240257649144), ('没有', 0.6225647130299999)]","['扳机', '型号', '俄罗斯', '保险', '没有']",False,0.025125431178430756,0.8992684494693152,0.025061490534307056,1,"[('俄罗斯', '中性', 0.0, '这是俄罗斯的型号，没', []), ('型号', '中性', 0.0, '是俄罗斯的型号，没有安全', []), ('保险', '中性', 0.0, '，没有安全保险，只有两个', []), ('扳机', '中性', 0.0, '，只有两个扳机。', [])]",无,无,无,无,无,无,无,无,无,无,0.02547536719524205,0.025069261622704852,
豆瓣电影,故事冗长且稀碎。想讲的太多，一样都没有完全说清楚。我全程给我妈讲解，坐我旁边的也在全程给他妈讲解。其实2044年那段没有塞在这部里的必要。关于生命和文明，现实和虚拟，只有标签和口号，没有智性的讨论。全程就是看一群固执的爹抗拒自然，不被任何人和事说服甚至动摇，强行按自己的意志支配地球和地球上的所有生命，并称之为「勇气」，前脚才感叹「人类把最强的密码用在了互相攻击的武器上」后腿就把人类分成「我们的」和「你们的」一面想当老大「我们比你们其他任何人都要正确伟大光荣，听我们的就对了」一面装和气「我们是为全人类考虑，是在（为我们伟大光荣正确的决策所造成的后果）承担责任，不是想搞强霸」，全片刻意制造的笑点，都没有这种又啥又啥的自我矛盾好笑。,3,小斑,2023-01-22 16:17:58,35267208,故事冗长且稀碎。想讲的太多，一样都没有完全说清楚。我全程给我妈讲解，坐我旁边的也在全程给他妈讲解。其实年那段没有塞在这部里的必要。关于生命和文明，现实和虚拟，只有标签和口号，没有智性的讨论。全程就是看一群固执的爹抗拒自然，不被任何人和事说服甚至动摇，强行按自己的意志支配地球和地球上的所有生命，并称之为「勇气」，前脚才感叹「人类把最强的密码用在了互相攻击的武器上」后腿就把人类分成「我们的」和「你们的」一面想当老大「我们比你们其他任何人都要正确伟大光荣，听我们的就对了」一面装和气「我们是为全人类考虑，是在（为我们伟大光荣正确的决策所造成的后果）承担责任，不是想搞强霸」，全片刻意制造的笑点，都没有这种又啥又啥的自我矛盾好笑。,"['故事', '冗长', '稀碎', '一样', '完全', '清楚', '全程', '讲解', '旁边', '全程', '讲解', '那段', '这部', '必要', '关于', '生命', '文明', '现实', '虚拟', '标签', '口号', '智性', '讨论', '全程', '一群', '固执', '抗拒', '自然', '任何人', '说服', '甚至', '动摇', '强行', '意志', '支配', '地球', '地球', '所有', '生命', '称之为', '勇气', '前脚', '感叹', '人类', '最强', '密码', '互相攻击', '武器', '后腿', '人类', '分成', '我们', '你们', '一面', '想当', '老大', '我们', '你们', '其他', '任何人', '正确', '伟大光荣', '我们', '一面', '装和气', '我们', '全人类', '考虑', '我们', '伟大光荣', '正确', '决策', '造成', '后果', '承担责任', '不是', '强霸', '片刻', '制造', '这种', '自我', '矛盾', '好笑']",83,2,0.5158755779266357,正面,"[('。', 'OTHER', 7, 8), ('，', 'OTHER', 13, 14), ('。', 'OTHER', 24, 25), ('，', 'OTHER', 33, 34), ('。', 'OTHER', 48, 49), ('。', 'OTHER', 64, 65), ('文明', 'PERSON', 70, 72), ('，', 'OTHER', 72, 73), ('，', 'OTHER', 78, 79), ('，', 'OTHER', 86, 87), ('。', 'OTHER', 94, 95), ('，', 'OTHER', 110, 111), ('，', 'OTHER', 124, 125), ('，', 'OTHER', 146, 147), ('「', 'OTHER', 151, 152), ('」', 'OTHER', 154, 155), ('，', 'OTHER', 155, 156), ('「', 'OTHER', 161, 162), ('」', 'OTHER', 181, 182), ('「', 'OTHER', 190, 191), ('」', 'OTHER', 194, 195), ('「', 'OTHER', 196, 197), ('」', 'OTHER', 200, 201), ('「', 'OTHER', 207, 208), ('伟大光荣', 'OTHER', 222, 226), ('，', 'OTHER', 226, 227), ('」', 'OTHER', 234, 235), ('「', 'OTHER', 240, 241), ('，', 'OTHER', 250, 251), ('（', 'OTHER', 253, 254), ('伟大光荣', 'OTHER', 257, 261), ('）', 'OTHER', 272, 273), ('，', 'OTHER', 277, 278), ('」', 'MOVIE', 284, 285), ('，', 'MOVIE', 285, 286), ('，', 'OTHER', 295, 296), ('。', 'OTHER', 312, 313)]",['文明'],[],[],[],"[('全程', 0.5205327262375), ('讲解', 0.36423426469833337), ('地球', 0.26207603589916667), ('没有', 0.25940196376249997), ('生命', 0.25562952378666665), ('想讲', 0.24905765631041665), ('智性', 0.24905765631041665), ('用在', 0.24905765631041665), ('装和气', 0.24905765631041665), ('笑点', 0.24905765631041665), ('人类', 0.23461102457083335), ('冗长', 0.20894743002291669), ('前脚', 0.20328214428291666), ('全人类', 0.19753827175375002), ('后腿', 0.19728876777354165), ('标签', 0.19167077679541666), ('好笑', 0.17524458178791666), ('虚拟', 0.17490304408416668), ('抗拒', 0.16948930310812502), ('强行', 0.16674007884041667)]","['全程', '讲解', '地球', '没有', '生命', '想讲', '智性', '用在', '装和气', '笑点', '人类', '冗长', '前脚', '全人类', '后腿', '标签', '好笑', '虚拟', '抗拒', '强行']",True,0.0023983928518953373,0.9903950055914593,0.0024066812335107506,1,"[('故事', '中性', 0.0, '故事冗长且稀碎', []), ('冗长', '中性', 0.0, '故事冗长且稀碎。想', []), ('全程', '中性', 0.0, '说清楚。我全程给我妈讲解', []), ('全程', '中性', 0.0, '说清楚。我全程给我妈讲解', []), ('文明', '中性', 0.0, '关于生命和文明，现实和虚', []), ('现实', '中性', 0.0, '命和文明，现实和虚拟，只', []), ('标签', '中性', 0.0, '虚拟，只有标签和口号，没', []), ('口号', '中性', 0.0, '只有标签和口号，没有智性', []), ('智性', '中性', 0.0, '口号，没有智性的讨论。全', []), ('全程', '中性', 0.0, '说清楚。我全程给我妈讲解', []), ('意志', '中性', 0.0, '行按自己的意志支配地球和', []), ('地球', '中性', 0.0, '的意志支配地球和地球上的', []), ('地球', '中性', 0.0, '的意志支配地球和地球上的', []), ('勇气', '中性', 0.0, '并称之为「勇气」，前脚才', []), ('前脚', '中性', 0.0, '「勇气」，前脚才感叹「人', []), ('人类', '中性', 0.0, '脚才感叹「人类把最强的密', []), ('密码', '中性', 0.0, '类把最强的密码用在了互相', []), ('武器', '中性', 0.0, '互相攻击的武器上」后腿就', []), ('后腿', '中性', 0.0, '的武器上」后腿就把人类分', []), ('人类', '中性', 0.0, '脚才感叹「人类把最强的密', []), ('伟大光荣', '中性', 0.0, '人都要正确伟大光荣，听我们的', []), ('装和气', '中性', 0.0, '对了」一面装和气「我们是为', []), ('全人类', '中性', 0.0, '「我们是为全人类考虑，是在', []), ('伟大光荣', '中性', 0.0, '人都要正确伟大光荣，听我们的', []), ('决策', '中性', 0.0, '光荣正确的决策所造成的后', []), ('后果', '中性', 0.0, '策所造成的后果）承担责任', []), ('承担责任', '中性', 0.0, '成的后果）承担责任，不是想搞', []), ('笑点', '中性', 0.0, '刻意制造的笑点，都没有这', [])]",无,无,无,中性,中性,中性,无,无,无,无,0.0023997993228102314,0.0024001210003243567,全程就是看一群固执的爹抗拒自然，不被任何人和事说服甚至动摇，强行按自己的意志支配地球和地球上的所有生命，并称之为「勇气」，前脚才感叹「人类把最强的密码用在了互相攻击的武器上」后腿就把人类分成「我们的」和「你们的」一面想当老大「我们比你们其他任何人都要正确伟大光荣，听我们的就对了」一面装和气「我们是为全人类考虑，是在（为我们伟大光荣正确的决策所造成的后果）承担责任，不是想搞强霸」，全片刻意制造的笑点，都没有这种又啥又啥的自我矛盾好笑。
豆瓣电影,笨笨！！你是军犬！！,5,水逆退散,2023-01-22 16:30:59,35267208,笨笨！！你是军犬！！,"['笨笨', '军犬']",2,2,0.514987051486969,正面,"[('！', 'OTHER', 2, 3), ('！', 'OTHER', 3, 4), ('！', 'OTHER', 8, 9), ('！', 'OTHER', 9, 10)]",[],[],[],[],"[('军犬', 13.2075304714)]",['军犬'],False,0.0666712055651509,0.06667485989846962,0.06667150863677339,4,"[('军犬', '中性', 0.0, '笨！！你是军犬！！', [])]",无,无,无,无,无,无,无,无,无,无,0.06667329989518322,0.7333091260044229,
豆瓣电影,我看有些人说又红又爹，感觉确实有点儿。但是点完头我又想，美国哪部电影不是又“蓝”又“宇宙第一”？,5,玛丽莲萌鹿,2023-01-24 19:03:12,35267208,我看有些人说又红又爹，感觉确实有点儿。但是点完头我又想，美国哪部电影不是又蓝又宇宙第一？,"['有些', '感觉', '确实', '有点儿', '完头', '美国', '哪部', '电影', '不是', '宇宙', '第一']",11,2,0.4806329607963562,正面,"[('，', 'OTHER', 10, 11), ('。', 'OTHER', 18, 19), ('，', 'MOVIE', 27, 28), ('美国', 'LOCATION', 28, 30), ('？', 'OTHER', 43, 44)]",[],['美国'],[],[],"[('完头', 2.39095350058), ('宇宙', 1.47366867195), ('电影', 1.3315759458360001), ('感觉', 1.128295657862), ('美国', 0.831319246332)]","['完头', '宇宙', '电影', '感觉', '美国']",False,0.016815303801506157,0.01682203930377074,0.016989607293262668,3,"[('感觉', '中性', 0.0, '又红又爹，感觉确实有点儿', []), ('美国', '中性', 0.0, '头我又想，美国哪部电影不', []), ('电影', '中性', 0.0, '，美国哪部电影不是又蓝又', []), ('宇宙', '中性', 0.0, '不是又蓝又宇宙第一？', [])]",中性,无,无,无,无,无,无,无,无,无,0.9323542358487676,0.017018813752692867,
豆瓣电影,放几年前，我会跟着愤青一起骂，骂故事写的不好，骂节奏，但其实我的阅片量来讲根本不懂这些。无非就是跟风黑，显得自己多专业一样。现在呢？有一部电影3个小时让我不困，让我感慨，让我跟着它的思路去走，还能看到中国电影人走向世界的野心，就已经足够了。,5,一叶小江南,2023-01-23 09:13:12,35267208,放几年前，我会跟着愤青一起骂，骂故事写的不好，骂节奏，但其实我的阅片量来讲根本不懂这些。无非就是跟风黑，显得自己多专业一样。现在呢？有一部电影个小时让我不困，让我感慨，让我跟着它的思路去走，还能看到中国电影人走向世界的野心，就已经足够了。,"['几年', '我会', '跟着', '愤青', '一起', '故事', '不好', '节奏', '阅片量', '来讲', '根本', '这些', '无非', '跟风', '显得', '专业', '一样', '现在', '一部', '电影', '小时', '不困', '感慨', '跟着', '思路', '看到', '中国', '电影', '走向世界', '野心', '已经', '足够']",32,2,0.4350728690624237,正面,"[('，', 'OTHER', 4, 5), ('，', 'OTHER', 14, 15), ('，', 'OTHER', 22, 23), ('，', 'OTHER', 26, 27), ('。', 'OTHER', 43, 44), ('，', 'OTHER', 51, 52), ('。', 'MOVIE', 61, 62), ('现在', 'TIME', 62, 64), ('？', 'MOVIE', 65, 66), ('，', 'MOVIE', 78, 79), ('，', 'OTHER', 83, 84), ('，', 'MOVIE', 94, 95), ('中国', 'LOCATION', 99, 101), ('，', 'MOVIE', 111, 112), ('。', 'OTHER', 118, 119)]",[],['中国'],[],[],"[('电影', 0.6657879729180001), ('阅片量', 0.597738375145), ('跟着', 0.5846790568360001), ('走向世界', 0.487877146279), ('野心', 0.4342870947185), ('跟风', 0.425352505281), ('感慨', 0.38205480939549996), ('来讲', 0.368344440702), ('我会', 0.367053120724), ('思路', 0.35040180054), ('节奏', 0.34115897992050004), ('足够', 0.329007534485), ('专业', 0.309658272869), ('故事', 0.30601872820349996), ('显得', 0.295606733462), ('小时', 0.2872945039605), ('看到', 0.2432404860925), ('中国', 0.151366034333)]","['电影', '阅片量', '跟着', '走向世界', '野心', '跟风', '感慨', '来讲', '我会', '思路', '节奏', '足够', '专业', '故事', '显得', '小时', '看到', '中国']",True,0.006162816884853345,0.006098726309533673,0.9754909924048447,2,"[('我会', '中性', 0.0, '放几年前，我会跟着愤青一', []), ('故事', '中性', 0.0, '一起骂，骂故事写的不好，', []), ('节奏', '中性', 0.0, '的不好，骂节奏，但其实我', []), ('阅片量', '中性', 0.0, '但其实我的阅片量来讲根本不', []), ('专业', '正面', 0.3333333333333333, '显得自己多专业一样。现在', [('专业', 1.0)]), ('电影', '中性', 0.0, '呢？有一部电影个小时让我', []), ('小时', '中性', 0.0, '一部电影个小时让我不困，', []), ('思路', '中性', 0.0, '我跟着它的思路去走，还能', []), ('中国', '中性', 0.0, '，还能看到中国电影人走向', []), ('电影', '中性', 0.0, '呢？有一部电影个小时让我', []), ('走向世界', '中性', 0.0, '中国电影人走向世界的野心，就', []), ('野心', '中性', 0.0, '走向世界的野心，就已经足', [])]",中性,中性,无,无,无,中性,无,无,无,无,0.006107459718526488,0.006140004682241738,有一部电影个小时让我不困，让我感慨，让我跟着它的思路去走，还能看到中国电影人走向世界的野心，就已经足够了。
豆瓣电影,没有预期好，就是个纪录片，情节太平淡。最佩服李雪健，屁事都没做，什么情况都不知道，就他信心最足，信念坚定，要真都他来做决定，都得玩完。,3,michaelz,2023-01-23 16:06:46,35267208,没有预期好，就是个纪录片，情节太平淡。最佩服李雪健，屁事都没做，什么情况都不知道，就他信心最足，信念坚定，要真都他来做决定，都得玩完。,"['预期', '纪录片', '情节', '平淡', '佩服', '李雪健', '屁事', '情况', '知道', '信心', '最足', '信念', '坚定', '决定', '玩完']",15,1,0.4222995042800903,中性,"[('，', 'OTHER', 5, 6), ('，', 'MOVIE', 12, 13), ('。', 'OTHER', 18, 19), ('李雪健', 'PERSON', 22, 25), ('，', 'OTHER', 25, 26), ('，', 'OTHER', 31, 32), ('，', 'OTHER', 40, 41), ('，', 'OTHER', 47, 48), ('，', 'OTHER', 52, 53), ('，', 'OTHER', 61, 62), ('。', 'OTHER', 66, 67)]",['李雪健'],[],[],[],"[('玩完', 0.8970986196666666), ('屁事', 0.8574799782750001), ('纪录片', 0.7891550710941666), ('信念', 0.7131952833341666), ('佩服', 0.6811524920325001), ('情节', 0.6221775944325), ('信心', 0.50692101741), ('决定', 0.3955844547658333), ('预期', 0.391859054315), ('情况', 0.33393670294083333), ('知道', 0.33117571166666665), ('没有', 0.25940196376249997)]","['玩完', '屁事', '纪录片', '信念', '佩服', '情节', '信心', '决定', '预期', '情况', '知道', '没有']",False,0.012648807804921522,0.012730354768642564,0.9493894607831511,2,"[('纪录片', '正面', 0.3333333333333333, '好，就是个纪录片，情节太平', [('好', 1.0)]), ('情节', '中性', 0.0, '个纪录片，情节太平淡。最', []), ('李雪健', '中性', 0.0, '淡。最佩服李雪健，屁事都没', []), ('屁事', '中性', 0.0, '服李雪健，屁事都没做，什', []), ('情况', '中性', 0.0, '没做，什么情况都不知道，', []), ('信心', '中性', 0.0, '知道，就他信心最足，信念', []), ('信念', '中性', 0.0, '信心最足，信念坚定，要真', [])]",无,无,无,无,无,无,无,无,无,无,0.01260275239781802,0.012628624245466792,
豆瓣电影,刘德华那条线有点儿意思，为这个系列电影开启了新维度。太长了，删减强制煽情正能量能短30min。,4,崇魔媚沪的王黑,2023-01-22 12:06:58,35267208,刘德华那条线有点儿意思，为这个系列电影开启了新维度。太长了，删减强制煽情正能量能短min。,"['刘德华', '那条', '有点儿', '意思', '这个', '系列', '电影', '开启', '维度', '太长', '删减', '强制', '煽情', '能量', 'min']",15,2,0.4908478260040283,正面,"[('刘德华', 'PERSON', 0, 3), ('，', 'MOVIE', 11, 12), ('维度', 'LOCATION', 23, 25), ('。', 'MOVIE', 25, 26), ('，', 'OTHER', 29, 30), ('。', 'OTHER', 44, 45)]",['刘德华'],['维度'],[],[],"[('删减', 1.5642979113625), ('煽情', 1.3910111162125), ('维度', 1.3124350337875), ('开启', 0.971999282635), ('强制', 0.94503979353125), ('电影', 0.8322349661475), ('能量', 0.81427585039375), ('意思', 0.72605478065625)]","['删减', '煽情', '维度', '开启', '强制', '电影', '能量', '意思']",False,0.9491344078637118,0.012761874381171786,0.012731579850698468,0,"[('刘德华', '中性', 0.0, '刘德华那条线有点', []), ('意思', '中性', 0.0, '条线有点儿意思，为这个系', []), ('电影', '中性', 0.0, '为这个系列电影开启了新维', []), ('维度', '中性', 0.0, '影开启了新维度。太长了，', []), ('能量', '中性', 0.0, '强制煽情正能量能短min', [])]",中性,无,无,无,无,无,无,无,中性,无,0.012779377918003518,0.012592759986414513,
豆瓣电影,看完了，大年初一就在电影院哭了，那种与天斗与人斗与命运斗只为了未知的未来和理想奋斗的中式硬核浪漫让人心潮澎湃。李雪健那个角色在大会的发言真的超牛，大刘笔下的科幻真是处处有着中国人特有的务实和真诚，好喜欢，这电影真的太特么牛批了！,5,🛸,2023-01-22 12:13:50,35267208,看完了，大年初一就在电影院哭了，那种与天斗与人斗与命运斗只为了未知的未来和理想奋斗的中式硬核浪漫让人心潮澎湃。李雪健那个角色在大会的发言真的超牛，大刘笔下的科幻真是处处有着中国人特有的务实和真诚，好喜欢，这电影真的太特么牛批了！,"['大年初一', '电影院', '那种', '天斗', '人斗', '命运', '为了', '未知', '未来', '理想', '奋斗', '中式', '硬核', '浪漫', '心潮澎湃', '李雪健', '那个', '角色', '大会', '发言', '真的', '超牛', '笔下', '科幻', '真是', '处处', '有着', '中国', '特有', '务实', '真诚', '喜欢', '电影', '真的', '太特', '牛批']",36,2,0.4729176759719848,正面,"[('，', 'MOVIE', 3, 4), ('大年初一', 'TIME', 4, 8), ('，', 'MOVIE', 15, 16), ('未来', 'TIME', 34, 36), ('。', 'OTHER', 54, 55), ('李雪健', 'PERSON', 55, 58), ('，', 'OTHER', 72, 73), ('刘', 'PERSON', 74, 75), ('中国', 'LOCATION', 86, 88), ('，', 'MOVIE', 97, 98), ('，', 'MOVIE', 101, 102), ('么', 'PERSON', 109, 110), ('！', 'MOVIE', 113, 114)]","['李雪健', '刘', '么']",['中国'],[],[],"[('硬核', 0.66037652357), ('天斗', 0.597738375145), ('超牛', 0.597738375145), ('科幻', 0.53613119108), ('中式', 0.4855511454975), ('笔下', 0.46840390794099995), ('电影院', 0.46329743318750005), ('看完', 0.4573543730435), ('奋斗', 0.411885858592), ('发言', 0.3969836156175), ('未知', 0.3914969961985), ('处处', 0.3777520645575), ('角色', 0.351117559184), ('电影', 0.33289398645900004), ('命运', 0.3303489965685), ('理想', 0.3288093836315), ('大会', 0.3081312677145), ('有着', 0.306946633366), ('喜欢', 0.285129420151), ('中国', 0.151366034333)]","['硬核', '天斗', '超牛', '科幻', '中式', '笔下', '电影院', '看完', '奋斗', '发言', '未知', '处处', '角色', '电影', '命运', '理想', '大会', '有着', '喜欢', '中国']",True,0.005492173633187769,0.9780897903793685,0.0054791940728163135,1,"[('电影院', '中性', 0.0, '年初一就在电影院哭了，那种', []), ('天斗', '中性', 0.0, '了，那种与天斗与人斗与命', []), ('命运', '中性', 0.0, '斗与人斗与命运斗只为了未', []), ('理想', '中性', 0.0, '知的未来和理想奋斗的中式', []), ('中式', '中性', 0.0, '理想奋斗的中式硬核浪漫让', []), ('硬核', '中性', 0.0, '奋斗的中式硬核浪漫让人心', []), ('李雪健', '中性', 0.0, '心潮澎湃。李雪健那个角色在', []), ('角色', '中性', 0.0, '李雪健那个角色在大会的发', []), ('大会', '中性', 0.0, '那个角色在大会的发言真的', []), ('笔下', '中性', 0.0, '超牛，大刘笔下的科幻真是', []), ('科幻', '中性', 0.0, '大刘笔下的科幻真是处处有', []), ('中国', '中性', 0.0, '是处处有着中国人特有的务', []), ('电影', '中性', 0.0, '年初一就在电影院哭了，那', []), ('太特', '中性', 0.0, '这电影真的太特么牛批了！', [])]",中性,中性,中性,无,无,无,中性,无,无,无,0.005479097939308302,0.005459743975319109,李雪健那个角色在大会的发言真的超牛，大刘笔下的科幻真是处处有着中国人特有的务实和真诚，好喜欢，这电影真的太特么牛批了。
豆瓣电影,看到沙溢扮演的师傅喊出五十岁以上的出列时还是忍不住落泪,4,特凡人,2023-01-22 13:25:43,35267208,看到沙溢扮演的师傅喊出五十岁以上的出列时还是忍不住落泪,"['看到', '沙溢', '扮演', '师傅', '五十岁', '以上', '出列时', '忍不住', '落泪']",9,2,0.5460160374641418,正面,"[('沙溢', 'PERSON', 2, 4), ('师傅', 'PERSON', 7, 9)]","['沙溢', '师傅']",[],[],[],"[('出列', 2.23852549018), ('落泪', 1.834657966652), ('扮演', 1.5336459270860001), ('忍不住', 1.323445884644), ('看到', 0.97296194437)]","['出列', '落泪', '扮演', '忍不住', '看到']",False,0.9191241933248271,0.020223426544640433,0.02037967143754747,0,"[('沙溢', '中性', 0.0, '看到沙溢扮演的师傅', []), ('师傅', '中性', 0.0, '沙溢扮演的师傅喊出五十岁', [])]",无,无,无,无,无,无,无,无,无,无,0.02012889361449126,0.020143815078493763,
豆瓣电影,宏大又空洞，前卫又土气,3,如魚,2023-01-27 22:42:26,35267208,宏大又空洞，前卫又土气,"['宏大', '空洞', '前卫', '土气']",4,2,0.4432878494262695,正面,"[('，', 'OTHER', 5, 6)]",[],[],[],[],"[('土气', 3.511127274), ('前卫', 3.1770765998366666), ('空洞', 2.952417511686667)]","['土气', '前卫', '空洞']",False,0.04000542543659863,0.04000979420386608,0.8390317708060037,2,"[('空洞', '中性', 0.0, '宏大又空洞，前卫又土', []), ('前卫', '中性', 0.0, '大又空洞，前卫又土气', []), ('土气', '中性', 0.0, '洞，前卫又土气', [])]",无,无,无,无,无,无,无,无,无,无,0.04063059927923082,0.04032241027430076,
豆瓣电影,我的建议是，把网络服务中心迁移到高原上来,4,momo,2023-01-22 23:38:29,35267208,我的建议是，把网络服务中心迁移到高原上来,"['建议', '网络', '服务中心', '迁移', '高原', '上来']",6,2,0.4490816295146942,正面,"[('，', 'OTHER', 5, 6), ('高原', 'LOCATION', 16, 18), ('上来', 'TIME', 18, 20)]",[],['高原'],[],[],"[('服务中心', 1.787566604344), ('迁移', 1.562780585012), ('高原', 1.3522034632020001), ('网络', 1.24189551089), ('建议', 1.04632442225)]","['服务中心', '迁移', '高原', '网络', '建议']",False,0.8856448928021817,0.02857954414502008,0.028576224173939985,0,"[('建议', '中性', 0.0, '我的建议是，把网络', []), ('网络', '中性', 0.0, '建议是，把网络服务中心迁', []), ('服务中心', '中性', 0.0, '是，把网络服务中心迁移到高原', []), ('高原', '中性', 0.0, '中心迁移到高原上来', [])]",无,无,无,无,无,无,无,无,无,无,0.028577998666464564,0.028621340212393633,
豆瓣电影,四星+一星鼓励，值得八分以上的佳作！还有我不理解 看了会睡觉一般是不感兴趣 看了骂依托答辩的都是什么脑回路。美国拍科幻片就能泛滥煽情主旋律，中国就不能是吧。美国就能输出，中国就不能是吧。再说了，我是真没看出来有多主旋律了，要硬说是主旋律的话我认为是人类命运共同体。《星际穿越》可以有亲情，生孩子没问题，到《流浪地球》这就催婚催生了是吧?《星际穿越》里美国人可以拯救全人类，《流浪地球》里中国人就不能拯救世界了是吧?《星际穿越》里可以抛弃一大部分人类，然后一小部分人类放弃地球和太阳系去新星球生存，《流浪地球》就不能有家国情怀，带着剩余一半的人类和地球去寻找新家园是吧?我只能说戴有色眼镜去看总能在鸡蛋里挑出来骨头。当然，上述这些是我好兄弟宸老师（豆瓣可以搜到）以及我亲身经历而有的输出。,5,一堆曲别针,2023-01-22 23:41:49,35267208,四星一星鼓励，值得八分以上的佳作！还有我不理解 看了会睡觉一般是不感兴趣 看了骂依托答辩的都是什么脑回路。美国拍科幻片就能泛滥煽情主旋律，中国就不能是吧。美国就能输出，中国就不能是吧。再说了，我是真没看出来有多主旋律了，要硬说是主旋律的话我认为是人类命运共同体。《星际穿越》可以有亲情，生孩子没问题，到《流浪地球》这就催婚催生了是吧《星际穿越》里美国人可以拯救全人类，《流浪地球》里中国人就不能拯救世界了是吧《星际穿越》里可以抛弃一大部分人类，然后一小部分人类放弃地球和太阳系去新星球生存，《流浪地球》就不能有家国情怀，带着剩余一半的人类和地球去寻找新家园是吧我只能说戴有色眼镜去看总能在鸡蛋里挑出来骨头。当然，上述这些是我好兄弟宸老师（豆瓣可以搜到）以及我亲身经历而有的输出。,"['四星', '一星', '鼓励', '值得', '八分', '以上', '佳作', '理解', '睡觉', '一般', '不感兴趣', '依托', '答辩', '回路', '美国', '科幻片', '泛滥', '煽情', '主旋律', '中国', '不能', '美国', '输出', '中国', '不能', '再说', '出来', '主旋律', '硬说是', '主旋律', '的话', '认为', '人类', '命运', '共同体', '星际', '穿越', '亲情', '孩子', '问题', '流浪', '地球', '催婚', '催生', '星际', '穿越', '美国', '拯救', '全人类', '流浪', '地球', '中国', '不能', '拯救', '世界', '星际', '穿越', '抛弃', '一大部分', '人类', '然后', '一小部分', '人类', '放弃', '地球', '太阳系', '星球', '生存', '流浪', '地球', '不能', '有家国', '情怀', '剩余', '一半', '人类', '地球', '寻找', '新家园', '只能', '有色眼镜', '总能', '鸡蛋里挑', '出来', '骨头', '当然', '上述', '这些', '兄弟', '老师', '豆瓣', '以及', '亲身经历', '输出']",94,2,0.4549987316131592,正面,"[('四星', 'OTHER', 0, 2), ('，', 'OTHER', 6, 7), ('！', 'OTHER', 16, 17), (' ', 'OTHER', 23, 24), (' ', 'OTHER', 36, 37), ('。', 'OTHER', 52, 53), ('美国', 'LOCATION', 53, 55), ('，', 'OTHER', 68, 69), ('中国', 'LOCATION', 69, 71), ('。', 'OTHER', 76, 77), ('美国', 'LOCATION', 77, 79), ('，', 'OTHER', 83, 84), ('中国', 'LOCATION', 84, 86), ('。', 'OTHER', 91, 92), ('，', 'OTHER', 95, 96), ('，', 'OTHER', 109, 110), ('。', 'OTHER', 130, 131), ('《', 'OTHER', 131, 132), ('》', 'OTHER', 136, 137), ('，', 'OTHER', 142, 143), ('，', 'OTHER', 149, 150), ('《', 'OTHER', 151, 152), ('》', 'OTHER', 156, 157), ('《', 'OTHER', 166, 167), ('》', 'OTHER', 171, 172), ('美国', 'LOCATION', 173, 175), ('，', 'OTHER', 183, 184), ('《', 'OTHER', 184, 185), ('》', 'OTHER', 189, 190), ('中国', 'LOCATION', 191, 193), ('《', 'OTHER', 204, 205), ('》', 'OTHER', 209, 210), ('，', 'OTHER', 221, 222), ('，', 'OTHER', 244, 245), ('《', 'OTHER', 245, 246), ('》', 'OTHER', 250, 251), ('，', 'OTHER', 259, 260), ('新家园', 'LOCATION', 275, 278), ('。', 'OTHER', 302, 303), ('，', 'OTHER', 305, 306), ('（', 'OTHER', 318, 319), ('）', 'OTHER', 325, 326), ('。', 'OTHER', 338, 339)]",[],"['美国', '中国', '美国', '中国', '美国', '中国', '新家园']",[],[],"[('地球', 0.4084301858168831), ('主旋律', 0.3718429412450649), ('星际', 0.35254470343090905), ('流浪', 0.3414888005816883), ('穿越', 0.3210855364761039), ('人类', 0.2925020566077922), ('拯救', 0.20890245448025974), ('不能', 0.2072812901038961), ('输出', 0.18056572544571428), ('新家园', 0.17152636975844157), ('鸡蛋里挑', 0.17152636975844157), ('科幻片', 0.16626058913376623), ('美国', 0.161945307727013), ('催婚', 0.1552567208168831), ('煽情', 0.14452063545064936), ('豆瓣', 0.14452063545064936), ('答辩', 0.13772520501298702), ('没看', 0.13198711732077922), ('亲身经历', 0.1289660485509091), ('星球', 0.12428499106090908)]","['地球', '主旋律', '星际', '流浪', '穿越', '人类', '拯救', '不能', '输出', '新家园', '鸡蛋里挑', '科幻片', '美国', '催婚', '煽情', '豆瓣', '答辩', '没看', '亲身经历', '星球']",True,0.0021279809779061617,0.00211827178899194,0.0021199199662008546,4,"[('四星', '中性', 0.0, '四星一星鼓励，', []), ('佳作', '中性', 0.0, '八分以上的佳作！还有我不', []), ('不感兴趣', '中性', 0.0, '睡觉一般是不感兴趣 看了骂依', []), ('美国', '中性', 0.0, '么脑回路。美国拍科幻片就', []), ('科幻片', '中性', 0.0, '路。美国拍科幻片就能泛滥煽', []), ('主旋律', '中性', 0.0, '能泛滥煽情主旋律，中国就不', []), ('中国', '中性', 0.0, '情主旋律，中国就不能是吧', []), ('美国', '中性', 0.0, '么脑回路。美国拍科幻片就', []), ('中国', '中性', 0.0, '情主旋律，中国就不能是吧', []), ('主旋律', '中性', 0.0, '能泛滥煽情主旋律，中国就不', []), ('硬说是', '中性', 0.0, '旋律了，要硬说是主旋律的话', []), ('主旋律', '中性', 0.0, '能泛滥煽情主旋律，中国就不', []), ('人类', '中性', 0.0, '话我认为是人类命运共同体', []), ('命运', '中性', 0.0, '认为是人类命运共同体。《', []), ('共同体', '中性', 0.0, '是人类命运共同体。《星际穿', []), ('星际', '中性', 0.0, '共同体。《星际穿越》可以', []), ('亲情', '中性', 0.0, '越》可以有亲情，生孩子没', []), ('孩子', '中性', 0.0, '有亲情，生孩子没问题，到', []), ('问题', '中性', 0.0, '，生孩子没问题，到《流浪', []), ('流浪', '中性', 0.0, '问题，到《流浪地球》这就', []), ('地球', '中性', 0.0, '，到《流浪地球》这就催婚', []), ('星际', '中性', 0.0, '共同体。《星际穿越》可以', []), ('美国', '中性', 0.0, '么脑回路。美国拍科幻片就', []), ('全人类', '中性', 0.0, '人可以拯救全人类，《流浪地', []), ('流浪', '中性', 0.0, '问题，到《流浪地球》这就', []), ('地球', '中性', 0.0, '，到《流浪地球》这就催婚', []), ('中国', '中性', 0.0, '情主旋律，中国就不能是吧', []), ('世界', '中性', 0.0, '就不能拯救世界了是吧《星', []), ('星际', '中性', 0.0, '共同体。《星际穿越》可以', []), ('人类', '中性', 0.0, '话我认为是人类命运共同体', []), ('人类', '中性', 0.0, '话我认为是人类命运共同体', []), ('地球', '中性', 0.0, '，到《流浪地球》这就催婚', []), ('太阳系', '中性', 0.0, '放弃地球和太阳系去新星球生', []), ('星球', '中性', 0.0, '太阳系去新星球生存，《流', []), ('流浪', '中性', 0.0, '问题，到《流浪地球》这就', []), ('地球', '中性', 0.0, '，到《流浪地球》这就催婚', []), ('情怀', '中性', 0.0, '不能有家国情怀，带着剩余', []), ('人类', '中性', 0.0, '话我认为是人类命运共同体', []), ('地球', '中性', 0.0, '，到《流浪地球》这就催婚', []), ('新家园', '中性', 0.0, '地球去寻找新家园是吧我只能', []), ('有色眼镜', '中性', 0.0, '我只能说戴有色眼镜去看总能在', []), ('总能', '中性', 0.0, '色眼镜去看总能在鸡蛋里挑', []), ('鸡蛋里挑', '中性', 0.0, '去看总能在鸡蛋里挑出来骨头。', []), ('骨头', '中性', 0.0, '蛋里挑出来骨头。当然，上', []), ('兄弟', '正面', 0.3333333333333333, '这些是我好兄弟宸老师（豆', [('好', 1.0)]), ('老师', '正面', 0.3333333333333333, '我好兄弟宸老师（豆瓣可以', [('好', 1.0)]), ('豆瓣', '中性', 0.0, '弟宸老师（豆瓣可以搜到）', []), ('亲身经历', '中性', 0.0, '到）以及我亲身经历而有的输出', [])]",无,中性,无,中性,中性,无,无,无,无,中性,0.0021242830637443902,0.9915095442031567,《星际穿越》可以有亲情，生孩子没问题，到《流浪地球》这就催婚催生了是吧《星际穿越》里美国人可以拯救全人类，《流浪地球》里中国人就不能拯救世界了是吧《星际穿越》里可以抛弃一大部分人类，然后一小部分人类放弃地球和太阳系去新星球生存，《流浪地球》就不能有家国情怀，带着剩余一半的人类和地球去寻找新家园是吧我只能说戴有色眼镜去看总能在鸡蛋里挑出来骨头。
豆瓣电影,纯直男视角，无趣级了。女性是妻子是母亲是女儿，但不是战友。女性发言人角色连群像塑造都不算，顶多是个符号，女性宇航员是背景，韩朵朵本以为有更大的功能，结果后面只是结婚生了个孩子。,3,迷迭香,2023-01-24 10:45:22,35267208,纯直男视角，无趣级了。女性是妻子是母亲是女儿，但不是战友。女性发言人角色连群像塑造都不算，顶多是个符号，女性宇航员是背景，韩朵朵本以为有更大的功能，结果后面只是结婚生了个孩子。,"['纯直', '视角', '无趣', '女性', '妻子', '母亲', '女儿', '不是', '战友', '女性', '发言人', '角色', '群像', '塑造', '不算', '顶多', '符号', '女性', '宇航员', '背景', '朵朵', '以为', '功能', '结果', '后面', '结婚', '孩子']",27,2,0.6161959171295166,正面,"[('，', 'OTHER', 5, 6), ('。', 'OTHER', 10, 11), ('，', 'OTHER', 22, 23), ('。', 'OTHER', 28, 29), ('连', 'PERSON', 36, 37), ('，', 'OTHER', 44, 45), ('，', 'OTHER', 51, 52), ('，', 'OTHER', 60, 61), ('，', 'OTHER', 73, 74), ('。', 'OTHER', 87, 88)]",['连'],[],[],[],"[('女性', 1.003811597103), ('群像', 0.5266690911), ('无趣', 0.5144879869650001), ('宇航员', 0.46329743318750005), ('视角', 0.45565929545949996), ('战友', 0.401427993125), ('塑造', 0.385415758125), ('符号', 0.36423062334199996), ('角色', 0.351117559184), ('不算', 0.345751791717), ('结婚', 0.3282195995975), ('妻子', 0.307935487608), ('女儿', 0.300786235311), ('背景', 0.2916607492485), ('母亲', 0.29125475076499996), ('功能', 0.275588624043), ('孩子', 0.25906801382350003), ('结果', 0.247280835067)]","['女性', '群像', '无趣', '宇航员', '视角', '战友', '塑造', '符号', '角色', '不算', '结婚', '妻子', '女儿', '背景', '母亲', '功能', '孩子', '结果']",False,0.007234146712622868,0.9711582579608551,0.007275128475212544,1,"[('视角', '中性', 0.0, '纯直男视角，无趣级了', []), ('无趣', '中性', 0.0, '直男视角，无趣级了。女性', []), ('女性', '中性', 0.0, '无趣级了。女性是妻子是母', []), ('妻子', '中性', 0.0, '了。女性是妻子是母亲是女', []), ('母亲', '中性', 0.0, '性是妻子是母亲是女儿，但', []), ('女儿', '中性', 0.0, '子是母亲是女儿，但不是战', []), ('战友', '中性', 0.0, '儿，但不是战友。女性发言', []), ('女性', '中性', 0.0, '无趣级了。女性是妻子是母', []), ('发言人', '中性', 0.0, '战友。女性发言人角色连群像', []), ('角色', '中性', 0.0, '女性发言人角色连群像塑造', []), ('群像', '中性', 0.0, '言人角色连群像塑造都不算', []), ('符号', '中性', 0.0, '，顶多是个符号，女性宇航', []), ('女性', '中性', 0.0, '无趣级了。女性是妻子是母', []), ('宇航员', '中性', 0.0, '符号，女性宇航员是背景，韩', []), ('背景', '中性', 0.0, '性宇航员是背景，韩朵朵本', []), ('功能', '中性', 0.0, '为有更大的功能，结果后面', []), ('结果', '中性', 0.0, '大的功能，结果后面只是结', []), ('孩子', '中性', 0.0, '结婚生了个孩子。', [])]",无,无,无,无,无,无,中性,中性,无,无,0.007163437793687491,0.00716902905762192,
豆瓣电影,特效五星，创意五星，但是作为女性，我给它扣两星。图恒宇开车转头导致妻女车祸身亡，他却只对女儿思念愧疚追忆，妻子仿佛就是生育工具，此后只字未提，为了女儿还多次置拯救人类大事业于旁，强行凹父爱人设讨人嫌。韩朵朵作为本片中一开始与刘培强两人强强组合的女性角色，最后也安排了一个相夫教子，得病去世的结局，沦为体现刘培强铁汉柔情好丈夫好爸爸人设和走上英雄之路上的重要工具人。还有多次巧合的卡时间成功发射和成功启动来制造紧张感，让人略感不适，巧合多了反而弄巧成拙。,3,DJLily,2023-01-31 23:45:01,35267208,特效五星，创意五星，但是作为女性，我给它扣两星。图恒宇开车转头导致妻女车祸身亡，他却只对女儿思念愧疚追忆，妻子仿佛就是生育工具，此后只字未提，为了女儿还多次置拯救人类大事业于旁，强行凹父爱人设讨人嫌。韩朵朵作为本片中一开始与刘培强两人强强组合的女性角色，最后也安排了一个相夫教子，得病去世的结局，沦为体现刘培强铁汉柔情好丈夫好爸爸人设和走上英雄之路上的重要工具人。还有多次巧合的卡时间成功发射和成功启动来制造紧张感，让人略感不适，巧合多了反而弄巧成拙。,"['特效', '五星', '创意', '五星', '作为', '女性', '两星', '图恒宇', '开车', '转头', '导致', '妻女', '车祸', '身亡', '女儿', '思念', '愧疚', '追忆', '妻子', '仿佛', '生育', '工具', '此后', '只字未提', '为了', '女儿', '多次', '拯救', '人类', '事业', '强行', '父爱', '人设', '讨人嫌', '朵朵', '作为', '本片', '中一', '开始', '刘培强', '两人', '强强', '组合', '女性', '角色', '最后', '安排', '相夫教子', '得病', '去世', '结局', '沦为', '体现', '刘培强', '铁汉', '柔情', '丈夫', '爸爸', '人设', '走上', '英雄', '路上', '重要', '工具', '多次', '巧合', '时间', '成功', '发射', '成功', '启动', '制造', '紧张感', '人略感', '不适', '巧合', '反而', '弄巧成拙']",78,2,0.5675161480903625,正面,"[('五星', 'OTHER', 2, 4), ('，', 'OTHER', 4, 5), ('五星', 'OTHER', 7, 9), ('，', 'OTHER', 9, 10), ('，', 'OTHER', 16, 17), ('。', 'OTHER', 23, 24), ('图恒宇', 'PERSON', 24, 27), ('，', 'OTHER', 39, 40), ('，', 'OTHER', 52, 53), ('，', 'OTHER', 63, 64), ('，', 'OTHER', 70, 71), ('，', 'OTHER', 88, 89), ('。', 'OTHER', 99, 100), ('刘培强', 'PERSON', 112, 115), ('，', 'OTHER', 126, 127), ('，', 'OTHER', 139, 140), ('去世', 'TIME', 142, 144), ('，', 'OTHER', 147, 148), ('刘培强', 'PERSON', 152, 155), ('英雄', 'LOCATION', 170, 172), ('。', 'OTHER', 181, 182), ('，', 'OTHER', 207, 208), ('，', 'OTHER', 214, 215), ('。', 'OTHER', 225, 226)]","['图恒宇', '刘培强', '刘培强']",['英雄'],[],[],"[('巧合', 0.3501088846057143), ('女性', 0.27314601281714285), ('人设', 0.26954143819183674), ('本片', 0.2553955773653061), ('铁汉', 0.2508416273367347), ('工具', 0.2496919851281633), ('紧张感', 0.2471207792387755), ('女儿', 0.24553978392734696), ('人略', 0.24397484699795918), ('父爱', 0.22254990568163266), ('强强', 0.21427510755714285), ('追忆', 0.20740832721836736), ('妻女', 0.1975748968734694), ('得病', 0.19612690226183674), ('车祸', 0.1947748739855102), ('转头', 0.1771494250387755), ('身亡', 0.17456265553591838), ('创意', 0.17306413576938776), ('作为', 0.1714452441612245), ('思念', 0.16840211048591838)]","['巧合', '女性', '人设', '本片', '铁汉', '工具', '紧张感', '女儿', '人略', '父爱', '强强', '追忆', '妻女', '得病', '车祸', '转头', '身亡', '创意', '作为', '思念']",True,0.9897808388616254,0.002556033085140503,0.00256327131667964,0,"[('五星', '中性', 0.0, '特效五星，创意五星', []), ('五星', '中性', 0.0, '特效五星，创意五星', []), ('女性', '中性', 0.0, '，但是作为女性，我给它扣', []), ('图恒宇', '中性', 0.0, '它扣两星。图恒宇开车转头导', []), ('妻女', '中性', 0.0, '车转头导致妻女车祸身亡，', []), ('车祸', '中性', 0.0, '头导致妻女车祸身亡，他却', []), ('女儿', '中性', 0.0, '，他却只对女儿思念愧疚追', []), ('思念', '中性', 0.0, '却只对女儿思念愧疚追忆，', []), ('妻子', '中性', 0.0, '愧疚追忆，妻子仿佛就是生', []), ('工具', '中性', 0.0, '佛就是生育工具，此后只字', []), ('只字未提', '中性', 0.0, '工具，此后只字未提，为了女儿', []), ('女儿', '中性', 0.0, '，他却只对女儿思念愧疚追', []), ('人类', '中性', 0.0, '多次置拯救人类大事业于旁', []), ('事业', '中性', 0.0, '拯救人类大事业于旁，强行', []), ('父爱', '中性', 0.0, '旁，强行凹父爱人设讨人嫌', []), ('讨人嫌', '中性', 0.0, '凹父爱人设讨人嫌。韩朵朵作', []), ('本片', '中性', 0.0, '韩朵朵作为本片中一开始与', []), ('刘培强', '中性', 0.0, '中一开始与刘培强两人强强组', []), ('女性', '中性', 0.0, '，但是作为女性，我给它扣', []), ('角色', '中性', 0.0, '组合的女性角色，最后也安', []), ('相夫教子', '中性', 0.0, '安排了一个相夫教子，得病去世', []), ('结局', '中性', 0.0, '得病去世的结局，沦为体现', []), ('刘培强', '中性', 0.0, '中一开始与刘培强两人强强组', []), ('铁汉', '正面', 0.3333333333333333, '体现刘培强铁汉柔情好丈夫', [('好', 1.0)]), ('丈夫', '正面', 0.6666666666666666, '铁汉柔情好丈夫好爸爸人设', [('好', 1.0), ('好', 1.0)]), ('爸爸', '正面', 0.3333333333333333, '情好丈夫好爸爸人设和走上', [('好', 1.0)]), ('人设', '中性', 0.0, '强行凹父爱人设讨人嫌。韩', []), ('英雄', '中性', 0.0, '人设和走上英雄之路上的重', []), ('工具', '中性', 0.0, '佛就是生育工具，此后只字', []), ('时间', '中性', 0.0, '次巧合的卡时间成功发射和', []), ('紧张感', '中性', 0.0, '启动来制造紧张感，让人略感', []), ('人略', '中性', 0.0, '紧张感，让人略感不适，巧', [])]",无,无,无,中性,无,无,中性,中性,无,无,0.0025458294659842233,0.002554027270570188,韩朵朵作为本片中一开始与刘培强两人强强组合的女性角色，最后也安排了一个相夫教子，得病去世的结局，沦为体现刘培强铁汉柔情好丈夫好爸爸人设和走上英雄之路上的重要工具人。
豆瓣电影,感谢罗兰·艾默里奇的好兄弟郭帆为我们奉上的《月球陨落》姊妹篇，请让我代表全人类向剧组致敬，献上比《月球陨落》多一星的敬意 p.s. 真的有人觉得这特效是进步了吗 p.p.s. 现在看完半个小时我已经忘了发生了些啥？,1,圆首的秘书,2023-01-22 23:40:47,35267208,感谢罗兰艾默里奇的好兄弟郭帆为我们奉上的《月球陨落》姊妹篇，请让我代表全人类向剧组致敬，献上比《月球陨落》多一星的敬意 ps 真的有人觉得这特效是进步了吗 pps 现在看完半个小时我已经忘了发生了些啥？,"['感谢', '罗兰', '艾默里', '兄弟', '郭帆', '我们', '奉上', '月球', '陨落', '姊妹篇', '代表', '全人类', '剧组', '致敬', '献上', '月球', '陨落', '多一星', '敬意', 'ps', '真的', '有人', '觉得', '特效', '进步', 'pps', '现在', '半个', '小时', '已经', '发生']",31,2,0.4714647233486175,正面,"[('罗兰', 'LOCATION', 2, 4), ('郭帆', 'PERSON', 12, 14), ('《', 'OTHER', 20, 21), ('》', 'OTHER', 25, 26), ('，', 'OTHER', 29, 30), ('，', 'OTHER', 43, 44), ('《', 'OTHER', 47, 48), ('》', 'OTHER', 52, 53), (' ', 'OTHER', 59, 60), (' ', 'OTHER', 62, 63), (' ', 'OTHER', 77, 78), (' ', 'OTHER', 81, 82), ('现在', 'TIME', 82, 84), ('？', 'OTHER', 100, 101)]",['郭帆'],['罗兰'],[],[],"[('陨落', 1.2829347504000002), ('月球', 0.9820844784764705), ('姊妹篇', 0.7530626684294118), ('剧组', 0.6021832944588236), ('致敬', 0.5645066211041176), ('罗兰', 0.5584681414535294), ('全人类', 0.5577551202458824), ('献上', 0.5444874560488235), ('敬意', 0.5350974474847059), ('感谢', 0.44071463887764706), ('小时', 0.33799353407117644), ('兄弟', 0.33797663318588234), ('代表', 0.29175215201117644), ('觉得', 0.28405352528588235), ('发生', 0.2558205045647059)]","['陨落', '月球', '姊妹篇', '剧组', '致敬', '罗兰', '全人类', '献上', '敬意', '感谢', '小时', '兄弟', '代表', '觉得', '发生']",True,0.006323014462000793,0.006302443673257321,0.9747686855871301,2,"[('罗兰', '中性', 0.0, '感谢罗兰艾默里奇的', []), ('艾默里', '正面', 0.3333333333333333, '感谢罗兰艾默里奇的好兄弟', [('好', 1.0)]), ('兄弟', '正面', 0.3333333333333333, '默里奇的好兄弟郭帆为我们', [('好', 1.0)]), ('郭帆', '正面', 0.3333333333333333, '奇的好兄弟郭帆为我们奉上', [('好', 1.0)]), ('月球', '中性', 0.0, '们奉上的《月球陨落》姊妹', []), ('陨落', '中性', 0.0, '上的《月球陨落》姊妹篇，', []), ('姊妹篇', '中性', 0.0, '月球陨落》姊妹篇，请让我代', []), ('代表', '中性', 0.0, '篇，请让我代表全人类向剧', []), ('全人类', '中性', 0.0, '请让我代表全人类向剧组致敬', []), ('剧组', '中性', 0.0, '表全人类向剧组致敬，献上', []), ('月球', '中性', 0.0, '们奉上的《月球陨落》姊妹', []), ('陨落', '中性', 0.0, '上的《月球陨落》姊妹篇，', []), ('小时', '中性', 0.0, '在看完半个小时我已经忘了', [])]",无,无,无,无,无,无,无,无,无,无,0.006296418473476483,0.006309437804135266,感谢罗兰艾默里奇的好兄弟郭帆为我们奉上的《月球陨落》姊妹篇，请让我代表全人类向剧组致敬，献上比《月球陨落》多一星的敬意 ps 真的有人觉得这特效是进步了吗 pps 现在看完半个小时我已经忘了发生了些啥。
豆瓣电影,当年看完第一部还是蛮喜欢的，觉得它试图在人类的有限里去探索一种无限，尽管这有很大的自我感动的嫌疑。但是这一部看完，不适的观感进一步加重了，尽可能放大所谓人类的情感联结，但是全片看下来超级累，满脑子蹦出来的都是四个字：大而“无用”。大之一，在于肿大，叙事上感觉特别冗余累赘，三条线串联得很笨，松散且有点重复。大之二，在于自大，甚至于接近膨胀的各种主义情绪滋生，这点就不展开说了。大之三，在于夸大，夸大的美学和场景设定，左淹自由女神像右爆悉尼歌剧院，东方明珠只露了个塔尖，鸟巢已经沉入海底了，大裤衩却只淹到脚底，当然这也并不影响啥，但就是觉得，没啥必要。而且，对所有一见面就揶揄女性自以为好笑的直男台词感到反感。工业层面看自然是无懈可击的，第一步也已经迈出去了，但总归是觉得，好像有点使劲错了方向。,3,朝阳区妻夫木聪,2023-01-22 23:33:33,35267208,当年看完第一部还是蛮喜欢的，觉得它试图在人类的有限里去探索一种无限，尽管这有很大的自我感动的嫌疑。但是这一部看完，不适的观感进一步加重了，尽可能放大所谓人类的情感联结，但是全片看下来超级累，满脑子蹦出来的都是四个字：大而无用。大之一，在于肿大，叙事上感觉特别冗余累赘，三条线串联得很笨，松散且有点重复。大之二，在于自大，甚至于接近膨胀的各种主义情绪滋生，这点就不展开说了。大之三，在于夸大，夸大的美学和场景设定，左淹自由女神像右爆悉尼歌剧院，东方明珠只露了个塔尖，鸟巢已经沉入海底了，大裤衩却只淹到脚底，当然这也并不影响啥，但就是觉得，没啥必要。而且，对所有一见面就揶揄女性自以为好笑的直男台词感到反感。工业层面看自然是无懈可击的，第一步也已经迈出去了，但总归是觉得，好像有点使劲错了方向。,"['当年', '第一部', '喜欢', '觉得', '试图', '人类', '有限', '探索', '一种', '无限', '尽管', '这有', '很大', '自我', '感动', '嫌疑', '一部', '不适', '观感', '进一步', '加重', '尽可能', '放大', '所谓', '人类', '情感', '联结', '全片', '下来', '超级', '满脑子', '蹦出来', '四个', '大而', '无用', '在于', '肿大', '叙事', '感觉', '特别', '冗余', '累赘', '三条', '串联', '松散', '有点', '重复', '之二', '在于', '自大', '甚至于', '接近', '膨胀', '各种', '主义', '情绪', '滋生', '这点', '展开', '之三', '在于', '夸大', '夸大', '美学', '场景', '设定', '左淹', '自由', '女神像', '右爆', '悉尼歌剧院', '东方明珠', '只露', '塔尖', '鸟巢', '已经', '沉入', '海底', '裤衩', '淹到', '脚底', '当然', '影响', '觉得', '必要', '所有', '见面', '揶揄', '女性', '以为', '好笑', '台词', '感到', '反感', '工业', '层面', '自然', '无懈可击', '第一步', '已经', '迈出', '总归', '觉得', '好像', '有点', '使劲', '方向']",107,2,0.518372654914856,正面,"[('当年', 'TIME', 0, 2), ('，', 'OTHER', 13, 14), ('，', 'OTHER', 33, 34), ('。', 'OTHER', 48, 49), ('，', 'OTHER', 56, 57), ('，', 'OTHER', 68, 69), ('，', 'MOVIE', 83, 84), ('下来', 'TIME', 89, 91), ('，', 'OTHER', 94, 95), ('：', 'OTHER', 107, 108), ('。', 'OTHER', 112, 113), ('，', 'OTHER', 116, 117), ('，', 'OTHER', 121, 122), ('，', 'OTHER', 133, 134), ('串联', 'LOCATION', 137, 139), ('，', 'OTHER', 142, 143), ('。', 'OTHER', 150, 151), ('，', 'OTHER', 154, 155), ('，', 'OTHER', 159, 160), ('，', 'OTHER', 176, 177), ('。', 'OTHER', 185, 186), ('，', 'OTHER', 189, 190), ('，', 'OTHER', 194, 195), ('，', 'OTHER', 205, 206), ('左淹', 'PERSON', 206, 208), ('悉尼歌剧院', 'ORGANIZATION', 215, 220), ('，', 'MUSIC', 220, 221), ('东方明珠', 'PERSON', 221, 225), ('塔尖', 'PERSON', 229, 231), ('，', 'OTHER', 231, 232), ('，', 'OTHER', 241, 242), ('，', 'OTHER', 251, 252), ('，', 'OTHER', 261, 262), ('，', 'OTHER', 267, 268), ('。', 'OTHER', 272, 273), ('，', 'OTHER', 275, 276), ('。', 'OTHER', 301, 302), ('，', 'OTHER', 315, 316), ('，', 'OTHER', 326, 327), ('，', 'OTHER', 333, 334), ('。', 'OTHER', 344, 345)]","['左淹', '东方明珠', '塔尖']",['串联'],['悉尼歌剧院'],[],"[('在于', 0.280876167048871), ('夸大', 0.2756158508806451), ('觉得', 0.23365693209000002), ('淹到', 0.19530513197903226), ('只露', 0.19281883069193548), ('全片', 0.18706600901612902), ('女神像', 0.18163903745806453), ('人类', 0.1816343416032258), ('有点', 0.18059393087419356), ('蹦出来', 0.17509927765), ('裤衩', 0.17434895481612905), ('观感', 0.17045924422258066), ('揶揄', 0.16110733300887095), ('总归', 0.15899397393774192), ('鸟巢', 0.157379724606129), ('脚底', 0.14960814255951613), ('台词', 0.14914060164225806), ('肿大', 0.1480996577529032), ('串联', 0.14739522124483873), ('沉入', 0.1431741472762903)]","['在于', '夸大', '觉得', '淹到', '只露', '全片', '女神像', '人类', '有点', '蹦出来', '裤衩', '观感', '揶揄', '总归', '鸟巢', '脚底', '台词', '肿大', '串联', '沉入']",True,0.0018486783813671337,0.00184724784295728,0.001854752904899536,4,"[('人类', '中性', 0.0, '得它试图在人类的有限里去', []), ('观感', '中性', 0.0, '完，不适的观感进一步加重', []), ('人类', '中性', 0.0, '得它试图在人类的有限里去', []), ('情感', '中性', 0.0, '所谓人类的情感联结，但是', []), ('全片', '中性', 0.0, '联结，但是全片看下来超级', []), ('满脑子', '中性', 0.0, '来超级累，满脑子蹦出来的都', []), ('感觉', '中性', 0.0, '大，叙事上感觉特别冗余累', []), ('串联', '中性', 0.0, '赘，三条线串联得很笨，松', []), ('有点', '中性', 0.0, '笨，松散且有点重复。大之', []), ('主义', '中性', 0.0, '膨胀的各种主义情绪滋生，', []), ('情绪', '中性', 0.0, '的各种主义情绪滋生，这点', []), ('美学', '中性', 0.0, '大，夸大的美学和场景设定', []), ('场景', '中性', 0.0, '大的美学和场景设定，左淹', []), ('左淹', '中性', 0.0, '场景设定，左淹自由女神像', []), ('女神像', '中性', 0.0, '，左淹自由女神像右爆悉尼歌', []), ('悉尼歌剧院', '中性', 0.0, '女神像右爆悉尼歌剧院，东方明珠', []), ('东方明珠', '中性', 0.0, '尼歌剧院，东方明珠只露了个塔', []), ('塔尖', '中性', 0.0, '珠只露了个塔尖，鸟巢已经', []), ('鸟巢', '中性', 0.0, '了个塔尖，鸟巢已经沉入海', []), ('裤衩', '中性', 0.0, '海底了，大裤衩却只淹到脚', []), ('脚底', '中性', 0.0, '衩却只淹到脚底，当然这也', []), ('见面', '中性', 0.0, '，对所有一见面就揶揄女性', []), ('女性', '中性', 0.0, '见面就揶揄女性自以为好笑', []), ('台词', '中性', 0.0, '好笑的直男台词感到反感。', []), ('工业', '中性', 0.0, '感到反感。工业层面看自然', []), ('层面', '中性', 0.0, '反感。工业层面看自然是无', []), ('有点', '中性', 0.0, '笨，松散且有点重复。大之', []), ('方向', '中性', 0.0, '点使劲错了方向。', [])]",无,无,无,中性,无,无,无,中性,无,无,0.0018459260833840207,0.992603394787392,大之三，在于夸大，夸大的美学和场景设定，左淹自由女神像右爆悉尼歌剧院，东方明珠只露了个塔尖，鸟巢已经沉入海底了，大裤衩却只淹到脚底，当然这也并不影响啥，但就是觉得，没啥必要。
豆瓣电影,四星半。《流浪地球2》比第一部进步很多，并将国产科幻大片提升到了前所未有的高度。世界观足够硬核，动作场面与特效更加恢弘也更加细致，尤其是对太空电梯的呈现，太惊艳了。剧作上也更扎实了，两次大型危机（太空电梯危机、月球坠落危机）、两种理念冲撞（数字生命计划与移山计划）、两个一体两面的主角……冲突线明晰，人物群像立体。同时，周喆直就是新时代的愚公，难怪这个角色要请李雪健老师来演。影片对愚公移山这样的中国精神有了更加丰富有力的传达，这也是区别于好莱坞大片的根本所在。,4,居无间,2023-01-22 12:33:12,35267208,四星半。《流浪地球》比第一部进步很多，并将国产科幻大片提升到了前所未有的高度。世界观足够硬核，动作场面与特效更加恢弘也更加细致，尤其是对太空电梯的呈现，太惊艳了。剧作上也更扎实了，两次大型危机（太空电梯危机、月球坠落危机）、两种理念冲撞（数字生命计划与移山计划）、两个一体两面的主角冲突线明晰，人物群像立体。同时，周喆直就是新时代的愚公，难怪这个角色要请李雪健老师来演。影片对愚公移山这样的中国精神有了更加丰富有力的传达，这也是区别于好莱坞大片的根本所在。,"['四星', '流浪', '地球', '第一部', '进步', '很多', '国产', '科幻', '大片', '提升', '前所未有', '高度', '世界观', '足够', '硬核', '动作', '场面', '特效', '更加', '恢弘', '更加', '细致', '尤其', '太空', '电梯', '呈现', '惊艳', '剧作', '扎实', '两次', '大型', '危机', '太空', '电梯', '危机', '月球', '坠落', '危机', '两种', '理念', '冲撞', '数字', '生命', '计划', '移山', '计划', '两个', '一体', '两面', '主角', '冲突', '明晰', '人物', '群像', '立体', '同时', '周喆直', '时代', '愚公', '难怪', '这个', '角色', '李雪健', '老师', '来演', '影片', '愚公移山', '中国', '精神', '更加', '丰富', '有力', '传达', '区别', '好莱坞', '大片', '根本', '所在']",78,2,0.5480659008026123,正面,"[('四星', 'OTHER', 0, 2), ('。', 'OTHER', 3, 4), ('《', 'OTHER', 4, 5), ('》', 'OTHER', 9, 10), ('，', 'OTHER', 18, 19), ('。', 'OTHER', 38, 39), ('世界观', 'OTHER', 39, 42), ('，', 'OTHER', 46, 47), ('，', 'OTHER', 63, 64), ('，', 'OTHER', 75, 76), ('。', 'OTHER', 80, 81), ('，', 'OTHER', 89, 90), ('（', 'OTHER', 96, 97), ('、', 'OTHER', 103, 104), ('）', 'OTHER', 110, 111), ('、', 'OTHER', 111, 112), ('（', 'OTHER', 118, 119), ('）', 'OTHER', 130, 131), ('、', 'OTHER', 131, 132), ('，', 'OTHER', 146, 147), ('。', 'OTHER', 153, 154), ('，', 'OTHER', 156, 157), ('周', 'PERSON', 157, 158), ('愚公', 'PERSON', 166, 168), ('，', 'OTHER', 168, 169), ('李雪健', 'PERSON', 177, 180), ('。', 'MOVIE', 184, 185), ('中国', 'LOCATION', 195, 197), ('，', 'OTHER', 210, 211), ('好莱坞', 'LOCATION', 217, 220), ('。', 'OTHER', 227, 228)]","['周', '愚公', '李雪健']","['中国', '好莱坞']",[],[],"[('电梯', 0.3769043631940426), ('危机', 0.3756817504870213), ('太空', 0.36317879306170214), ('大片', 0.3027697875306383), ('硬核', 0.28101128662553193), ('来演', 0.25435675538085106), ('科幻', 0.22814093237446806), ('移山', 0.22411450685106385), ('群像', 0.22411450685106385), ('计划', 0.21163813888170216), ('坠落', 0.19389757253595744), ('好莱坞', 0.19061777083765957), ('冲撞', 0.1880443110414894), ('流浪', 0.18648679180702127), ('月球', 0.17761102270319148), ('立体', 0.17688146794851065), ('剧作', 0.1740503377738298), ('主角', 0.17064137586340425), ('传达', 0.16679193049042554), ('国产', 0.16344845813361703)]","['电梯', '危机', '太空', '大片', '硬核', '来演', '科幻', '移山', '群像', '计划', '坠落', '好莱坞', '冲撞', '流浪', '月球', '立体', '剧作', '主角', '传达', '国产']",True,0.9897456650843894,0.0025552345685754914,0.0025812507001329033,0,"[('四星', '中性', 0.0, '四星半。《流浪', []), ('流浪', '中性', 0.0, '四星半。《流浪地球》比第', []), ('地球', '中性', 0.0, '半。《流浪地球》比第一部', []), ('国产', '中性', 0.0, '很多，并将国产科幻大片提', []), ('科幻', '中性', 0.0, '，并将国产科幻大片提升到', []), ('大片', '中性', 0.0, '将国产科幻大片提升到了前', []), ('高度', '中性', 0.0, '前所未有的高度。世界观足', []), ('世界观', '中性', 0.0, '有的高度。世界观足够硬核，', []), ('硬核', '中性', 0.0, '世界观足够硬核，动作场面', []), ('动作', '中性', 0.0, '足够硬核，动作场面与特效', []), ('场面', '中性', 0.0, '硬核，动作场面与特效更加', []), ('太空', '中性', 0.0, '，尤其是对太空电梯的呈现', []), ('电梯', '中性', 0.0, '其是对太空电梯的呈现，太', []), ('剧作', '正面', 0.3333333333333333, '太惊艳了。剧作上也更扎实', [('惊艳', 1.0)]), ('危机', '中性', 0.0, '，两次大型危机（太空电梯', []), ('太空', '中性', 0.0, '，尤其是对太空电梯的呈现', []), ('电梯', '中性', 0.0, '其是对太空电梯的呈现，太', []), ('危机', '中性', 0.0, '，两次大型危机（太空电梯', []), ('月球', '中性', 0.0, '电梯危机、月球坠落危机）', []), ('危机', '中性', 0.0, '，两次大型危机（太空电梯', []), ('理念', '中性', 0.0, '机）、两种理念冲撞（数字', []), ('数字', '中性', 0.0, '理念冲撞（数字生命计划与', []), ('计划', '中性', 0.0, '（数字生命计划与移山计划', []), ('移山', '中性', 0.0, '生命计划与移山计划）、两', []), ('计划', '中性', 0.0, '（数字生命计划与移山计划', []), ('一体', '中性', 0.0, '划）、两个一体两面的主角', []), ('主角', '中性', 0.0, '一体两面的主角冲突线明晰', []), ('人物', '中性', 0.0, '突线明晰，人物群像立体。', []), ('群像', '中性', 0.0, '明晰，人物群像立体。同时', []), ('立体', '中性', 0.0, '，人物群像立体。同时，周', []), ('时代', '中性', 0.0, '喆直就是新时代的愚公，难', []), ('愚公', '中性', 0.0, '是新时代的愚公，难怪这个', []), ('角色', '中性', 0.0, '，难怪这个角色要请李雪健', []), ('李雪健', '中性', 0.0, '个角色要请李雪健老师来演。', []), ('老师', '中性', 0.0, '要请李雪健老师来演。影片', []), ('影片', '中性', 0.0, '老师来演。影片对愚公移山', []), ('中国', '中性', 0.0, '移山这样的中国精神有了更', []), ('精神', '中性', 0.0, '这样的中国精神有了更加丰', []), ('有力', '正面', 0.3333333333333333, '了更加丰富有力的传达，这', [('丰富', 1.0)]), ('区别', '中性', 0.0, '达，这也是区别于好莱坞大', []), ('好莱坞', '中性', 0.0, '也是区别于好莱坞大片的根本', []), ('大片', '中性', 0.0, '将国产科幻大片提升到了前', [])]",无,中性,中性,无,中性,无,中性,无,无,中性,0.002563409159170221,0.0025544404877320026,剧作上也更扎实了，两次大型危机（太空电梯危机、月球坠落危机）、两种理念冲撞（数字生命计划与移山计划）、两个一体两面的主角冲突线明晰，人物群像立体。
豆瓣电影,野心满满，想讲的东西太多了，叙事节奏反而就出了大问题……整成了编年史,4,Made in Heaven,2023-01-22 16:09:28,35267208,野心满满，想讲的东西太多了，叙事节奏反而就出了大问题整成了编年史,"['野心', '满满', '东西', '太多', '叙事', '节奏', '反而', '问题', '整成', '编年史']",10,2,0.4699288010597229,正面,"[('，', 'OTHER', 4, 5), ('东西', 'LOCATION', 8, 10), ('，', 'OTHER', 13, 14)]",[],['东西'],[],[],"[('整成', 1.4224517070333333), ('想讲', 1.3283075003222222), ('编年史', 1.0708886416588888), ('满满', 1.0274130335355556), ('野心', 0.9650824327077778), ('叙事', 0.9603535866611111), ('节奏', 0.7581310664900001), ('东西', 0.5303649112022222), ('问题', 0.44039039700888893)]","['整成', '想讲', '编年史', '满满', '野心', '叙事', '节奏', '东西', '问题']",False,0.9265613865461724,0.01831175745204117,0.01846288239952208,0,"[('野心', '中性', 0.0, '野心满满，想讲', []), ('东西', '中性', 0.0, '满，想讲的东西太多了，叙', []), ('节奏', '中性', 0.0, '多了，叙事节奏反而就出了', []), ('问题', '中性', 0.0, '而就出了大问题整成了编年', []), ('编年史', '中性', 0.0, '问题整成了编年史', [])]",无,无,无,无,无,无,无,无,无,无,0.018296900355026537,0.01836707324723784,
豆瓣电影,进步不应仅局限于特效，还包括如何看待女性，价值观突破和技术飞跃一样重要，真正大片是两条腿走路。,3,shininglove,2023-01-25 18:32:05,35267208,进步不应仅局限于特效，还包括如何看待女性，价值观突破和技术飞跃一样重要，真正大片是两条腿走路。,"['进步', '不应', '局限于', '特效', '包括', '看待', '女性', '价值观', '突破', '技术', '飞跃', '一样', '重要', '真正', '大片', '两条腿走']",16,2,0.4426750540733337,正面,"[('，', 'OTHER', 10, 11), ('，', 'OTHER', 20, 21), ('，', 'MOVIE', 35, 36), ('。', 'OTHER', 46, 47)]",[],[],[],[],"[('飞跃', 0.883177344976), ('价值观', 0.8806927451170001), ('局限于', 0.859240995457), ('看待', 0.742216800977), ('不应', 0.740541209604), ('大片', 0.711509000697), ('女性', 0.669207731402), ('突破', 0.562428294711), ('技术', 0.471945717857), ('包括', 0.42236516492299997)]","['飞跃', '价值观', '局限于', '看待', '不应', '大片', '女性', '突破', '技术', '包括']",False,0.9525711439801927,0.0118376814286664,0.011947673997265469,0,"[('局限于', '中性', 0.0, '进步不应仅局限于特效，还包', []), ('女性', '中性', 0.0, '括如何看待女性，价值观突', []), ('价值观', '中性', 0.0, '看待女性，价值观突破和技术', []), ('技术', '中性', 0.0, '值观突破和技术飞跃一样重', []), ('大片', '中性', 0.0, '重要，真正大片是两条腿走', []), ('两条腿走', '中性', 0.0, '真正大片是两条腿走路。', [])]",无,无,无,无,无,无,无,中性,无,无,0.011830030414807142,0.011813470179068005,
豆瓣电影,所以为什么图恒宇只惦记他女儿。。那他老婆也是那场车祸一起去世的啊。。啊我真的是，中国女人的一生就只有母亲和妻子的身份了吗。还有韩朵朵作为一个医疗兵，连救治伤员的戏份都没有，那她存在的意义是？只为了突出刘培强是个可以保护老婆的好丈夫？,4,见鹿,2023-01-29 00:08:22,35267208,所以为什么图恒宇只惦记他女儿。。那他老婆也是那场车祸一起去世的啊。。啊我真的是，中国女人的一生就只有母亲和妻子的身份了吗。还有韩朵朵作为一个医疗兵，连救治伤员的戏份都没有，那她存在的意义是？只为了突出刘培强是个可以保护老婆的好丈夫？,"['所以', '为什么', '图恒宇', '惦记', '女儿', '老婆', '那场', '车祸', '一起', '去世', '真的', '中国', '女人', '一生', '母亲', '妻子', '身份', '朵朵', '作为', '医疗', '救治', '伤员', '戏份', '存在', '意义', '为了', '突出', '刘培强', '保护', '老婆', '丈夫']",31,2,0.5702621936798096,正面,"[('图恒宇', 'PERSON', 5, 8), ('。', 'OTHER', 14, 15), ('。', 'OTHER', 15, 16), ('去世', 'TIME', 28, 30), ('。', 'OTHER', 32, 33), ('。', 'OTHER', 33, 34), ('，', 'OTHER', 39, 40), ('中国', 'LOCATION', 40, 42), ('。', 'OTHER', 60, 61), ('，', 'OTHER', 73, 74), ('连', 'PERSON', 74, 75), ('，', 'OTHER', 85, 86), ('？', 'OTHER', 94, 95), ('刘培强', 'PERSON', 100, 103), ('？', 'OTHER', 115, 116)]","['图恒宇', '连', '刘培强']",['中国'],[],[],"[('老婆', 0.6101372648690909), ('戏份', 0.5319751397545455), ('惦记', 0.4355995244745454), ('车祸', 0.4338167647859091), ('救治', 0.37961825304909086), ('伤员', 0.37856925544545456), ('身份', 0.3000707358754546), ('医疗', 0.29894759480772726), ('丈夫', 0.2915483790381818), ('妻子', 0.2799413523709091), ('女儿', 0.2734420321009091), ('突出', 0.27241027533), ('母亲', 0.26477704615), ('意义', 0.25454094050545456), ('女人', 0.2518032065340909), ('保护', 0.2454092851009091), ('存在', 0.207750540315), ('作为', 0.19092765827045455), ('还有', 0.18307496849636362), ('没有', 0.1414919802340909)]","['老婆', '戏份', '惦记', '车祸', '救治', '伤员', '身份', '医疗', '丈夫', '妻子', '女儿', '突出', '母亲', '意义', '女人', '保护', '存在', '作为', '还有', '没有']",True,0.9747706555669681,0.00630941979841606,0.006334952308219297,0,"[('图恒宇', '中性', 0.0, '所以为什么图恒宇只惦记他女', []), ('女儿', '中性', 0.0, '宇只惦记他女儿。。那他老', []), ('老婆', '中性', 0.0, '儿。。那他老婆也是那场车', []), ('车祸', '中性', 0.0, '婆也是那场车祸一起去世的', []), ('中国', '中性', 0.0, '我真的是，中国女人的一生', []), ('女人', '中性', 0.0, '的是，中国女人的一生就只', []), ('母亲', '中性', 0.0, '一生就只有母亲和妻子的身', []), ('妻子', '中性', 0.0, '只有母亲和妻子的身份了吗', []), ('身份', '中性', 0.0, '亲和妻子的身份了吗。还有', []), ('医疗', '中性', 0.0, '朵作为一个医疗兵，连救治', []), ('伤员', '中性', 0.0, '兵，连救治伤员的戏份都没', []), ('戏份', '中性', 0.0, '救治伤员的戏份都没有，那', []), ('意义', '中性', 0.0, '那她存在的意义是？只为了', []), ('刘培强', '中性', 0.0, '只为了突出刘培强是个可以保', []), ('老婆', '中性', 0.0, '儿。。那他老婆也是那场车', []), ('丈夫', '正面', 0.3333333333333333, '护老婆的好丈夫？', [('好', 1.0)])]",无,中性,无,无,无,无,无,无,无,无,0.006295070565488571,0.0062899017609079596,那他老婆也是那场车祸一起去世的啊。
豆瓣电影,笨笨  你是条军犬！,4,漂亮宝贝不干了,2023-01-22 20:58:51,35267208,笨笨 你是条军犬！,"['笨笨', '军犬']",2,2,0.4490859806537628,正面,"[(' ', 'OTHER', 2, 3), ('！', 'OTHER', 8, 9)]",[],[],[],[],"[('军犬', 13.2075304714)]",['军犬'],False,0.0666712055651509,0.06667485989846962,0.06667150863677339,4,"[('军犬', '中性', 0.0, '笨 你是条军犬！', [])]",无,无,无,无,无,无,无,无,无,无,0.06667329989518322,0.7333091260044229,
豆瓣电影,仿佛被绑在过年的饭桌上，喂了满嘴仁义道德…………,2,妮妮小豆,2023-02-05 16:21:19,35267208,仿佛被绑在过年的饭桌上，喂了满嘴仁义道德,"['仿佛', '被绑', '过年', '饭桌', '满嘴', '仁义道德']",6,2,0.4766518473625183,正面,"[('过年', 'TIME', 5, 7), ('，', 'OTHER', 11, 12), ('满嘴', 'LOCATION', 14, 16), ('仁义道德', 'PERSON', 16, 20)]",['仁义道德'],['满嘴'],[],[],"[('被绑', 3.4299199131000004), ('满嘴', 3.1899814372299997), ('饭桌', 2.98161686479)]","['被绑', '满嘴', '饭桌']",False,0.02866393385137566,0.028577744742081572,0.028575161518648452,3,"[('饭桌', '中性', 0.0, '绑在过年的饭桌上，喂了满', []), ('满嘴', '中性', 0.0, '桌上，喂了满嘴仁义道德', []), ('仁义道德', '中性', 0.0, '，喂了满嘴仁义道德', [])]",无,无,无,无,无,无,无,无,无,无,0.8856073195401493,0.028575840347744977,
豆瓣电影,建议前面一小时一剪没。,4,麻薯奶油波波兔,2023-01-23 12:15:10,35267208,建议前面一小时一剪没。,"['建议', '前面', '小时', '一剪']",4,1,0.378506064414978,中性,"[('。', 'OTHER', 10, 11)]",[],[],[],[],"[('小时', 2.872945039605), ('建议', 2.615811055625)]","['小时', '建议']",False,0.8395869622740753,0.04000806489579533,0.04024129875212805,0,"[('建议', '中性', 0.0, '建议前面一小时', []), ('小时', '中性', 0.0, '建议前面一小时一剪没。', [])]",无,无,无,无,无,无,无,无,无,无,0.040006529481041705,0.040157144596959515,
豆瓣电影,比第一部的视野磅礴，有更加深入的思考，尤其是刘德华的那条数字生命计划线，也是为第三部埋下的彩蛋。特别不喜欢李雪健最后点火时的迷之自信和沙溢的50岁以上出列，充斥着强烈的自我感动和群体绑架。最喜欢的人物是宁理的马兆，代表理性之光，只有在他那里，人类存在的意义和人类之于万物的地位才是最理性的。,4,影随茵动,2023-01-24 23:20:34,35267208,比第一部的视野磅礴，有更加深入的思考，尤其是刘德华的那条数字生命计划线，也是为第三部埋下的彩蛋。特别不喜欢李雪健最后点火时的迷之自信和沙溢的岁以上出列，充斥着强烈的自我感动和群体绑架。最喜欢的人物是宁理的马兆，代表理性之光，只有在他那里，人类存在的意义和人类之于万物的地位才是最理性的。,"['第一部', '视野', '磅礴', '更加', '深入', '思考', '尤其', '刘德华', '那条', '数字', '生命', '计划', '第三部', '埋下', '彩蛋', '特别', '喜欢', '李雪健', '最后', '点火', '自信', '沙溢', '以上', '充斥', '强烈', '自我', '感动', '群体', '绑架', '喜欢', '人物', '宁理', '马兆', '代表', '理性', '之光', '那里', '人类', '存在', '意义', '人类', '万物', '地位', '理性']",44,2,0.6427984833717346,正面,"[('，', 'OTHER', 9, 10), ('，', 'OTHER', 18, 19), ('刘德华', 'PERSON', 22, 25), ('，', 'OTHER', 35, 36), ('。', 'OTHER', 47, 48), ('李雪健', 'PERSON', 53, 56), ('沙溢', 'PERSON', 67, 69), ('，', 'OTHER', 75, 76), ('。', 'OTHER', 91, 92), ('马兆', 'PERSON', 102, 104), ('，', 'OTHER', 104, 105), ('，', 'OTHER', 111, 112), ('，', 'OTHER', 118, 119), ('。', 'OTHER', 142, 143)]","['刘德华', '李雪健', '沙溢', '马兆']",[],[],[],"[('理性', 0.5118148714703703), ('彩蛋', 0.4427691667740741), ('喜欢', 0.4224139557792593), ('人类', 0.41708626590370373), ('磅礴', 0.3876552017592592), ('充斥', 0.32852739742888887), ('埋下', 0.32804639018740744), ('绑架', 0.3203112675529629), ('点火', 0.31169928587), ('视野', 0.2928413416544445), ('自信', 0.28832538987), ('万物', 0.28719808867814817), ('思考', 0.26916145254444446), ('感动', 0.26285823682851855), ('群体', 0.25687397431), ('数字', 0.2398266579611111), ('深入', 0.2370015997811111), ('生命', 0.22722624336592592), ('人物', 0.21445371905185184), ('意义', 0.20740372930074075)]","['理性', '彩蛋', '喜欢', '人类', '磅礴', '充斥', '埋下', '绑架', '点火', '视野', '自信', '万物', '思考', '感动', '群体', '数字', '深入', '生命', '人物', '意义']",True,0.004511282918511673,0.004481920431686077,0.982044962885579,2,"[('视野', '中性', 0.0, '比第一部的视野磅礴，有更', []), ('刘德华', '中性', 0.0, '考，尤其是刘德华的那条数字', []), ('数字', '中性', 0.0, '德华的那条数字生命计划线', []), ('计划', '中性', 0.0, '条数字生命计划线，也是为', []), ('彩蛋', '中性', 0.0, '三部埋下的彩蛋。特别不喜', []), ('李雪健', '正面', 0.3333333333333333, '特别不喜欢李雪健最后点火时', [('喜欢', 1.0)]), ('迷之', '中性', 0.0, '后点火时的迷之自信和沙溢', []), ('沙溢', '中性', 0.0, '迷之自信和沙溢的岁以上出', []), ('群体', '正面', 0.3333333333333333, '自我感动和群体绑架。最喜', [('感动', 1.0)]), ('人物', '正面', 0.3333333333333333, '。最喜欢的人物是宁理的马', [('喜欢', 1.0)]), ('马兆', '中性', 0.0, '物是宁理的马兆，代表理性', []), ('代表', '中性', 0.0, '理的马兆，代表理性之光，', []), ('理性', '中性', 0.0, '马兆，代表理性之光，只有', []), ('人类', '中性', 0.0, '在他那里，人类存在的意义', []), ('意义', '中性', 0.0, '人类存在的意义和人类之于', []), ('人类', '中性', 0.0, '在他那里，人类存在的意义', []), ('万物', '中性', 0.0, '和人类之于万物的地位才是', []), ('地位', '中性', 0.0, '之于万物的地位才是最理性', []), ('理性', '中性', 0.0, '马兆，代表理性之光，只有', [])]",无,无,无,中性,无,无,无,无,中性,无,0.004478982225672874,0.004482851538550398,最喜欢的人物是宁理的马兆，代表理性之光，只有在他那里，人类存在的意义和人类之于万物的地位才是最理性的。
豆瓣电影,不要破坏太空电梯！我以后要坐的！,5,Exodus,2023-01-23 19:23:03,35267208,不要破坏太空电梯！我以后要坐的！,"['不要', '破坏', '太空', '电梯', '以后']",5,2,0.4416120052337646,正面,"[('！', 'OTHER', 8, 9), ('！', 'OTHER', 15, 16)]",[],[],[],[],"[('电梯', 2.952417511686667), ('太空', 2.8449005456500003), ('破坏', 2.0367984237566668)]","['电梯', '太空', '破坏']",False,0.033777110593752054,0.0335722745159626,0.8654708094452525,2,"[('太空', '中性', 0.0, '不要破坏太空电梯！我以', []), ('电梯', '中性', 0.0, '要破坏太空电梯！我以后要', [])]",无,无,无,无,无,无,无,无,无,无,0.03362034375000522,0.033559461695027736,
豆瓣电影,跟1相比更加硬核科幻，但感染共情力下降了。我知道集体主义能够救世界，但太缺少末日的精神关怀了。地球都要完犊子了居然还要每个人当好螺丝钉，想想就很绝望...（我承认我觉悟低）,3,同志亦凡人中文站,2023-04-17 13:55:56,35267208,跟相比更加硬核科幻，但感染共情力下降了。我知道集体主义能够救世界，但太缺少末日的精神关怀了。地球都要完犊子了居然还要每个人当好螺丝钉，想想就很绝望（我承认我觉悟低）,"['相比', '更加', '硬核', '科幻', '感染', '情力', '下降', '知道', '集体主义', '能够', '世界', '缺少', '末日', '精神', '关怀', '地球', '犊子', '居然', '还要', '每个', '当好', '螺丝钉', '想想', '绝望', '承认', '觉悟']",26,2,0.4922799468040466,正面,"[('，', 'OTHER', 9, 10), ('。', 'OTHER', 19, 20), ('，', 'OTHER', 32, 33), ('末日', 'TIME', 37, 39), ('关怀', 'PERSON', 42, 44), ('。', 'OTHER', 45, 46), ('，', 'OTHER', 66, 67), ('（', 'OTHER', 73, 74), ('）', 'OTHER', 81, 82)]",['关怀'],[],[],[],"[('硬核', 0.6951331827052631), ('共情', 0.6291982896263157), ('集体主义', 0.6159712144526316), ('犊子', 0.5890856553105263), ('螺丝钉', 0.5824981214684211), ('科幻', 0.5643486221894737), ('觉悟', 0.45714431023), ('绝望', 0.39195013963578945), ('缺少', 0.36976029287894735), ('想想', 0.3682594944415789), ('感染', 0.35880472654473683), ('地球', 0.3310434137673684), ('承认', 0.3251346084057895), ('精神', 0.29577438165368425), ('相比', 0.2948886855573684), ('下降', 0.26531737643473685), ('能够', 0.25880859782000004), ('世界', 0.22986996871421053), ('知道', 0.20916360736842105)]","['硬核', '共情', '集体主义', '犊子', '螺丝钉', '科幻', '觉悟', '绝望', '缺少', '想想', '感染', '地球', '承认', '精神', '相比', '下降', '能够', '世界', '知道']",False,0.00747409354296113,0.007452540024506304,0.0074951648975485246,3,"[('硬核', '中性', 0.0, '跟相比更加硬核科幻，但感', []), ('科幻', '中性', 0.0, '比更加硬核科幻，但感染共', []), ('共情', '中性', 0.0, '幻，但感染共情力下降了。', []), ('集体主义', '中性', 0.0, '了。我知道集体主义能够救世界', []), ('世界', '中性', 0.0, '主义能够救世界，但太缺少', []), ('精神', '中性', 0.0, '缺少末日的精神关怀了。地', []), ('关怀', '中性', 0.0, '末日的精神关怀了。地球都', []), ('地球', '中性', 0.0, '神关怀了。地球都要完犊子', []), ('犊子', '中性', 0.0, '地球都要完犊子了居然还要', []), ('螺丝钉', '中性', 0.0, '每个人当好螺丝钉，想想就很', [])]",无,无,中性,无,中性,无,无,无,无,无,0.9701379335410827,0.007440267993901401,
豆瓣电影,剧本臃肿，又不会拍。,2,Peter Cat,2023-01-22 18:02:01,35267208,剧本臃肿，又不会拍。,"['剧本', '臃肿', '不会']",3,2,0.4595200717449188,正面,"[('，', 'OTHER', 4, 5), ('。', 'OTHER', 9, 10)]",[],[],[],[],"[('剧本', 3.83805961135), ('不会', 2.20586058978)]","['剧本', '不会']",False,0.05009378507387131,0.05000484062853499,0.799763635676508,2,"[('剧本', '中性', 0.0, '剧本臃肿，又不', [])]",无,无,无,无,无,无,无,无,无,无,0.050134356862293665,0.05000338175879214,
豆瓣电影,绝对是亚洲科幻大片第一档，但娱乐性上跟好莱坞还是有差距。虽然这些年好莱坞的大片难看在故事越讲越小，任你宇宙爆炸也是拍家人和解，但这部又过于宏大叙事，情感上动人的点太少了,4,根,2023-01-26 00:44:47,35267208,绝对是亚洲科幻大片第一档，但娱乐性上跟好莱坞还是有差距。虽然这些年好莱坞的大片难看在故事越讲越小，任你宇宙爆炸也是拍家人和解，但这部又过于宏大叙事，情感上动人的点太少了,"['绝对', '亚洲', '科幻', '大片', '第一', '娱乐性', '好莱坞', '差距', '虽然', '这些', '好莱坞', '大片', '难看', '故事', '宇宙', '爆炸', '家人', '和解', '这部', '过于', '宏大', '叙事', '情感', '动人', '太少']",25,2,0.4882991909980774,正面,"[('亚洲', 'LOCATION', 3, 5), ('，', 'MOVIE', 12, 13), ('好莱坞', 'LOCATION', 19, 22), ('。', 'OTHER', 27, 28), ('好莱坞', 'LOCATION', 33, 36), ('，', 'OTHER', 48, 49), ('，', 'OTHER', 62, 63), ('，', 'OTHER', 73, 74)]",[],"['亚洲', '好莱坞', '好莱坞']",[],[],"[('好莱坞', 0.9954483588188889), ('大片', 0.79056555633), ('科幻', 0.5957013234222222), ('娱乐性', 0.5780094494722222), ('叙事', 0.4801767933305556), ('难看', 0.47493441769444444), ('和解', 0.4684787506022222), ('动人', 0.46041941919944446), ('情感', 0.41390040165722225), ('宇宙', 0.409352408875), ('爆炸', 0.397524516805), ('家人', 0.38905403938055555), ('差距', 0.38510151520166663), ('过于', 0.3720706739383333), ('故事', 0.340020809115), ('亚洲', 0.3289062159366667)]","['好莱坞', '大片', '科幻', '娱乐性', '叙事', '难看', '和解', '动人', '情感', '宇宙', '爆炸', '家人', '差距', '过于', '故事', '亚洲']",False,0.007808432544449386,0.007715426850285862,0.007780006200739219,4,"[('亚洲', '中性', 0.0, '绝对是亚洲科幻大片第', []), ('科幻', '中性', 0.0, '绝对是亚洲科幻大片第一档', []), ('大片', '中性', 0.0, '是亚洲科幻大片第一档，但', []), ('娱乐性', '中性', 0.0, '第一档，但娱乐性上跟好莱坞', []), ('好莱坞', '中性', 0.0, '娱乐性上跟好莱坞还是有差距', []), ('差距', '中性', 0.0, '莱坞还是有差距。虽然这些', []), ('好莱坞', '中性', 0.0, '娱乐性上跟好莱坞还是有差距', []), ('大片', '中性', 0.0, '是亚洲科幻大片第一档，但', []), ('故事', '负面', 0.3333333333333333, '大片难看在故事越讲越小，', [('难看', -1.0)]), ('宇宙', '中性', 0.0, '越小，任你宇宙爆炸也是拍', []), ('家人', '中性', 0.0, '爆炸也是拍家人和解，但这', []), ('情感', '中性', 0.0, '宏大叙事，情感上动人的点', []), ('动人', '中性', 0.0, '事，情感上动人的点太少了', [])]",无,无,中性,无,无,负面,无,无,无,无,0.007847711481400833,0.9688484229231248,
豆瓣电影,三星以下对电影不公平，三星以上对观众不公平。,3,Kek444,2023-01-22 21:42:52,35267208,三星以下对电影不公平，三星以上对观众不公平。,"['三星', '以下', '电影', '公平', '三星', '以上', '观众', '公平']",8,2,0.4134050905704498,正面,"[('三星', 'MOVIE', 0, 2), ('，', 'MOVIE', 10, 11), ('三星', 'MOVIE', 11, 13), ('。', 'OTHER', 21, 22)]",[],[],[],[],"[('公平', 3.58067051231), ('观众', 1.83883199791), ('电影', 1.664469932295)]","['公平', '观众', '电影']",False,0.9106810897760637,0.022245177585843975,0.022384771156896032,0,"[('三星', '中性', 0.0, '三星以下对电影', []), ('电影', '中性', 0.0, '三星以下对电影不公平，三', []), ('公平', '中性', 0.0, '下对电影不公平，三星以上', []), ('三星', '中性', 0.0, '三星以下对电影', []), ('观众', '中性', 0.0, '三星以上对观众不公平。', []), ('公平', '中性', 0.0, '下对电影不公平，三星以上', [])]",中性,无,无,无,无,无,无,无,无,无,0.022321987190257624,0.022366974290938695,
豆瓣电影,这种“科幻大片”让人失望的地方在于，它们看似有着充沛甚至豪迈的想象力，内核却永远是保守陈旧毫无创造力的旧世界。,3,Alice小台灯,2023-01-29 10:18:32,35267208,这种科幻大片让人失望的地方在于，它们看似有着充沛甚至豪迈的想象力，内核却永远是保守陈旧毫无创造力的旧世界。,"['这种', '科幻', '大片', '失望', '地方', '在于', '它们', '看似', '有着', '充沛', '甚至', '豪迈', '想象力', '内核', '永远', '保守', '陈旧', '毫无', '创造力', '世界']",20,2,0.4920867085456848,正面,"[('，', 'OTHER', 15, 16), ('，', 'OTHER', 32, 33), ('陈旧', 'PERSON', 41, 43), ('。', 'OTHER', 52, 53)]",['陈旧'],[],[],[],"[('科幻', 0.8248172170461537), ('内核', 0.7764627047846153), ('创造力', 0.70037593126), ('想象力', 0.6875256170553846), ('看似', 0.6250866235715384), ('保守', 0.5709360007515385), ('失望', 0.5601491283430768), ('大片', 0.5473146159207692), ('毫无', 0.5320682835938462), ('有着', 0.47222558979384616), ('在于', 0.4465210860776923), ('地方', 0.33968403341), ('世界', 0.3359638004284615)]","['科幻', '内核', '创造力', '想象力', '看似', '保守', '失望', '大片', '毫无', '有着', '在于', '地方', '世界']",False,0.009588597865005283,0.009580448998203171,0.009645292478561059,3,"[('科幻', '中性', 0.0, '这种科幻大片让人失', []), ('大片', '负面', 0.3333333333333333, '这种科幻大片让人失望的', [('失望', -1.0)]), ('地方', '负面', 0.3333333333333333, '让人失望的地方在于，它们', [('失望', -1.0)]), ('想象力', '中性', 0.0, '甚至豪迈的想象力，内核却永', []), ('内核', '中性', 0.0, '的想象力，内核却永远是保', []), ('陈旧', '中性', 0.0, '永远是保守陈旧毫无创造力', []), ('创造力', '中性', 0.0, '守陈旧毫无创造力的旧世界。', []), ('世界', '中性', 0.0, '创造力的旧世界。', [])]",无,无,中性,无,无,无,无,无,无,无,0.9615501797040181,0.009635480954212263,
豆瓣电影,郭帆应该少看《2001太空漫游》，多看几遍《楢山节考》。,3,后自愈,2023-01-24 18:59:38,35267208,郭帆应该少看《太空漫游》，多看几遍《楢山节考》。,"['郭帆', '少看', '太空', '漫游', '几遍', '山节']",6,1,0.4246897101402282,中性,"[('郭帆', 'PERSON', 0, 2), ('《', 'OTHER', 6, 7), ('》', 'OTHER', 11, 12), ('，', 'OTHER', 12, 13), ('《', 'OTHER', 17, 18), ('》', 'OTHER', 22, 23), ('。', 'OTHER', 23, 24)]",['郭帆'],[],[],[],"[('漫游', 3.098502488663333), ('太空', 2.8449005456500003), ('应该', 1.5613523473466666)]","['漫游', '太空', '应该']",False,0.02512626929200465,0.02509124921628722,0.02526800965760577,4,"[('郭帆', '中性', 0.0, '郭帆应该少看《', []), ('太空', '中性', 0.0, '应该少看《太空漫游》，多', [])]",无,无,无,无,无,无,无,无,无,无,0.025073641155900717,0.8994408306782016,
豆瓣电影,照古人的月亮将要毁灭今人，进化后的系统阻挡人类存续。人类制造复杂的密码用于相互毁灭，也诞生伟大的文明用于股骨愈合。宇宙里的小小白点是我们的一切，移山让人类的未来有了方向，科技却让数字的生命成为了可能。我们要活在电缆里荧屏中让意识自主永恒，还是心怀蓝天让躯体等到鲜花挂满枝头的瞬间。,5,西楼尘,2023-01-22 13:30:14,35267208,照古人的月亮将要毁灭今人，进化后的系统阻挡人类存续。人类制造复杂的密码用于相互毁灭，也诞生伟大的文明用于股骨愈合。宇宙里的小小白点是我们的一切，移山让人类的未来有了方向，科技却让数字的生命成为了可能。我们要活在电缆里荧屏中让意识自主永恒，还是心怀蓝天让躯体等到鲜花挂满枝头的瞬间。,"['古人', '月亮', '将要', '毁灭', '今人', '进化', '系统', '阻挡', '人类', '存续', '人类', '制造', '复杂', '密码', '用于', '相互', '毁灭', '诞生', '伟大', '文明', '用于', '股骨', '愈合', '宇宙', '小小白', '我们', '一切', '移山', '人类', '未来', '方向', '科技', '数字', '生命', '成为', '可能', '我们', '要活', '电缆', '荧屏', '意识', '自主', '永恒', '心怀', '蓝天', '躯体', '等到', '鲜花', '挂满', '枝头', '瞬间']",51,2,0.5482138395309448,正面,"[('，', 'OTHER', 12, 13), ('。', 'OTHER', 25, 26), ('，', 'OTHER', 41, 42), ('文明', 'PERSON', 48, 50), ('。', 'OTHER', 56, 57), ('小小白', 'PERSON', 61, 64), ('，', 'OTHER', 71, 72), ('未来', 'TIME', 78, 80), ('，', 'OTHER', 84, 85), ('。', 'OTHER', 99, 100), ('，', 'OTHER', 118, 119), ('蓝天', 'PERSON', 123, 125), ('瞬间', 'TIME', 137, 139), ('。', 'OTHER', 139, 140)]","['文明', '小小白', '蓝天']",[],[],[],"[('人类', 0.4565403721378378), ('毁灭', 0.4341286885859459), ('股骨', 0.2886973466783784), ('用于', 0.28548483973783784), ('移山', 0.2846859951891892), ('荧屏', 0.27960350244594595), ('枝头', 0.26165324180540545), ('存续', 0.26048642634945945), ('挂满', 0.2597356273197297), ('今人', 0.2504310449662162), ('心怀', 0.2445580375151351), ('鲜花', 0.22790858137405406), ('愈合', 0.22745623563486486), ('电缆', 0.22468727009675676), ('躯体', 0.22418582664), ('阻挡', 0.2150069471181081), ('密码', 0.21034001226837837), ('进化', 0.20688029422945947), ('月亮', 0.20505755691081082), ('古人', 0.2018742316227027)]","['人类', '毁灭', '股骨', '用于', '移山', '荧屏', '枝头', '存续', '挂满', '今人', '心怀', '鲜花', '愈合', '电缆', '躯体', '阻挡', '密码', '进化', '月亮', '古人']",True,0.0038649048092664422,0.0038830832973407677,0.003878177077031414,3,"[('古人', '中性', 0.0, '照古人的月亮将要', []), ('月亮', '中性', 0.0, '照古人的月亮将要毁灭今', []), ('今人', '中性', 0.0, '亮将要毁灭今人，进化后的', []), ('系统', '中性', 0.0, '，进化后的系统阻挡人类存', []), ('人类', '中性', 0.0, '的系统阻挡人类存续。人类', []), ('人类', '中性', 0.0, '的系统阻挡人类存续。人类', []), ('密码', '负面', 0.3333333333333333, '制造复杂的密码用于相互毁', [('复杂', -1.0)]), ('文明', '中性', 0.0, '诞生伟大的文明用于股骨愈', []), ('股骨', '中性', 0.0, '的文明用于股骨愈合。宇宙', []), ('宇宙', '中性', 0.0, '股骨愈合。宇宙里的小小白', []), ('小小白', '中性', 0.0, '。宇宙里的小小白点是我们的', []), ('移山', '中性', 0.0, '们的一切，移山让人类的未', []), ('人类', '中性', 0.0, '的系统阻挡人类存续。人类', []), ('方向', '中性', 0.0, '的未来有了方向，科技却让', []), ('科技', '中性', 0.0, '有了方向，科技却让数字的', []), ('数字', '中性', 0.0, '，科技却让数字的生命成为', []), ('电缆', '中性', 0.0, '我们要活在电缆里荧屏中让', []), ('荧屏', '中性', 0.0, '活在电缆里荧屏中让意识自', []), ('意识', '中性', 0.0, '里荧屏中让意识自主永恒，', []), ('心怀', '中性', 0.0, '永恒，还是心怀蓝天让躯体', []), ('蓝天', '中性', 0.0, '，还是心怀蓝天让躯体等到', []), ('躯体', '中性', 0.0, '心怀蓝天让躯体等到鲜花挂', []), ('鲜花', '中性', 0.0, '让躯体等到鲜花挂满枝头的', []), ('枝头', '中性', 0.0, '到鲜花挂满枝头的瞬间。', [])]",无,无,无,中性,无,无,无,无,无,无,0.9845088066391227,0.003865028177238753,人类制造复杂的密码用于相互毁灭，也诞生伟大的文明用于股骨愈合。
豆瓣电影,"75分。
特效顶级，但是但凡多花1000万在编剧上，故事也不至于碎成这样。这剧本我真的敢说“我行我上”，方方正正，刚直不阿，一块是一块，互相都不粘连。跟旅行vlog一样，你看这里是太空电梯，你看这里是刘培强结婚，你看这里是月球危机，你看这是我们的互联网基地……每个感动的点我都知道导演要感动，但我始终入不了戏，不敢动。隔壁《满江红》有个热评，说“感动你的不是电影，而是满江红这首词”，《球2》也可以套用这个评论：“感动你的不是电影，而是中国的伟大崛起”。",4,蔡小马,2023-01-25 23:19:03,35267208,分。 特效顶级，但是但凡多花万在编剧上，故事也不至于碎成这样。这剧本我真的敢说我行我上，方方正正，刚直不阿，一块是一块，互相都不粘连。跟旅行vlog一样，你看这里是太空电梯，你看这里是刘培强结婚，你看这里是月球危机，你看这是我们的互联网基地每个感动的点我都知道导演要感动，但我始终入不了戏，不敢动。隔壁《满江红》有个热评，说感动你的不是电影，而是满江红这首词，《球》也可以套用这个评论：感动你的不是电影，而是中国的伟大崛起。,"['特效', '顶级', '但凡', '多花', '编剧', '故事', '不至于', '碎成', '剧本', '真的', '我行', '方方正正', '刚直不阿', '一块', '一块', '互相', '粘连', '旅行', 'vlog', '一样', '这里', '太空', '电梯', '这里', '刘培强', '结婚', '这里', '月球', '危机', '我们', '互联网', '基地', '每个', '感动', '知道', '导演', '感动', '始终', '不了', '不敢', '隔壁', '满江红', '有个', '热评', '感动', '不是', '电影', '而是', '满江红', '这首词', '套用', '这个', '评论', '感动', '不是', '电影', '而是', '中国', '伟大', '崛起']",60,2,0.5371478796005249,正面,"[('。', 'OTHER', 1, 2), (' ', 'OTHER', 2, 3), ('，', 'OTHER', 7, 8), ('但凡', 'PERSON', 10, 12), ('，', 'OTHER', 19, 20), ('。', 'OTHER', 30, 31), ('，', 'OTHER', 43, 44), ('方方正正', 'PERSON', 44, 48), ('，', 'OTHER', 48, 49), ('，', 'OTHER', 53, 54), ('，', 'OTHER', 59, 60), ('。', 'OTHER', 66, 67), ('，', 'OTHER', 76, 77), ('，', 'OTHER', 86, 87), ('刘培强', 'PERSON', 92, 95), ('，', 'OTHER', 97, 98), ('，', 'OTHER', 107, 108), ('，', 'OTHER', 135, 136), ('，', 'OTHER', 144, 145), ('。', 'OTHER', 148, 149), ('《', 'OTHER', 151, 152), ('满江红', 'PERSON', 152, 155), ('》', 'OTHER', 155, 156), ('，', 'MOVIE', 160, 161), ('，', 'MOVIE', 170, 171), ('满江红', 'PERSON', 173, 176), ('，', 'OTHER', 179, 180), ('《', 'OTHER', 180, 181), ('》', 'OTHER', 182, 183), ('：', 'MOVIE', 192, 193), ('，', 'MOVIE', 201, 202), ('中国', 'LOCATION', 204, 206), ('。', 'OTHER', 211, 212)]","['但凡', '方方正正', '刘培强', '满江红', '满江红']",['中国'],[],[],"[('感动', 0.978920330257931), ('电影', 0.45916411925379313), ('热评', 0.4122333621689655), ('首词', 0.4122333621689655), ('碎成', 0.3778013335448276), ('套用', 0.3538997066275862), ('粘连', 0.3304548116703448), ('电梯', 0.3054225012089655), ('编剧', 0.2961197128596552), ('顶级', 0.2952806749058621), ('太空', 0.2943000564465517), ('月球', 0.2878523471396552), ('旅行', 0.2745910843755172), ('剧本', 0.26469376629999997), ('导演', 0.24848674460172412), ('崛起', 0.24714744000482758), ('互联网', 0.2455825087686207), ('评论', 0.23368982299206895), ('结婚', 0.22635834455), ('故事', 0.21104739876103445)]","['感动', '电影', '热评', '首词', '碎成', '套用', '粘连', '电梯', '编剧', '顶级', '太空', '月球', '旅行', '剧本', '导演', '崛起', '互联网', '评论', '结婚', '故事']",True,0.0033112447217858907,0.00331076778456938,0.9867662310700996,2,"[('顶级', '中性', 0.0, '分。 特效顶级，但是但凡', []), ('但凡', '中性', 0.0, '顶级，但是但凡多花万在编', []), ('编剧', '中性', 0.0, '凡多花万在编剧上，故事也', []), ('故事', '中性', 0.0, '在编剧上，故事也不至于碎', []), ('剧本', '中性', 0.0, '成这样。这剧本我真的敢说', []), ('方方正正', '中性', 0.0, '我行我上，方方正正，刚直不阿', []), ('太空', '中性', 0.0, '你看这里是太空电梯，你看', []), ('电梯', '中性', 0.0, '这里是太空电梯，你看这里', []), ('刘培强', '中性', 0.0, '你看这里是刘培强结婚，你看', []), ('月球', '中性', 0.0, '你看这里是月球危机，你看', []), ('危机', '中性', 0.0, '这里是月球危机，你看这是', []), ('互联网', '中性', 0.0, '这是我们的互联网基地每个感', []), ('基地', '正面', 0.3333333333333333, '们的互联网基地每个感动的', [('感动', 1.0)]), ('满江红', '中性', 0.0, '动。隔壁《满江红》有个热评', []), ('电影', '中性', 0.0, '动你的不是电影，而是满江', []), ('满江红', '中性', 0.0, '动。隔壁《满江红》有个热评', []), ('首词', '中性', 0.0, '是满江红这首词，《球》也', []), ('套用', '中性', 0.0, '球》也可以套用这个评论：', []), ('评论', '正面', 0.3333333333333333, '以套用这个评论：感动你的', [('感动', 1.0)]), ('电影', '中性', 0.0, '动你的不是电影，而是满江', []), ('中国', '中性', 0.0, '电影，而是中国的伟大崛起', [])]",中性,中性,无,无,无,中性,无,无,无,无,0.0033109166124440917,0.0033008398111009614,特效顶级，但是但凡多花万在编剧上，故事也不至于碎成这样。
豆瓣电影,真难看，浪费我电影票钱，唯一一部电影院看睡着的电影,1,柒月落落❤,2023-01-23 18:47:28,35267208,真难看，浪费我电影票钱，唯一一部电影院看睡着的电影,"['难看', '浪费', '电影票', '唯一', '一部', '电影院', '睡着', '电影']",8,2,0.4555557370185852,正面,"[('，', 'MOVIE', 3, 4), ('，', 'MOVIE', 11, 12)]",[],[],[],[],"[('电影票', 1.773763519), ('电影院', 1.5443247772916668), ('难看', 1.4248032530833334), ('浪费', 1.2993140699266668), ('睡着', 1.2419647096383333), ('电影', 1.10964662153)]","['电影票', '电影院', '难看', '浪费', '睡着', '电影']",False,0.022630529630440346,0.022372001219208543,0.9102538917084578,2,"[('浪费', '负面', 0.6666666666666666, '真难看，浪费我电影票钱', [('难看', -1.0), ('浪费', -1.0)]), ('电影票', '负面', 0.3333333333333333, '看，浪费我电影票钱，唯一一', [('浪费', -1.0)]), ('电影院', '中性', 0.0, '，唯一一部电影院看睡着的电', []), ('电影', '负面', 0.3333333333333333, '看，浪费我电影票钱，唯一', [('浪费', -1.0)])]",负面,无,无,无,无,无,无,无,无,无,0.022318823914705556,0.022424753527187726,
豆瓣电影,好一场灾难，我说的是这个电影。,2,炯之,2023-01-22 19:30:38,35267208,好一场灾难，我说的是这个电影。,"['一场', '灾难', '这个', '电影']",4,2,0.4564883112907409,正面,"[('，', 'MOVIE', 5, 6), ('。', 'MOVIE', 14, 15)]",[],[],[],[],"[('灾难', 3.756058123215), ('电影', 3.32893986459)]","['灾难', '电影']",False,0.8368855069131613,0.040415934931123006,0.041106312298233395,0,"[('灾难', '正面', 0.3333333333333333, '好一场灾难，我说的是', [('好', 1.0)]), ('电影', '中性', 0.0, '说的是这个电影。', [])]",中性,无,无,无,无,无,无,无,无,无,0.04137616628460625,0.040216079572876054,
豆瓣电影,刚看完，特效国产最顶，故事情节也好，演员全部演的好,5,听见你的声音,2023-01-22 11:56:54,35267208,刚看完，特效国产最顶，故事情节也好，演员全部演的好,"['刚看', '特效', '国产', '最顶', '故事情节', '也好', '演员', '全部']",8,2,0.4580991566181183,正面,"[('，', 'OTHER', 3, 4), ('，', 'OTHER', 10, 11), ('，', 'OTHER', 17, 18)]",[],[],[],[],"[('故事情节', 2.4515832724375), ('国产', 1.92051938307), ('演员', 1.771808263115), ('全部', 1.231990038145)]","['故事情节', '国产', '演员', '全部']",False,0.9107202338332041,0.022256406156268903,0.0224061704494609,0,"[('国产', '中性', 0.0, '看完，特效国产最顶，故事', []), ('故事情节', '中性', 0.0, '国产最顶，故事情节也好，演员', []), ('演员', '正面', 0.3333333333333333, '情节也好，演员全部演的好', [('好', 1.0)]), ('全部', '正面', 0.3333333333333333, '也好，演员全部演的好', [('好', 1.0)])]",无,无,无,无,无,无,无,无,无,无,0.022293723455072367,0.022323466105993863,
豆瓣电影,"阿喀琉斯不过是为了自己的友伴帕特罗克罗斯而选择去死，执行机械起爆的老飞行员们却是为了整个人类而选择去死，并把生的希望留给下一代。这种对not to be的讲法不存在于西方传统里，是中国与刘慈欣的的大义。然而还是要借用一句荷马史诗来描绘刘培强与他师傅、上一辈与下一辈的命运传承——人类如落叶，一代代凋零，一代代繁荣。
第一幕太空电梯戏特效拉了，之后的月球戏特效真的好，身临其境。第一幕之后虽然整体结构上还是传统三幕式电影，但叙事的跳跃有了原著里的那种编年史的壮阔感。
李雪健老师的表演太好，中山装太帅
刘德华对他的角色在表演方面无可挑剔，但从剧作方面来讲，这个角色，不同于刘培强因为前作的设定只能是男性，可以写成女性角色，交给女性去演。单一的男性视角是刘慈欣作品的唯一缺陷。",5,Reposado,2023-01-22 12:27:27,35267208,阿喀琉斯不过是为了自己的友伴帕特罗克罗斯而选择去死，执行机械起爆的老飞行员们却是为了整个人类而选择去死，并把生的希望留给下一代。这种对not to be的讲法不存在于西方传统里，是中国与刘慈欣的的大义。然而还是要借用一句荷马史诗来描绘刘培强与他师傅、上一辈与下一辈的命运传承人类如落叶，一代代凋零，一代代繁荣。 第一幕太空电梯戏特效拉了，之后的月球戏特效真的好，身临其境。第一幕之后虽然整体结构上还是传统三幕式电影，但叙事的跳跃有了原著里的那种编年史的壮阔感。 李雪健老师的表演太好，中山装太帅 刘德华对他的角色在表演方面无可挑剔，但从剧作方面来讲，这个角色，不同于刘培强因为前作的设定只能是男性，可以写成女性角色，交给女性去演。单一的男性视角是刘慈欣作品的唯一缺陷。,"['阿喀琉斯', '不过', '为了', '友伴', '帕特罗', '克罗斯', '选择', '执行', '机械', '起爆', '飞行员', '却是', '为了', '整个', '人类', '选择', '希望', '留给', '下一代', '这种', 'not', 'to', 'be', '讲法', '存在', '西方', '传统', '中国', '刘慈欣', '大义', '然而', '借用', '一句', '荷马史诗', '描绘', '刘培强', '师傅', '一辈', '下一辈', '命运', '传承', '人类', '落叶', '一代代', '凋零', '一代代', '繁荣', '第一幕', '太空', '电梯', '特效', '之后', '月球', '特效', '真的', '身临其境', '第一幕', '之后', '虽然', '整体', '结构', '传统', '三幕', '电影', '叙事', '跳跃', '原著', '那种', '编年史', '壮阔', '李雪健', '老师', '表演', '太好', '中山装', '太帅', '刘德华', '角色', '表演', '方面', '无可挑剔', '剧作', '方面', '来讲', '这个', '角色', '不同于', '刘培强', '因为', '前作', '设定', '只能', '男性', '写成', '女性', '角色', '交给', '女性', '去演', '单一', '男性', '视角', '刘慈欣', '作品', '唯一', '缺陷']",106,2,0.5899541974067688,正面,"[('阿喀琉斯', 'PERSON', 0, 4), ('帕特罗', 'PERSON', 14, 17), ('克罗斯', 'PERSON', 17, 20), ('，', 'OTHER', 25, 26), ('，', 'OTHER', 51, 52), ('下一代', 'TIME', 60, 63), ('。', 'OTHER', 63, 64), (' ', 'OTHER', 70, 71), (' ', 'OTHER', 73, 74), ('，', 'OTHER', 88, 89), ('中国', 'LOCATION', 90, 92), ('刘慈欣', 'PERSON', 93, 96), ('。', 'OTHER', 100, 101), ('刘培强', 'PERSON', 117, 120), ('师傅', 'PERSON', 122, 124), ('、', 'OTHER', 124, 125), ('，', 'OTHER', 142, 143), ('，', 'OTHER', 148, 149), ('。', 'OTHER', 154, 155), (' ', 'OTHER', 155, 156), ('，', 'OTHER', 168, 169), ('，', 'OTHER', 180, 181), ('。', 'OTHER', 185, 186), ('，', 'MOVIE', 207, 208), ('。', 'OTHER', 229, 230), (' ', 'OTHER', 230, 231), ('李雪健', 'PERSON', 231, 234), ('，', 'OTHER', 241, 242), ('中山装', 'OTHER', 242, 245), (' ', 'OTHER', 247, 248), ('刘德华', 'PERSON', 248, 251), ('，', 'OTHER', 265, 266), ('，', 'OTHER', 274, 275), ('，', 'OTHER', 279, 280), ('刘培强', 'PERSON', 283, 286), ('，', 'OTHER', 298, 299), ('，', 'OTHER', 307, 308), ('。', 'OTHER', 314, 315), ('刘慈欣', 'PERSON', 323, 326), ('。', 'OTHER', 333, 334)]","['阿喀琉斯', '帕特罗', '克罗斯', '刘慈欣', '刘培强', '师傅', '李雪健', '刘德华', '刘培强', '刘慈欣']",['中国'],[],[],"[('角色', 0.36322506122482756), ('男性', 0.2494825494548276), ('表演', 0.23902852667689653), ('女性', 0.23076128669034482), ('太帅', 0.22771604261034484), ('友伴', 0.20611668108448275), ('把生', 0.20611668108448275), ('前作', 0.19996711308620688), ('人类', 0.19416084792068966), ('讲法', 0.1889006667724138), ('传统', 0.18460473738586208), ('荷马史诗', 0.17938224293965516), ('选择', 0.17761333435999999), ('原著', 0.17522427644310345), ('起爆', 0.17154196436879313), ('凋零', 0.17057490459896552), ('编年史', 0.16617237542982757), ('大义', 0.15975773558189657), ('视角', 0.15712389498603446), ('传承', 0.15471420632448277)]","['角色', '男性', '表演', '女性', '太帅', '友伴', '把生', '前作', '人类', '讲法', '传统', '荷马史诗', '选择', '原著', '起爆', '凋零', '编年史', '大义', '视角', '传承']",True,0.001890948557886347,0.9924565137643804,0.0018882160792822733,1,"[('阿喀琉斯', '中性', 0.0, '阿喀琉斯不过是为了', []), ('友伴', '中性', 0.0, '为了自己的友伴帕特罗克罗', []), ('帕特罗', '中性', 0.0, '自己的友伴帕特罗克罗斯而选', []), ('克罗斯', '中性', 0.0, '友伴帕特罗克罗斯而选择去死', []), ('机械', '中性', 0.0, '去死，执行机械起爆的老飞', []), ('飞行员', '中性', 0.0, '械起爆的老飞行员们却是为了', []), ('人类', '中性', 0.0, '是为了整个人类而选择去死', []), ('讲法', '中性', 0.0, 'o be的讲法不存在于西', []), ('传统', '中性', 0.0, '存在于西方传统里，是中国', []), ('中国', '中性', 0.0, '传统里，是中国与刘慈欣的', []), ('刘慈欣', '中性', 0.0, '，是中国与刘慈欣的的大义。', []), ('大义', '中性', 0.0, '刘慈欣的的大义。然而还是', []), ('荷马史诗', '中性', 0.0, '要借用一句荷马史诗来描绘刘培', []), ('刘培强', '中性', 0.0, '史诗来描绘刘培强与他师傅、', []), ('师傅', '中性', 0.0, '刘培强与他师傅、上一辈与', []), ('下一辈', '中性', 0.0, '、上一辈与下一辈的命运传承', []), ('命运', '中性', 0.0, '与下一辈的命运传承人类如', []), ('人类', '中性', 0.0, '是为了整个人类而选择去死', []), ('落叶', '中性', 0.0, '传承人类如落叶，一代代凋', []), ('太空', '中性', 0.0, '。 第一幕太空电梯戏特效', []), ('电梯', '中性', 0.0, '第一幕太空电梯戏特效拉了', []), ('月球', '中性', 0.0, '了，之后的月球戏特效真的', []), ('整体', '中性', 0.0, '幕之后虽然整体结构上还是', []), ('结构', '中性', 0.0, '后虽然整体结构上还是传统', []), ('传统', '中性', 0.0, '存在于西方传统里，是中国', []), ('电影', '中性', 0.0, '传统三幕式电影，但叙事的', []), ('原著', '中性', 0.0, '的跳跃有了原著里的那种编', []), ('编年史', '中性', 0.0, '著里的那种编年史的壮阔感。', []), ('李雪健', '中性', 0.0, '壮阔感。 李雪健老师的表演', []), ('老师', '中性', 0.0, '。 李雪健老师的表演太好', []), ('中山装', '中性', 0.0, '表演太好，中山装太帅 刘德', []), ('太帅', '正面', 0.3333333333333333, '好，中山装太帅 刘德华对', [('好', 1.0)]), ('刘德华', '中性', 0.0, '山装太帅 刘德华对他的角色', []), ('角色', '中性', 0.0, '德华对他的角色在表演方面', []), ('方面', '中性', 0.0, '角色在表演方面无可挑剔，', []), ('无可挑剔', '中性', 0.0, '在表演方面无可挑剔，但从剧作', []), ('剧作', '中性', 0.0, '挑剔，但从剧作方面来讲，', []), ('方面', '中性', 0.0, '角色在表演方面无可挑剔，', []), ('角色', '中性', 0.0, '德华对他的角色在表演方面', []), ('刘培强', '中性', 0.0, '史诗来描绘刘培强与他师傅、', []), ('男性', '中性', 0.0, '设定只能是男性，可以写成', []), ('女性', '中性', 0.0, '，可以写成女性角色，交给', []), ('角色', '中性', 0.0, '德华对他的角色在表演方面', []), ('女性', '中性', 0.0, '，可以写成女性角色，交给', []), ('男性', '中性', 0.0, '设定只能是男性，可以写成', []), ('视角', '中性', 0.0, '单一的男性视角是刘慈欣作', []), ('刘慈欣', '中性', 0.0, '，是中国与刘慈欣的的大义。', []), ('作品', '中性', 0.0, '角是刘慈欣作品的唯一缺陷', [])]",中性,中性,无,中性,无,无,中性,中性,中性,无,0.0018790885830736927,0.0018852330153772898,李雪健老师的表演太好，中山装太帅 刘德华对他的角色在表演方面无可挑剔，但从剧作方面来讲，这个角色，不同于刘培强因为前作的设定只能是男性，可以写成女性角色，交给女性去演。
豆瓣电影,最后把地球推出了太阳系，看到一个网友的留言有点逗，他说看这个剧感受到了中国人对不动产的执念。,4,桃子汽水,2023-01-31 15:18:45,35267208,最后把地球推出了太阳系，看到一个网友的留言有点逗，他说看这个剧感受到了中国人对不动产的执念。,"['最后', '地球', '推出', '太阳系', '看到', '网友', '留言', '有点', '这个', '感受', '中国', '不动产', '执念']",13,2,0.539199948310852,正面,"[('，', 'OTHER', 11, 12), ('，', 'OTHER', 24, 25), ('中国', 'LOCATION', 35, 37), ('。', 'OTHER', 45, 46)]",[],['中国'],[],[],"[('执念', 1.19547675029), ('留言', 0.920019728618), ('太阳系', 0.856313957227), ('感受', 0.689398242514), ('网友', 0.661654284578), ('地球', 0.628982486158), ('推出', 0.568296924513), ('有点', 0.5598411857100001), ('看到', 0.486480972185), ('中国', 0.302732068666)]","['执念', '留言', '太阳系', '感受', '网友', '地球', '推出', '有点', '看到', '中国']",False,0.01463999613332195,0.9417125784027034,0.014662088391171679,1,"[('地球', '中性', 0.0, '最后把地球推出了太阳', []), ('太阳系', '中性', 0.0, '地球推出了太阳系，看到一个', []), ('网友', '中性', 0.0, '，看到一个网友的留言有点', []), ('有点', '中性', 0.0, '网友的留言有点逗，他说看', []), ('中国', '中性', 0.0, '剧感受到了中国人对不动产', []), ('不动产', '中性', 0.0, '了中国人对不动产的执念。', []), ('执念', '中性', 0.0, '对不动产的执念。', [])]",无,中性,无,无,中性,无,无,无,无,无,0.014414790771057591,0.014570546301745289,
豆瓣电影,"感受到主创是如何用心用力地在努力凹成太空史诗的样子（大场面还不少），事实上无论从哪方面看都的确具有视效大片的风范，然而工业指标的进步和原著在硬科幻指数上的抗打，并不能保证一部电影的可看度——打鸡血式的价值观输出和强行灌“责任”，以及过度强调家庭的重要性，其实也是一种美式变体的舶来品（虽说也看得心累，倒也并非最大槽点）。

最难熬的不是“负责任”的假大空口号，难熬的是最后一分钟营救与煽情戏的对冲，直接稀释高潮点的爆发，原文本的庞杂体量和更多冲突原本也可以被匀到更多戏份、处理得更明晰，当然也能理解编导考虑到市场接受度做的处理，毕竟现在的成品看来已够像一篇说明论文了。

1的剪辑问题还在，两条线捏合度也不够，因而三小时经常体感混乱；结尾埋第三季的线太像hal9000了吧。",3,欢乐分裂,2023-01-25 21:13:17,35267208,感受到主创是如何用心用力地在努力凹成太空史诗的样子（大场面还不少），事实上无论从哪方面看都的确具有视效大片的风范，然而工业指标的进步和原著在硬科幻指数上的抗打，并不能保证一部电影的可看度打鸡血式的价值观输出和强行灌责任，以及过度强调家庭的重要性，其实也是一种美式变体的舶来品（虽说也看得心累，倒也并非最大槽点）。 最难熬的不是负责任的假大空口号，难熬的是最后一分钟营救与煽情戏的对冲，直接稀释高潮点的爆发，原文本的庞杂体量和更多冲突原本也可以被匀到更多戏份、处理得更明晰，当然也能理解编导考虑到市场接受度做的处理，毕竟现在的成品看来已够像一篇说明论文了。 的剪辑问题还在，两条线捏合度也不够，因而三小时经常体感混乱；结尾埋第三季的线太像hal了吧。,"['感受', '主创', '用心', '用力', '努力', '凹成', '太空', '史诗', '样子', '场面', '不少', '事实上', '无论', '方面', '的确', '具有', '视效', '大片', '风范', '然而', '工业', '指标', '进步', '原著', '科幻', '指数', '抗打', '不能', '保证', '一部', '电影', '看度', '鸡血', '价值观', '输出', '强行', '责任', '以及', '过度', '强调', '家庭', '重要性', '一种', '美式', '变体', '舶来品', '虽说', '心累', '并非', '最大', '难熬', '不是', '负责', '假大空', '口号', '难熬', '最后', '一分钟', '营救', '煽情', '对冲', '直接', '稀释', '高潮点', '爆发', '原文', '庞杂', '体量', '冲突', '原本', '戏份', '处理', '明晰', '当然', '理解', '编导', '考虑', '市场', '接受度', '处理', '毕竟', '现在', '成品', '看来', '已够', '一篇', '说明', '论文', '剪辑', '问题', '两条线', '捏合', '不够', '因而', '小时', '经常', '体感', '混乱', '结尾', '第三季', 'hal']",101,2,0.5158683061599731,正面,"[('史诗', 'PERSON', 20, 22), ('（', 'OTHER', 25, 26), ('）', 'OTHER', 32, 33), ('，', 'OTHER', 33, 34), ('，', 'MOVIE', 56, 57), ('抗打', 'MOVIE', 77, 79), ('，', 'MOVIE', 79, 80), ('，', 'OTHER', 109, 110), ('，', 'OTHER', 122, 123), ('（', 'OTHER', 137, 138), ('，', 'OTHER', 145, 146), ('）', 'OTHER', 154, 155), ('。', 'OTHER', 155, 156), (' ', 'OTHER', 156, 157), ('，', 'OTHER', 172, 173), ('，', 'OTHER', 191, 192), ('，', 'OTHER', 202, 203), ('、', 'OTHER', 228, 229), ('，', 'OTHER', 235, 236), ('，', 'OTHER', 256, 257), ('现在', 'TIME', 259, 261), ('论文', 'OTHER', 273, 275), ('。', 'OTHER', 276, 277), (' ', 'OTHER', 277, 278), ('，', 'OTHER', 285, 286), ('，', 'OTHER', 295, 296), ('；', 'OTHER', 307, 308), ('。', 'OTHER', 323, 324)]",['史诗'],[],[],[],"[('心累', 0.1939706873227273), ('假大空', 0.1939706873227273), ('舶来品', 0.1862309051439394), ('凹成', 0.18113284095303028), ('视效', 0.18113284095303028), ('看度', 0.18113284095303028), ('高潮点', 0.18113284095303028), ('体感', 0.18113284095303028), ('戏份', 0.1773250465848485), ('捏合', 0.17428458150303028), ('煽情', 0.16860740802575758), ('主创', 0.16600361625454546), ('处理', 0.16396532295030303), ('科幻', 0.1624639972969697), ('两条线', 0.16067940584848486), ('鸡血', 0.16012838093636364), ('剪辑', 0.15908303439848484), ('原著', 0.15398497020757576), ('体量', 0.15362844751969695), ('变体', 0.14935797551727273)]","['心累', '假大空', '舶来品', '凹成', '视效', '看度', '高潮点', '体感', '戏份', '捏合', '煽情', '主创', '处理', '科幻', '两条线', '鸡血', '剪辑', '原著', '体量', '变体']",True,0.9920934355781394,0.001973085727769865,0.0019836410097269666,0,"[('主创', '中性', 0.0, '感受到主创是如何用心', []), ('用心', '中性', 0.0, '主创是如何用心用力地在努', []), ('用力', '中性', 0.0, '是如何用心用力地在努力凹', []), ('太空', '中性', 0.0, '在努力凹成太空史诗的样子', []), ('史诗', '中性', 0.0, '力凹成太空史诗的样子（大', []), ('样子', '中性', 0.0, '太空史诗的样子（大场面还', []), ('场面', '中性', 0.0, '的样子（大场面还不少），', []), ('事实上', '中性', 0.0, '还不少），事实上无论从哪方', []), ('方面', '中性', 0.0, '上无论从哪方面看都的确具', []), ('视效', '中性', 0.0, '都的确具有视效大片的风范', []), ('大片', '中性', 0.0, '确具有视效大片的风范，然', []), ('风范', '中性', 0.0, '视效大片的风范，然而工业', []), ('工业', '中性', 0.0, '风范，然而工业指标的进步', []), ('指标', '中性', 0.0, '，然而工业指标的进步和原', []), ('原著', '中性', 0.0, '标的进步和原著在硬科幻指', []), ('科幻', '中性', 0.0, '和原著在硬科幻指数上的抗', []), ('指数', '中性', 0.0, '著在硬科幻指数上的抗打，', []), ('抗打', '中性', 0.0, '幻指数上的抗打，并不能保', []), ('电影', '中性', 0.0, '能保证一部电影的可看度打', []), ('看度', '中性', 0.0, '部电影的可看度打鸡血式的', []), ('鸡血', '中性', 0.0, '的可看度打鸡血式的价值观', []), ('价值观', '中性', 0.0, '打鸡血式的价值观输出和强行', []), ('责任', '中性', 0.0, '出和强行灌责任，以及过度', []), ('过度', '中性', 0.0, '责任，以及过度强调家庭的', []), ('家庭', '中性', 0.0, '及过度强调家庭的重要性，', []), ('重要性', '中性', 0.0, '强调家庭的重要性，其实也是', []), ('美式', '中性', 0.0, '实也是一种美式变体的舶来', []), ('变体', '中性', 0.0, '是一种美式变体的舶来品（', []), ('舶来品', '中性', 0.0, '美式变体的舶来品（虽说也看', []), ('假大空', '中性', 0.0, '是负责任的假大空口号，难熬', []), ('口号', '中性', 0.0, '任的假大空口号，难熬的是', []), ('对冲', '中性', 0.0, '与煽情戏的对冲，直接稀释', []), ('高潮点', '中性', 0.0, '，直接稀释高潮点的爆发，原', []), ('原文', '中性', 0.0, '点的爆发，原文本的庞杂体', []), ('体量', '中性', 0.0, '文本的庞杂体量和更多冲突', []), ('原本', '中性', 0.0, '和更多冲突原本也可以被匀', []), ('戏份', '中性', 0.0, '被匀到更多戏份、处理得更', []), ('编导', '中性', 0.0, '然也能理解编导考虑到市场', []), ('市场', '中性', 0.0, '编导考虑到市场接受度做的', []), ('接受度', '中性', 0.0, '考虑到市场接受度做的处理，', []), ('成品', '中性', 0.0, '毕竟现在的成品看来已够像', []), ('论文', '中性', 0.0, '像一篇说明论文了。 的剪', []), ('剪辑', '中性', 0.0, '文了。 的剪辑问题还在，', []), ('问题', '中性', 0.0, '。 的剪辑问题还在，两条', []), ('两条线', '中性', 0.0, '问题还在，两条线捏合度也不', []), ('小时', '中性', 0.0, '够，因而三小时经常体感混', []), ('体感', '中性', 0.0, '三小时经常体感混乱；结尾', []), ('结尾', '中性', 0.0, '体感混乱；结尾埋第三季的', [])]",中性,无,中性,无,无,无,无,无,无,无,0.0019732983816115927,0.001976539302752146,最难熬的不是负责任的假大空口号，难熬的是最后一分钟营救与煽情戏的对冲，直接稀释高潮点的爆发，原文本的庞杂体量和更多冲突原本也可以被匀到更多戏份、处理得更明晰，当然也能理解编导考虑到市场接受度做的处理，毕竟现在的成品看来已够像一篇说明论文了。
豆瓣电影,刘德华的角色充分验证了行车不规范亲人两行泪的大道理,4,HOON,2023-01-27 20:55:27,35267208,刘德华的角色充分验证了行车不规范亲人两行泪的大道理,"['刘德华', '角色', '充分', '验证', '行车', '规范', '亲人', '两行', '大道理']",9,2,0.4704008102416992,正面,"[('刘德华', 'PERSON', 0, 3)]",['刘德华'],[],[],[],"[('大道理', 1.6488907444566667), ('行车', 1.398548219225), ('验证', 1.3073156064583333), ('亲人', 1.2725627398733332), ('角色', 1.1703918639466666), ('规范', 1.07126809399)]","['大道理', '行车', '验证', '亲人', '角色', '规范']",False,0.9186183627465476,0.020257445834983536,0.02020474317761384,0,"[('刘德华', '中性', 0.0, '刘德华的角色充分', []), ('角色', '中性', 0.0, '刘德华的角色充分验证了', []), ('行车', '中性', 0.0, '充分验证了行车不规范亲人', []), ('规范', '中性', 0.0, '证了行车不规范亲人两行泪', []), ('亲人', '中性', 0.0, '行车不规范亲人两行泪的大', []), ('大道理', '中性', 0.0, '人两行泪的大道理', [])]",无,无,无,无,无,无,中性,无,中性,无,0.020766424911525628,0.02015302332932938,
豆瓣电影,特效无敌！是真正意义上有中国价值观的国际大片。三个小时的观影时间完全饱满，故事讲的非常紧凑且清晰。最后夸下沙溢哥，做到了拥有好演技，录再多综艺也不让人出戏。,5,杨迪,2023-01-27 14:13:38,35267208,特效无敌！是真正意义上有中国价值观的国际大片。三个小时的观影时间完全饱满，故事讲的非常紧凑且清晰。最后夸下沙溢哥，做到了拥有好演技，录再多综艺也不让人出戏。,"['特效', '无敌', '真正', '意义', '中国', '价值观', '国际', '大片', '三个', '小时', '观影', '时间', '完全', '饱满', '故事', '非常', '紧凑', '清晰', '最后', '下沙', '溢哥', '做到', '拥有', '演技', '录再', '综艺', '不让', '人出']",28,2,0.5190869569778442,正面,"[('！', 'OTHER', 4, 5), ('中国', 'LOCATION', 12, 14), ('。', 'MOVIE', 22, 23), ('，', 'OTHER', 36, 37), ('。', 'OTHER', 48, 49), ('下沙', 'LOCATION', 52, 54), ('，', 'OTHER', 56, 57), ('，', 'OTHER', 65, 66), ('。', 'OTHER', 77, 78)]",[],"['中国', '下沙']",[],[],"[('下沙', 0.6373114833), ('溢哥', 0.6291982896263157), ('出戏', 0.6291982896263157), ('观影', 0.5713765902263157), ('综艺', 0.5643486221894737), ('演技', 0.5289752658052632), ('无敌', 0.5029932752694737), ('价值观', 0.46352249743000007), ('饱满', 0.45743113153315784), ('大片', 0.3744784214194737), ('做到', 0.35041472258842105), ('不让', 0.3435422811615789), ('故事', 0.32212497705631576), ('小时', 0.3024152673268421), ('意义', 0.2947316153221053), ('拥有', 0.2856545446363158), ('国际', 0.23543220005315788), ('时间', 0.21471261223473687), ('中国', 0.15933266771894736)]","['下沙', '溢哥', '出戏', '观影', '综艺', '演技', '无敌', '价值观', '饱满', '大片', '做到', '不让', '故事', '小时', '意义', '拥有', '国际', '时间', '中国']",False,0.9720318588875547,0.006930447315511573,0.007013461181502663,0,"[('意义', '中性', 0.0, '敌！是真正意义上有中国价', []), ('中国', '中性', 0.0, '正意义上有中国价值观的国', []), ('价值观', '中性', 0.0, '义上有中国价值观的国际大片', []), ('国际', '中性', 0.0, '国价值观的国际大片。三个', []), ('大片', '中性', 0.0, '值观的国际大片。三个小时', []), ('小时', '中性', 0.0, '大片。三个小时的观影时间', []), ('观影', '中性', 0.0, '三个小时的观影时间完全饱', []), ('时间', '中性', 0.0, '小时的观影时间完全饱满，', []), ('故事', '中性', 0.0, '完全饱满，故事讲的非常紧', []), ('下沙', '中性', 0.0, '晰。最后夸下沙溢哥，做到', []), ('溢哥', '中性', 0.0, '最后夸下沙溢哥，做到了拥', []), ('演技', '正面', 0.3333333333333333, '到了拥有好演技，录再多综', [('好', 1.0)]), ('综艺', '中性', 0.0, '技，录再多综艺也不让人出', [])]",无,中性,无,无,无,中性,无,无,无,无,0.006992848824245617,0.0070313837911853356,
豆瓣电影,这部前传故事的续集电影，可不止比一好一点，完全是巨大的跨越式进步，真的是百尺竿头更进一步。从0到1很难，难在战胜怀疑从无到有开创新路；而从1到2的难在于如何给出更多的惊喜和提高标准。这次电影给出的都不止惊喜，而是震惊了！方方面面的巨大提升，以及背后巨大的工作量和所需要挑战的事物，令人肃然起敬。加油吧！期待3！,5,张小北,2023-01-23 03:26:53,35267208,这部前传故事的续集电影，可不止比一好一点，完全是巨大的跨越式进步，真的是百尺竿头更进一步。从到很难，难在战胜怀疑从无到有开创新路；而从到的难在于如何给出更多的惊喜和提高标准。这次电影给出的都不止惊喜，而是震惊了！方方面面的巨大提升，以及背后巨大的工作量和所需要挑战的事物，令人肃然起敬。加油吧！期待！,"['这部', '前传', '故事', '续集', '电影', '不止', '比一好', '一点', '完全', '巨大', '跨越式', '进步', '真的', '百尺竿头更进一步', '战胜', '怀疑', '从无到有', '开创', '新路', '在于', '给出', '惊喜', '提高', '标准', '这次', '电影', '给出', '不止', '惊喜', '而是', '震惊', '方方面面', '巨大', '提升', '以及', '背后', '巨大', '工作量', '需要', '挑战', '事物', '令人', '肃然起敬', '加油', '期待']",45,2,0.4915745854377746,正面,"[('，', 'MOVIE', 11, 12), ('，', 'OTHER', 20, 21), ('，', 'OTHER', 32, 33), ('。', 'OTHER', 44, 45), ('，', 'OTHER', 49, 50), ('新路', 'OTHER', 62, 64), ('；', 'OTHER', 64, 65), ('。', 'MOVIE', 86, 87), ('，', 'MOVIE', 99, 100), ('！', 'OTHER', 105, 106), ('，', 'OTHER', 115, 116), ('，', 'OTHER', 135, 136), ('。', 'OTHER', 142, 143), ('！', 'OTHER', 146, 147), ('！', 'OTHER', 149, 150)]",[],[],[],[],"[('不止', 0.6051758219008333), ('给出', 0.5886120697741667), ('电影', 0.554823310765), ('从到', 0.4925515045958333), ('续集', 0.43105539960416667), ('方方面面', 0.3903365899508333), ('工作量', 0.38945003168250003), ('加油', 0.3669553104654167), ('震惊', 0.32381781008), ('开创', 0.3099670614841667), ('战胜', 0.30830783256), ('事物', 0.28713619663625), ('期待', 0.27955201341416663), ('挑战', 0.27470020296708336), ('怀疑', 0.2736250523466667), ('故事', 0.25501560683624996), ('在于', 0.24186558829208335), ('提升', 0.23213586950166668), ('标准', 0.22552089206791667), ('提高', 0.19725769499083334)]","['不止', '给出', '电影', '从到', '续集', '方方面面', '工作量', '加油', '震惊', '开创', '战胜', '事物', '期待', '挑战', '怀疑', '故事', '在于', '提升', '标准', '提高']",True,0.004391000170689485,0.0043601298067863555,0.004382616592516811,4,"[('故事', '中性', 0.0, '这部前传故事的续集电影', []), ('电影', '中性', 0.0, '故事的续集电影，可不止比', []), ('战胜', '中性', 0.0, '很难，难在战胜怀疑从无到', []), ('新路', '中性', 0.0, '无到有开创新路；而从到的', []), ('标准', '中性', 0.0, '惊喜和提高标准。这次电影', []), ('电影', '中性', 0.0, '故事的续集电影，可不止比', []), ('方方面面', '中性', 0.0, '是震惊了！方方面面的巨大提升', []), ('工作量', '中性', 0.0, '背后巨大的工作量和所需要挑', []), ('事物', '中性', 0.0, '需要挑战的事物，令人肃然', []), ('令人', '中性', 0.0, '战的事物，令人肃然起敬。', [])]",中性,无,无,无,无,中性,无,无,无,无,0.00438446772499739,0.9824817857050099,这次电影给出的都不止惊喜，而是震惊了。
豆瓣电影,学学减法吧……这大炖锅。电影是煲汤不是冒菜。,3,嘛哭当拿路哆,2023-01-25 20:19:35,35267208,学学减法吧这大炖锅。电影是煲汤不是冒菜。,"['学学', '减法', '这大', '炖锅', '电影', '煲汤', '不是', '冒菜']",8,1,0.3885522186756134,中性,"[('。', 'MOVIE', 9, 10), ('。', 'MOVIE', 19, 20)]",[],[],[],[],"[('炖锅', 2.64150609428), ('煲汤', 2.22561778594), ('减法', 2.14452476432), ('学学', 1.9937704038500002), ('电影', 1.3315759458360001)]","['炖锅', '煲汤', '减法', '学学', '电影']",False,0.022437971610465013,0.02237330853867773,0.0224674404152678,3,"[('学学', '中性', 0.0, '学学减法吧这大', []), ('炖锅', '中性', 0.0, '减法吧这大炖锅。电影是煲', []), ('电影', '中性', 0.0, '这大炖锅。电影是煲汤不是', []), ('煲汤', '中性', 0.0, '锅。电影是煲汤不是冒菜。', [])]",中性,无,无,无,无,无,无,无,无,无,0.910419004081362,0.02230227535422749,
豆瓣电影,1还只是部传统好莱坞叙事的电影，这一部才真正找到了自己的声音。虽然有很多显而易见的缺点（比如详细讲述两大独立危机带来的冗长，亲中与反中外国人的刻板刻画，未来世界女性在重要领域仍只是点缀等），但整体超出预期。视觉效果已经不输于好莱坞，故事内核也很动人以及体现着中国价值观。父女情爱情师徒情等线的处理都蛮细腻动人。喜欢那句台词：团结是需要付出代价的。ps：吴孟达出现的第一幕真催人泪下，和电影中数字生命的议题相呼应更让人唏嘘。,4,mOco,2023-01-22 15:31:12,35267208,还只是部传统好莱坞叙事的电影，这一部才真正找到了自己的声音。虽然有很多显而易见的缺点（比如详细讲述两大独立危机带来的冗长，亲中与反中外国人的刻板刻画，未来世界女性在重要领域仍只是点缀等），但整体超出预期。视觉效果已经不输于好莱坞，故事内核也很动人以及体现着中国价值观。父女情爱情师徒情等线的处理都蛮细腻动人。喜欢那句台词：团结是需要付出代价的。ps：吴孟达出现的第一幕真催人泪下，和电影中数字生命的议题相呼应更让人唏嘘。,"['传统', '好莱坞', '叙事', '电影', '一部', '真正', '找到', '声音', '虽然', '很多', '显而易见', '缺点', '比如', '详细', '讲述', '两大', '独立', '危机', '带来', '冗长', '亲中', '反中', '外国人', '刻板', '刻画', '未来', '世界', '女性', '重要', '领域', '点缀', '整体', '超出', '预期', '视觉效果', '已经', '不输于', '好莱坞', '故事', '内核', '动人', '以及', '体现', '中国', '价值观', '父女情', '爱情', '师徒', '情等线', '处理', '细腻', '动人', '喜欢', '那句', '台词', '团结', '需要', '付出代价', 'ps', '吴孟达', '出现', '第一幕', '催人泪下', '电影', '数字', '生命', '议题', '呼应', '更让人', '唏嘘']",70,2,0.6076850891113281,正面,"[('好莱坞', 'LOCATION', 6, 9), ('，', 'MOVIE', 14, 15), ('。', 'OTHER', 29, 30), ('（', 'OTHER', 42, 43), ('，', 'OTHER', 60, 61), ('，', 'OTHER', 74, 75), ('未来', 'TIME', 75, 77), ('）', 'OTHER', 92, 93), ('，', 'OTHER', 93, 94), ('。', 'OTHER', 101, 102), ('好莱坞', 'LOCATION', 111, 114), ('，', 'OTHER', 114, 115), ('中国', 'LOCATION', 128, 130), ('。', 'OTHER', 133, 134), ('。', 'OTHER', 153, 154), ('：', 'OTHER', 160, 161), ('。', 'OTHER', 171, 172), ('：', 'OTHER', 174, 175), ('吴孟达', 'PERSON', 175, 178), ('，', 'MOVIE', 189, 190), ('。', 'OTHER', 209, 210)]",['吴孟达'],"['好莱坞', '好莱坞', '中国']",[],[],"[('好莱坞', 0.3583614091748), ('动人', 0.3315019818236), ('电影', 0.2663151891672), ('父女情', 0.264150609428), ('反中', 0.23909535005799998), ('输于', 0.23909535005799998), ('情等线', 0.23909535005799998), ('视觉效果', 0.214452476432), ('内核', 0.201880303244), ('冗长', 0.200589532822), ('刻板', 0.200589532822), ('唏嘘', 0.19977309293099998), ('更让人', 0.18846681675), ('台词', 0.18493434603640002), ('点缀', 0.1822637181838), ('价值观', 0.1761385490234), ('呼应', 0.1738238299826), ('叙事', 0.172863645599), ('师徒', 0.1654611307658), ('议题', 0.16354185100039997)]","['好莱坞', '动人', '电影', '父女情', '反中', '输于', '情等线', '视觉效果', '内核', '冗长', '刻板', '唏嘘', '更让人', '台词', '点缀', '价值观', '呼应', '叙事', '师徒', '议题']",True,0.9885914444582293,0.002840647087655993,0.002860396262983237,0,"[('传统', '中性', 0.0, '还只是部传统好莱坞叙事', []), ('好莱坞', '中性', 0.0, '只是部传统好莱坞叙事的电影', []), ('电影', '中性', 0.0, '莱坞叙事的电影，这一部才', []), ('声音', '中性', 0.0, '到了自己的声音。虽然有很', []), ('缺点', '中性', 0.0, '显而易见的缺点（比如详细', []), ('危机', '中性', 0.0, '述两大独立危机带来的冗长', []), ('冗长', '中性', 0.0, '危机带来的冗长，亲中与反', []), ('外国人', '负面', 0.3333333333333333, '亲中与反中外国人的刻板刻画', [('刻板', -1.0)]), ('刻板', '负面', 0.3333333333333333, '中外国人的刻板刻画，未来', [('刻板', -1.0)]), ('刻画', '负面', 0.3333333333333333, '国人的刻板刻画，未来世界', [('刻板', -1.0)]), ('世界', '中性', 0.0, '刻画，未来世界女性在重要', []), ('女性', '中性', 0.0, '，未来世界女性在重要领域', []), ('领域', '中性', 0.0, '女性在重要领域仍只是点缀', []), ('整体', '中性', 0.0, '缀等），但整体超出预期。', []), ('视觉效果', '中性', 0.0, '超出预期。视觉效果已经不输于', []), ('好莱坞', '中性', 0.0, '只是部传统好莱坞叙事的电影', []), ('故事', '中性', 0.0, '于好莱坞，故事内核也很动', []), ('内核', '中性', 0.0, '莱坞，故事内核也很动人以', []), ('动人', '中性', 0.0, '事内核也很动人以及体现着', []), ('中国', '中性', 0.0, '以及体现着中国价值观。父', []), ('价值观', '中性', 0.0, '体现着中国价值观。父女情爱', []), ('父女情', '中性', 0.0, '国价值观。父女情爱情师徒情', []), ('爱情', '中性', 0.0, '观。父女情爱情师徒情等线', []), ('师徒', '中性', 0.0, '父女情爱情师徒情等线的处', []), ('情等线', '中性', 0.0, '情爱情师徒情等线的处理都蛮', []), ('动人', '中性', 0.0, '事内核也很动人以及体现着', []), ('台词', '正面', 0.3333333333333333, '。喜欢那句台词：团结是需', [('喜欢', 1.0)]), ('吴孟达', '中性', 0.0, '的。ps：吴孟达出现的第一', []), ('电影', '中性', 0.0, '莱坞叙事的电影，这一部才', []), ('数字', '中性', 0.0, '，和电影中数字生命的议题', []), ('议题', '中性', 0.0, '数字生命的议题相呼应更让', []), ('更让人', '中性', 0.0, '议题相呼应更让人唏嘘。', [])]",中性,中性,无,无,无,中性,无,中性,无,无,0.0028548847686536882,0.0028526274224778604,视觉效果已经不输于好莱坞，故事内核也很动人以及体现着中国价值观。
豆瓣电影,【IMAX版早场归来】尽管未提出或呈现全新的科幻概念/图景，但各方面比起第一部都有不小的进步与升级，观感上佳。形式与结构上，视觉特效与服化道细节的精湛用心肉眼可见，几位老戏骨都发挥出演技，剪辑不再有前作中混乱潦草的问题，三线交织的结构（分别从航天员/军人、量子计算机技术人员及外交代表/决策者的角度切入）也让叙事体量足够丰富，个人不赞同关于本片节奏慢（与“慢电影”比小巫见大巫）或文本过载（实而不烧脑且略直白，另还有平民生存与联合政府施政方式这两个层面未铺展描摹）的说法。文本深层方面，延拓并融贯了理性（数字生命，或服从/牺牲，虚拟空间，超感性彼岸世界）vs.感性（有情肉身，自保/私欲，地球空间，现世凡尘）的二项对立式。最终，要的是共存互补的人[性]，所以看似破坏的儿女私情实则成为拯救的关键一环。（8.5/10）,4,冰红深蓝,2023-01-24 17:28:14,35267208,【IMAX版早场归来】尽管未提出或呈现全新的科幻概念图景，但各方面比起第一部都有不小的进步与升级，观感上佳。形式与结构上，视觉特效与服化道细节的精湛用心肉眼可见，几位老戏骨都发挥出演技，剪辑不再有前作中混乱潦草的问题，三线交织的结构（分别从航天员军人、量子计算机技术人员及外交代表决策者的角度切入）也让叙事体量足够丰富，个人不赞同关于本片节奏慢（与慢电影比小巫见大巫）或文本过载（实而不烧脑且略直白，另还有平民生存与联合政府施政方式这两个层面未铺展描摹）的说法。文本深层方面，延拓并融贯了理性（数字生命，或服从牺牲，虚拟空间，超感性彼岸世界）vs感性（有情肉身，自保私欲，地球空间，现世凡尘）的二项对立式。最终，要的是共存互补的人性，所以看似破坏的儿女私情实则成为拯救的关键一环。（）,"['IMAX', '早场', '归来', '尽管', '提出', '呈现', '全新', '科幻', '概念', '图景', '方面', '比起', '第一部', '不小', '进步', '升级', '观感', '上佳', '形式', '结构', '视觉', '特效', '服化', '细节', '精湛', '用心', '肉眼', '可见', '几位', '老戏骨', '发挥', '演技', '剪辑', '不再', '有前', '作中', '混乱', '潦草', '问题', '三线', '交织', '结构', '分别', '航天员', '军人', '量子', '计算机', '技术人员', '外交代表', '决策者', '角度', '切入', '叙事体', '足够', '丰富', '个人', '赞同', '关于', '本片', '节奏', '电影', '小巫见大巫', '文本', '过载', '实而', '不烧', '脑且', '直白', '平民', '生存', '联合政府', '施政', '方式', '两个', '层面', '铺展', '描摹', '说法', '文本', '深层', '方面', '延拓', '融贯', '理性', '数字', '生命', '服从', '牺牲', '虚拟空间', '感性', '彼岸', '世界', 'vs', '感性', '有情', '肉身', '自保', '私欲', '地球空间', '现世', '凡尘', '二项', '立式', '最终', '共存', '互补', '人性', '所以', '看似', '破坏', '儿女', '私情', '实则', '成为', '拯救', '关键', '一环']",117,2,0.5943463444709778,正面,"[('【', 'OTHER', 0, 1), ('】', 'OTHER', 10, 11), ('，', 'OTHER', 28, 29), ('，', 'OTHER', 48, 49), ('。', 'OTHER', 53, 54), ('，', 'OTHER', 60, 61), ('，', 'OTHER', 80, 81), ('，', 'OTHER', 92, 93), ('，', 'OTHER', 108, 109), ('（', 'OTHER', 116, 117), ('、', 'OTHER', 125, 126), ('）', 'OTHER', 148, 149), ('，', 'OTHER', 159, 160), ('（', 'MOVIE', 172, 173), ('）', 'MOVIE', 183, 184), ('（', 'OTHER', 189, 190), ('，', 'OTHER', 199, 200), ('联合政府', 'ORGANIZATION', 208, 212), ('施政', 'PERSON', 212, 214), ('）', 'OTHER', 226, 227), ('。', 'OTHER', 230, 231), ('，', 'OTHER', 237, 238), ('融贯', 'PERSON', 241, 243), ('（', 'OTHER', 246, 247), ('，', 'OTHER', 251, 252), ('，', 'OTHER', 257, 258), ('，', 'OTHER', 262, 263), ('）', 'OTHER', 270, 271), ('（', 'OTHER', 275, 276), ('，', 'OTHER', 280, 281), ('，', 'OTHER', 285, 286), ('，', 'OTHER', 290, 291), ('现世', 'TIME', 291, 293), ('凡尘', 'PERSON', 293, 295), ('）', 'OTHER', 295, 296), ('。', 'OTHER', 302, 303), ('，', 'OTHER', 305, 306), ('，', 'OTHER', 316, 317), ('。', 'OTHER', 339, 340), ('（', 'OTHER', 340, 341), ('）', 'OTHER', 341, 342)]","['施政', '融贯', '凡尘']",[],['联合政府'],[],"[('感性', 0.22213364879156627), ('文本', 0.21553856853903613), ('叙事体', 0.16747804400000002), ('延拓', 0.16747804400000002), ('地球空间', 0.16747804400000002), ('早场', 0.15912687314939758), ('本片', 0.1507757023), ('虚拟空间', 0.1507757023), ('服化', 0.14403334340843374), ('老戏骨', 0.14403334340843374), ('作中', 0.14403334340843374), ('铺展', 0.13407336059879518), ('私欲', 0.1333429434686747), ('外交代表', 0.13023656865783134), ('科幻', 0.12918823881445782), ('观感', 0.12733100170843373), ('剪辑', 0.12649976229277107), ('描摹', 0.12649976229277107), ('过载', 0.12572218974939758), ('直白', 0.12273621187108433)]","['感性', '文本', '叙事体', '延拓', '地球空间', '早场', '本片', '虚拟空间', '服化', '老戏骨', '作中', '铺展', '私欲', '外交代表', '科幻', '观感', '剪辑', '描摹', '过载', '直白']",True,0.9931804195109496,0.0016989259805124987,0.0017055730700606235,0,"[('早场', '中性', 0.0, 'IMAX版早场归来】尽管', []), ('科幻', '中性', 0.0, '呈现全新的科幻概念图景，', []), ('概念', '中性', 0.0, '全新的科幻概念图景，但各', []), ('图景', '中性', 0.0, '的科幻概念图景，但各方面', []), ('方面', '中性', 0.0, '图景，但各方面比起第一部', []), ('观感', '中性', 0.0, '步与升级，观感上佳。形式', []), ('形式', '中性', 0.0, '观感上佳。形式与结构上，', []), ('结构', '中性', 0.0, '佳。形式与结构上，视觉特', []), ('视觉', '中性', 0.0, '与结构上，视觉特效与服化', []), ('细节', '中性', 0.0, '效与服化道细节的精湛用心', []), ('用心', '中性', 0.0, '细节的精湛用心肉眼可见，', []), ('肉眼', '中性', 0.0, '的精湛用心肉眼可见，几位', []), ('老戏骨', '中性', 0.0, '可见，几位老戏骨都发挥出演', []), ('演技', '中性', 0.0, '骨都发挥出演技，剪辑不再', []), ('剪辑', '中性', 0.0, '挥出演技，剪辑不再有前作', []), ('问题', '中性', 0.0, '混乱潦草的问题，三线交织', []), ('交织', '中性', 0.0, '问题，三线交织的结构（分', []), ('结构', '中性', 0.0, '佳。形式与结构上，视觉特', []), ('航天员', '中性', 0.0, '构（分别从航天员军人、量子', []), ('军人', '中性', 0.0, '别从航天员军人、量子计算', []), ('量子', '中性', 0.0, '天员军人、量子计算机技术', []), ('计算机', '中性', 0.0, '军人、量子计算机技术人员及', []), ('技术人员', '中性', 0.0, '量子计算机技术人员及外交代表', []), ('外交代表', '中性', 0.0, '技术人员及外交代表决策者的角', []), ('决策者', '中性', 0.0, '及外交代表决策者的角度切入', []), ('角度', '中性', 0.0, '表决策者的角度切入）也让', []), ('叙事体', '正面', 0.3333333333333333, '切入）也让叙事体量足够丰富', [('丰富', 1.0)]), ('个人', '正面', 0.3333333333333333, '足够丰富，个人不赞同关于', [('丰富', 1.0)]), ('本片', '中性', 0.0, '不赞同关于本片节奏慢（与', []), ('节奏', '中性', 0.0, '同关于本片节奏慢（与慢电', []), ('电影', '中性', 0.0, '奏慢（与慢电影比小巫见大', []), ('文本', '中性', 0.0, '见大巫）或文本过载（实而', []), ('平民', '中性', 0.0, '白，另还有平民生存与联合', []), ('联合政府', '中性', 0.0, '平民生存与联合政府施政方式这', []), ('施政', '中性', 0.0, '与联合政府施政方式这两个', []), ('方式', '中性', 0.0, '合政府施政方式这两个层面', []), ('层面', '中性', 0.0, '方式这两个层面未铺展描摹', []), ('文本', '中性', 0.0, '见大巫）或文本过载（实而', []), ('深层', '中性', 0.0, '说法。文本深层方面，延拓', []), ('方面', '中性', 0.0, '图景，但各方面比起第一部', []), ('融贯', '中性', 0.0, '面，延拓并融贯了理性（数', []), ('理性', '中性', 0.0, '拓并融贯了理性（数字生命', []), ('数字', '中性', 0.0, '贯了理性（数字生命，或服', []), ('虚拟空间', '中性', 0.0, '服从牺牲，虚拟空间，超感性彼', []), ('感性', '中性', 0.0, '拟空间，超感性彼岸世界）', []), ('彼岸', '中性', 0.0, '间，超感性彼岸世界）vs', []), ('世界', '中性', 0.0, '超感性彼岸世界）vs感性', []), ('感性', '中性', 0.0, '拟空间，超感性彼岸世界）', []), ('有情', '中性', 0.0, 'vs感性（有情肉身，自保', []), ('肉身', '中性', 0.0, '感性（有情肉身，自保私欲', []), ('私欲', '中性', 0.0, '肉身，自保私欲，地球空间', []), ('地球空间', '中性', 0.0, '自保私欲，地球空间，现世凡尘', []), ('凡尘', '中性', 0.0, '空间，现世凡尘）的二项对', []), ('人性', '中性', 0.0, '共存互补的人性，所以看似', []), ('儿女', '中性', 0.0, '看似破坏的儿女私情实则成', []), ('私情', '中性', 0.0, '破坏的儿女私情实则成为拯', []), ('实则', '中性', 0.0, '的儿女私情实则成为拯救的', []), ('关键', '中性', 0.0, '成为拯救的关键一环。（）', [])]",中性,无,中性,无,无,无,无,无,无,无,0.001709983697403844,0.0017050977410734134,形式与结构上，视觉特效与服化道细节的精湛用心肉眼可见，几位老戏骨都发挥出演技，剪辑不再有前作中混乱潦草的问题，三线交织的结构（分别从航天员军人、量子计算机技术人员及外交代表决策者的角度切入）也让叙事体量足够丰富，个人不赞同关于本片节奏慢（与慢电影比小巫见大巫）或文本过载（实而不烧脑且略直白，另还有平民生存与联合政府施政方式这两个层面未铺展描摹）的说法。
豆瓣电影,我不喜欢“一定” 没什么是一定会做到的,3,Wanli,2023-01-23 19:13:37,35267208,我不喜欢一定 没什么是一定会做到的,"['喜欢', '一定', '没什么', '一定', '做到']",5,2,0.4323180615901947,正面,"[(' ', 'OTHER', 6, 7)]",[],[],[],[],"[('做到', 3.32893986459), ('喜欢', 2.85129420151)]","['做到', '喜欢']",False,0.03386874215897224,0.03356669054146214,0.034402763472373865,3,"[('没什么', '正面', 0.3333333333333333, '喜欢一定 没什么是一定会做', [('喜欢', 1.0)])]",无,无,无,无,无,无,无,无,无,无,0.8642185010886189,0.03394330273857286,
豆瓣电影,技术上非常硬核，既是前传也是对1和世界观的合理补充，终于理解了科幻不是科学，但它们是可以紧密结合的。主题上仍发挥着 “人类命运共同体”的概念，却不再是正义为先、昂扬向上的基调，变得凸显日常但同样宏大。没有中间角色，因为三条线的主角或双主角都是均匀的，每个人都有自己的故事跟命运。喜欢图恒宇和马兆那条线，对“数字生命”的解释做得很通俗，呈现的是情感、精神上的选择与对峙。电影最后还是落到情感、落到人，将中国式家国情怀一并包裹进“中国故事”的表达中。,4,大奇特(Grinch),2023-01-22 18:55:23,35267208,技术上非常硬核，既是前传也是对和世界观的合理补充，终于理解了科幻不是科学，但它们是可以紧密结合的。主题上仍发挥着 人类命运共同体的概念，却不再是正义为先、昂扬向上的基调，变得凸显日常但同样宏大。没有中间角色，因为三条线的主角或双主角都是均匀的，每个人都有自己的故事跟命运。喜欢图恒宇和马兆那条线，对数字生命的解释做得很通俗，呈现的是情感、精神上的选择与对峙。电影最后还是落到情感、落到人，将中国式家国情怀一并包裹进中国故事的表达中。,"['技术', '非常', '硬核', '世界观', '合理', '补充', '终于', '理解', '科幻', '不是', '科学', '它们', '紧密结合', '主题', '发挥', '人类', '命运', '共同体', '概念', '不再', '正义', '为先', '昂扬', '向上', '基调', '变得', '凸显', '日常', '同样', '宏大', '中间', '角色', '因为', '三条', '主角', '主角', '均匀', '每个', '故事', '命运', '喜欢', '图恒宇', '马兆', '那条', '数字', '生命', '解释', '通俗', '呈现', '情感', '精神', '选择', '对峙', '电影', '最后', '落到', '情感', '落到', '中国式', '家国', '情怀', '一并', '包裹', '中国', '故事', '表达']",66,2,0.5893979668617249,正面,"[('，', 'OTHER', 7, 8), ('世界观', 'OTHER', 16, 19), ('，', 'OTHER', 24, 25), ('，', 'OTHER', 36, 37), ('。', 'OTHER', 48, 49), (' ', 'OTHER', 56, 57), ('，', 'OTHER', 67, 68), ('、', 'OTHER', 76, 77), ('，', 'OTHER', 84, 85), ('。', 'OTHER', 96, 97), ('，', 'OTHER', 103, 104), ('，', 'OTHER', 121, 122), ('。', 'OTHER', 135, 136), ('图恒宇', 'PERSON', 138, 141), ('马兆', 'PERSON', 142, 144), ('，', 'OTHER', 147, 148), ('，', 'OTHER', 161, 162), ('、', 'OTHER', 168, 169), ('。', 'MOVIE', 178, 179), ('、', 'MOVIE', 189, 190), ('，', 'OTHER', 193, 194), ('中国式', 'OTHER', 195, 198), ('中国', 'LOCATION', 207, 209), ('。', 'OTHER', 215, 216)]","['图恒宇', '马兆']",['中国'],[],[],"[('主角', 0.3564508740257778), ('落到', 0.3364078134257778), ('情感', 0.3311203213257778), ('命运', 0.2936435525053333), ('硬核', 0.2935006771422222), ('故事', 0.272016647292), ('前传', 0.26908707072666666), ('家国', 0.26566150006444444), ('科幻', 0.23828052936888888), ('昂扬', 0.22638012411777778), ('为先', 0.20991845234933335), ('情怀', 0.20270120353022222), ('通俗', 0.19375320225955556), ('共同体', 0.1875798252851111), ('对峙', 0.18099856529755556), ('正义', 0.17860103280844444), ('包裹', 0.17364228722355554), ('基调', 0.16913249069044445), ('角色', 0.1560522485262222), ('表达', 0.151107238734)]","['主角', '落到', '情感', '命运', '硬核', '故事', '前传', '家国', '科幻', '昂扬', '为先', '情怀', '通俗', '共同体', '对峙', '正义', '包裹', '基调', '角色', '表达']",True,0.0030229169186429066,0.0030108009439049747,0.9879326701148959,2,"[('技术', '中性', 0.0, '技术上非常硬核', []), ('硬核', '中性', 0.0, '技术上非常硬核，既是前传', []), ('世界观', '正面', 0.3333333333333333, '传也是对和世界观的合理补充', [('合理', 1.0)]), ('科幻', '中性', 0.0, '终于理解了科幻不是科学，', []), ('科学', '中性', 0.0, '了科幻不是科学，但它们是', []), ('主题', '中性', 0.0, '密结合的。主题上仍发挥着', []), ('人类', '中性', 0.0, '仍发挥着 人类命运共同体', []), ('命运', '中性', 0.0, '挥着 人类命运共同体的概', []), ('共同体', '中性', 0.0, ' 人类命运共同体的概念，却', []), ('概念', '中性', 0.0, '运共同体的概念，却不再是', []), ('正义', '中性', 0.0, '，却不再是正义为先、昂扬', []), ('基调', '中性', 0.0, '昂扬向上的基调，变得凸显', []), ('角色', '中性', 0.0, '。没有中间角色，因为三条', []), ('主角', '中性', 0.0, '为三条线的主角或双主角都', []), ('主角', '中性', 0.0, '为三条线的主角或双主角都', []), ('故事', '中性', 0.0, '都有自己的故事跟命运。喜', []), ('命运', '中性', 0.0, '挥着 人类命运共同体的概', []), ('图恒宇', '正面', 0.3333333333333333, '命运。喜欢图恒宇和马兆那条', [('喜欢', 1.0)]), ('马兆', '中性', 0.0, '欢图恒宇和马兆那条线，对', []), ('数字', '中性', 0.0, '那条线，对数字生命的解释', []), ('通俗', '中性', 0.0, '解释做得很通俗，呈现的是', []), ('情感', '中性', 0.0, '，呈现的是情感、精神上的', []), ('精神', '中性', 0.0, '的是情感、精神上的选择与', []), ('电影', '中性', 0.0, '择与对峙。电影最后还是落', []), ('情感', '中性', 0.0, '，呈现的是情感、精神上的', []), ('中国式', '中性', 0.0, '落到人，将中国式家国情怀一', []), ('家国', '中性', 0.0, '，将中国式家国情怀一并包', []), ('情怀', '中性', 0.0, '中国式家国情怀一并包裹进', []), ('中国', '中性', 0.0, '落到人，将中国式家国情怀', []), ('故事', '中性', 0.0, '都有自己的故事跟命运。喜', [])]",中性,中性,中性,中性,无,中性,中性,无,无,无,0.00301770923810965,0.0030159027844463746,技术上非常硬核，既是前传也是对和世界观的合理补充，终于理解了科幻不是科学，但它们是可以紧密结合的。
豆瓣电影,音乐好好，特效有些地方好，有些地方好粗糙。“我们的人一定行”的类型以后别再拍了，太尬了。,4,民咕咕,2023-01-24 01:23:05,35267208,音乐好好，特效有些地方好，有些地方好粗糙。我们的人一定行的类型以后别再拍了，太尬了。,"['音乐', '好好', '特效', '有些', '地方', '有些', '地方', '粗糙', '我们', '一定', '类型', '以后', '太尬']",13,2,0.440125823020935,正面,"[('，', 'OTHER', 4, 5), ('，', 'OTHER', 12, 13), ('。', 'OTHER', 20, 21), ('，', 'OTHER', 37, 38), ('。', 'OTHER', 41, 42)]",[],[],[],[],"[('地方', 2.207946217165), ('音乐', 1.6574172784225), ('类型', 1.4286925426225)]","['地方', '音乐', '类型']",False,0.014440982698702769,0.014410424539094413,0.9420983709256087,2,"[('音乐', '中性', 0.0, '音乐好好，特效', []), ('地方', '正面', 0.3333333333333333, '，特效有些地方好，有些地', [('好', 1.0)]), ('地方', '正面', 0.3333333333333333, '，特效有些地方好，有些地', [('好', 1.0)]), ('类型', '中性', 0.0, '人一定行的类型以后别再拍', [])]",无,无,无,无,无,无,无,无,无,无,0.014647683347840869,0.014402538488753242,
豆瓣电影,高于预期。但周老师全场败笔，除了会说“务必要”、“我相信”、“请相信”、“一会定”之外，没有任何实际作用。,4,wboy,2023-02-05 01:26:56,35267208,高于预期。但周老师全场败笔，除了会说务必要、我相信、请相信、一会定之外，没有任何实际作用。,"['高于', '预期', '但周', '老师', '全场', '败笔', '除了', '务必', '相信', '相信', '一会', '之外', '任何', '实际', '作用']",15,2,0.4511184990406036,正面,"[('。', 'OTHER', 4, 5), ('周', 'PERSON', 6, 7), ('，', 'OTHER', 13, 14), ('、', 'OTHER', 21, 22), ('、', 'OTHER', 25, 26), ('、', 'OTHER', 29, 30), ('，', 'OTHER', 35, 36), ('。', 'OTHER', 44, 45)]",['周'],[],[],[],"[('败笔', 1.21089181827), ('相信', 1.132269644814), ('全场', 0.8806927451170001), ('老师', 0.63734217326), ('高于', 0.603165827548), ('实际', 0.530374949254), ('预期', 0.470230865178), ('作用', 0.448870341217), ('没有', 0.31128235651499997)]","['败笔', '相信', '全场', '老师', '高于', '实际', '预期', '作用', '没有']",False,0.012591623662975058,0.012556235493268704,0.012539855500228946,3,"[('老师', '中性', 0.0, '预期。但周老师全场败笔，', []), ('全场', '中性', 0.0, '。但周老师全场败笔，除了', []), ('败笔', '中性', 0.0, '周老师全场败笔，除了会说', []), ('实际', '中性', 0.0, '，没有任何实际作用。', [])]",无,无,无,无,无,无,无,无,无,无,0.9496922130270792,0.012620072316448036,
豆瓣电影,清一色的四星五星让我怀疑豆瓣是不是被买通了……真的没第一部好看啊……,3,奔向深蓝,2023-01-22 21:06:43,35267208,清一色的四星五星让我怀疑豆瓣是不是被买通了真的没第一部好看啊,"['清一色', '四星', '五星', '怀疑', '豆瓣', '是不是', '买通', '真的', '第一部', '好看']",10,2,0.4491532146930694,正面,"[('四星', 'OTHER', 4, 6), ('五星', 'OTHER', 6, 8)]",[],[],[],[],"[('豆瓣', 2.782022232425), ('买通', 2.518009063875), ('好看', 1.8990572123875), ('怀疑', 1.64175031408)]","['豆瓣', '买通', '好看', '怀疑']",False,0.9264564433474194,0.018224993647312834,0.018250870473300002,0,"[('四星', '中性', 0.0, '清一色的四星五星让我怀', []), ('五星', '中性', 0.0, '一色的四星五星让我怀疑豆', []), ('豆瓣', '中性', 0.0, '星让我怀疑豆瓣是不是被买', []), ('是不是', '中性', 0.0, '我怀疑豆瓣是不是被买通了真', [])]",无,无,无,无,无,无,无,无,无,无,0.018381347817559825,0.018686344714407818,
豆瓣电影,图恒宇的线超乎想象,4,EAZIN,2023-01-25 19:12:31,35267208,图恒宇的线超乎想象,"['图恒宇', '超乎', '想象']",3,2,0.4779267311096191,正面,"[('图恒宇', 'PERSON', 0, 3)]",['图恒宇'],[],[],[],"[('超乎', 4.75311424865), ('想象', 3.351247037435)]","['超乎', '想象']",False,0.05142944957224025,0.05001167942414884,0.050866295997014054,3,"[('图恒宇', '中性', 0.0, '图恒宇的线超乎想', []), ('想象', '中性', 0.0, '宇的线超乎想象', [])]",无,无,无,无,无,无,无,无,无,无,0.7972639377664199,0.05042863724017686,
豆瓣电影,异国他乡看的电影 结束后整个IMAX的人都在鼓掌 中国牛逼！！！,5,Aryana H.,2023-01-23 11:23:07,35267208,异国他乡看的电影 结束后整个IMAX的人都在鼓掌 中国牛逼！！！,"['异国他乡', '电影', '结束', '整个', 'IMAX', '鼓掌', '中国']",7,2,0.4794757068157196,正面,"[(' ', 'MOVIE', 8, 9), (' ', 'OTHER', 24, 25), ('中国', 'LOCATION', 25, 27), ('！', 'OTHER', 29, 30), ('！', 'OTHER', 30, 31), ('！', 'OTHER', 31, 32)]",[],['中国'],[],[],"[('鼓掌', 2.32638945046), ('电影', 1.664469932295), ('结束', 1.3343888821675), ('中国', 0.756830171665)]","['鼓掌', '电影', '结束', '中国']",False,0.025439599726347645,0.025491103056681823,0.025344169348627987,4,"[('异国他乡', '中性', 0.0, '异国他乡看的电影 ', []), ('电影', '中性', 0.0, '国他乡看的电影 结束后整', []), ('中国', '中性', 0.0, '都在鼓掌 中国牛逼！！！', [])]",中性,中性,无,无,无,无,无,无,无,无,0.0252833244848228,0.8984418033835198,
豆瓣电影,我提出拯救中国科幻计划，让郭帆拍三体,5,bOingbOing,2023-01-24 20:07:52,35267208,我提出拯救中国科幻计划，让郭帆拍三体,"['提出', '拯救', '中国', '科幻', '计划', '郭帆', '拍三体']",7,2,0.4866170883178711,正面,"[('中国', 'LOCATION', 5, 7), ('，', 'OTHER', 11, 12), ('郭帆', 'PERSON', 13, 15)]",['郭帆'],['中国'],[],[],"[('三体', 1.9924612504833332), ('科幻', 1.7871039702666665), ('拯救', 1.3404574162483334), ('计划', 0.8289160439533334), ('提出', 0.7866448471016666), ('中国', 0.5045534477766667)]","['三体', '科幻', '拯救', '计划', '提出', '中国']",False,0.02546725540221594,0.02515226935749685,0.02533324455255512,4,"[('中国', '中性', 0.0, '我提出拯救中国科幻计划，', []), ('科幻', '中性', 0.0, '出拯救中国科幻计划，让郭', []), ('计划', '中性', 0.0, '救中国科幻计划，让郭帆拍', []), ('郭帆', '中性', 0.0, '幻计划，让郭帆拍三体', []), ('三体', '中性', 0.0, '，让郭帆拍三体', [])]",无,中性,中性,无,无,无,无,无,无,无,0.025312974664835942,0.8987342560228961,
豆瓣电影,2.5 / 愿意为刘德华那条线给到三颗星，但依然实在是太笨重、太粗糙、太“可见”了……堆积的特效画面之外有足够突出的视觉主题吗？走马灯般轮转的人物有深邃的面容吗？不同线索的交织除了推进故事的需求之外有内在的共振吗？这么拍下去，所谓中国科幻恐怕仍然只能成为好莱坞的脆弱否定，变成另一种被空洞的图像细密覆盖的世界，没有办法探索出更多东西。,3,寒枝雀静,2023-01-26 17:25:07,35267208,愿意为刘德华那条线给到三颗星，但依然实在是太笨重、太粗糙、太可见了堆积的特效画面之外有足够突出的视觉主题吗？走马灯般轮转的人物有深邃的面容吗？不同线索的交织除了推进故事的需求之外有内在的共振吗？这么拍下去，所谓中国科幻恐怕仍然只能成为好莱坞的脆弱否定，变成另一种被空洞的图像细密覆盖的世界，没有办法探索出更多东西。,"['愿意', '刘德华', '那条', '三颗', '依然', '实在', '笨重', '粗糙', '可见', '堆积', '特效', '画面', '之外', '足够', '突出', '视觉', '主题', '走马灯', '轮转', '人物', '深邃', '面容', '不同', '线索', '交织', '除了', '推进', '故事', '需求', '之外', '内在', '共振', '这么', '拍下去', '所谓', '中国', '科幻', '恐怕', '仍然', '只能', '成为', '好莱坞', '脆弱', '否定', '变成', '一种', '空洞', '图像', '细密', '覆盖', '世界', '办法', '探索', '东西']",54,2,0.5072419047355652,正面,"[('刘德华', 'PERSON', 3, 6), ('，', 'OTHER', 14, 15), ('、', 'OTHER', 24, 25), ('、', 'OTHER', 28, 29), ('？', 'OTHER', 53, 54), ('？', 'OTHER', 70, 71), ('？', 'OTHER', 96, 97), ('，', 'OTHER', 102, 103), ('中国', 'LOCATION', 105, 107), ('好莱坞', 'LOCATION', 117, 120), ('，', 'OTHER', 125, 126), ('，', 'OTHER', 144, 145), ('东西', 'LOCATION', 154, 156), ('。', 'OTHER', 156, 157)]",['刘德华'],"['中国', '好莱坞', '东西']",[],[],"[('拍下去', 0.3861299347777778), ('给到', 0.33207687508055556), ('科幻', 0.2978506617111111), ('轮转', 0.28658774204166665), ('走马灯', 0.2774626290708333), ('好莱坞', 0.24886208970472223), ('空洞', 0.24603479264055558), ('共振', 0.23895445237305557), ('面容', 0.2325346823461111), ('交织', 0.22931196539805557), ('视觉', 0.22340956937472223), ('画面', 0.2164904101175), ('图像', 0.21545811160694445), ('线索', 0.20899863066888888), ('否定', 0.2080238717852778), ('堆积', 0.20553855504000001), ('探索', 0.19205864423805555), ('覆盖', 0.18895283370500002), ('足够', 0.18278196360277776), ('可见', 0.17837161150527778)]","['拍下去', '给到', '科幻', '轮转', '走马灯', '好莱坞', '空洞', '共振', '面容', '交织', '视觉', '画面', '图像', '线索', '否定', '堆积', '探索', '覆盖', '足够', '可见']",True,0.003663618569286894,0.0036661275540940163,0.003677541873869709,3,"[('刘德华', '中性', 0.0, '愿意为刘德华那条线给到', []), ('画面', '中性', 0.0, '堆积的特效画面之外有足够', []), ('视觉', '中性', 0.0, '足够突出的视觉主题吗？走', []), ('主题', '中性', 0.0, '突出的视觉主题吗？走马灯', []), ('走马灯', '中性', 0.0, '觉主题吗？走马灯般轮转的人', []), ('人物', '中性', 0.0, '灯般轮转的人物有深邃的面', []), ('面容', '中性', 0.0, '物有深邃的面容吗？不同线', []), ('线索', '中性', 0.0, '容吗？不同线索的交织除了', []), ('交织', '中性', 0.0, '不同线索的交织除了推进故', []), ('故事', '中性', 0.0, '织除了推进故事的需求之外', []), ('共振', '中性', 0.0, '外有内在的共振吗？这么拍', []), ('中国', '中性', 0.0, '下去，所谓中国科幻恐怕仍', []), ('科幻', '中性', 0.0, '，所谓中国科幻恐怕仍然只', []), ('好莱坞', '中性', 0.0, '然只能成为好莱坞的脆弱否定', []), ('空洞', '中性', 0.0, '成另一种被空洞的图像细密', []), ('图像', '中性', 0.0, '种被空洞的图像细密覆盖的', []), ('世界', '中性', 0.0, '细密覆盖的世界，没有办法', []), ('办法', '中性', 0.0, '世界，没有办法探索出更多', []), ('东西', '中性', 0.0, '探索出更多东西。', [])]",无,中性,中性,无,无,中性,无,无,中性,无,0.9853275140442097,0.003665197958539591,这么拍下去，所谓中国科幻恐怕仍然只能成为好莱坞的脆弱否定，变成另一种被空洞的图像细密覆盖的世界，没有办法探索出更多东西。
豆瓣电影,电影拍得不错。但是本人不太赞同这部片子传达的世界观：“文明”并不是多了不起的东西，只要时间够长就会自然形成，请在迷信“团结就是力量”之前学会尊重万事万物。地球并不属于人类，不要一会儿炸月球一会儿推着地球跑。,3,Coka,2023-02-08 15:27:43,35267208,电影拍得不错。但是本人不太赞同这部片子传达的世界观：文明并不是多了不起的东西，只要时间够长就会自然形成，请在迷信团结就是力量之前学会尊重万事万物。地球并不属于人类，不要一会儿炸月球一会儿推着地球跑。,"['电影', '不错', '本人', '不太', '赞同', '这部', '片子', '传达', '世界观', '文明', '不是', '了不起', '东西', '时间', '自然', '形成', '迷信', '团结', '力量', '之前', '学会', '尊重', '万事万物', '地球', '属于', '人类', '不要', '一会儿', '月球', '一会儿', '地球']",31,2,0.4469270408153534,正面,"[('。', 'MOVIE', 6, 7), ('世界观', 'MOVIE', 22, 25), ('：', 'OTHER', 25, 26), ('文明', 'PERSON', 26, 28), ('东西', 'LOCATION', 36, 38), ('，', 'OTHER', 38, 39), ('，', 'OTHER', 51, 52), ('。', 'OTHER', 72, 73), ('，', 'OTHER', 81, 82), ('。', 'OTHER', 98, 99)]",['文明'],['东西'],[],[],"[('地球', 0.7862281076975), ('片子', 0.580969216624375), ('月球', 0.521732379190625), ('了不起', 0.513781565185), ('迷信', 0.493088154848125), ('传达', 0.489951295815625), ('赞同', 0.480254471930625), ('学会', 0.42192255099), ('电影', 0.41611748307375), ('人类', 0.35191653685625), ('力量', 0.347290504973125), ('属于', 0.3352423706825), ('东西', 0.29833026255125), ('形成', 0.2670095874675), ('时间', 0.25497122702875)]","['地球', '片子', '月球', '了不起', '迷信', '传达', '赞同', '学会', '电影', '人类', '力量', '属于', '东西', '形成', '时间']",False,0.006344205377345833,0.006324204984862423,0.9746876291978666,2,"[('电影', '正面', 0.3333333333333333, '电影拍得不错。', [('不错', 1.0)]), ('片子', '中性', 0.0, '太赞同这部片子传达的世界', []), ('世界观', '中性', 0.0, '片子传达的世界观：文明并不', []), ('文明', '中性', 0.0, '的世界观：文明并不是多了', []), ('东西', '中性', 0.0, '多了不起的东西，只要时间', []), ('时间', '中性', 0.0, '东西，只要时间够长就会自', []), ('力量', '中性', 0.0, '信团结就是力量之前学会尊', []), ('学会', '中性', 0.0, '是力量之前学会尊重万事万', []), ('万事万物', '中性', 0.0, '前学会尊重万事万物。地球并不', []), ('地球', '中性', 0.0, '万事万物。地球并不属于人', []), ('人类', '中性', 0.0, '球并不属于人类，不要一会', []), ('月球', '中性', 0.0, '要一会儿炸月球一会儿推着', []), ('地球', '中性', 0.0, '万事万物。地球并不属于人', [])]",正面,无,无,中性,中性,无,无,无,无,无,0.00632803404443965,0.00631592639548549,
豆瓣电影,很多废戏，各地人民reaction切换了多次，一些讨巧的幽默很难笑，整体像有个机械的公式在反复硬套。雪健老师的政治博弈写得过于生硬板正，意识形态能塞，但如何巧妙地塞还需修炼；吴京的追妻油腻老套，师徒情凑合；德华兄出彩，情节最贴科幻，感情戏不错。全片女性分量少得可怜，视效虽震撼，但文戏的进步空间还有很多，下一部添点真•科幻吧,4,Yuly_,2023-01-22 23:04:53,35267208,很多废戏，各地人民reaction切换了多次，一些讨巧的幽默很难笑，整体像有个机械的公式在反复硬套。雪健老师的政治博弈写得过于生硬板正，意识形态能塞，但如何巧妙地塞还需修炼；吴京的追妻油腻老套，师徒情凑合；德华兄出彩，情节最贴科幻，感情戏不错。全片女性分量少得可怜，视效虽震撼，但文戏的进步空间还有很多，下一部添点真科幻吧,"['很多', '废戏', '各地', '人民', 'reaction', '切换', '多次', '一些', '讨巧', '幽默', '很难', '整体', '机械', '公式', '反复', '硬套', '雪健', '老师', '政治', '博弈', '写得', '过于', '生硬', '板正', '意识形态', '能塞', '巧妙', '地塞', '修炼', '吴京', '追妻', '油腻', '老套', '师徒', '凑合', '德华', '出彩', '情节', '最贴', '科幻', '感情', '不错', '全片', '女性', '分量', '少得', '可怜', '视效', '震撼', '文戏', '进步', '空间', '很多', '一部', '添点', '科幻']",56,2,0.5881081223487854,正面,"[('，', 'OTHER', 4, 5), ('，', 'OTHER', 22, 23), ('，', 'OTHER', 33, 34), ('。', 'OTHER', 49, 50), ('雪健', 'PERSON', 50, 52), ('，', 'OTHER', 67, 68), ('，', 'OTHER', 74, 75), ('；', 'OTHER', 86, 87), ('吴京', 'LOCATION', 87, 89), ('，', 'OTHER', 96, 97), ('；', 'OTHER', 102, 103), ('德华', 'OTHER', 103, 105), ('，', 'OTHER', 108, 109), ('，', 'OTHER', 115, 116), ('。', 'MOVIE', 121, 122), ('，', 'OTHER', 132, 133), ('，', 'OTHER', 138, 139), ('，', 'OTHER', 151, 152)]",['雪健'],['吴京'],[],[],"[('科幻', 0.579601287654054), ('吴京', 0.37569399059459463), ('硬套', 0.35696028301081084), ('板正', 0.3321956686351351), ('添点', 0.3321956686351351), ('废戏', 0.3231018244027027), ('能塞', 0.3231018244027027), ('地塞', 0.3231018244027027), ('追妻', 0.3231018244027027), ('视效', 0.3231018244027027), ('全片', 0.31346196105405405), ('老套', 0.31088601024864865), ('文戏', 0.30075916026216215), ('出彩', 0.28563440923783784), ('凑合', 0.2582938440572973), ('油腻', 0.25069472537), ('修炼', 0.24541611044243242), ('震撼', 0.22550944838594594), ('师徒', 0.22359612265648648), ('分量', 0.2167606666372973)]","['科幻', '吴京', '硬套', '板正', '添点', '废戏', '能塞', '地塞', '追妻', '视效', '全片', '老套', '文戏', '出彩', '凑合', '油腻', '修炼', '震撼', '师徒', '分量']",True,0.9858776003450685,0.0035215864837871503,0.00353684058823305,0,"[('废戏', '中性', 0.0, '很多废戏，各地人民', []), ('人民', '中性', 0.0, '废戏，各地人民react', []), ('整体', '中性', 0.0, '默很难笑，整体像有个机械', []), ('机械', '中性', 0.0, '整体像有个机械的公式在反', []), ('公式', '中性', 0.0, '有个机械的公式在反复硬套', []), ('硬套', '中性', 0.0, '公式在反复硬套。雪健老师', []), ('雪健', '中性', 0.0, '反复硬套。雪健老师的政治', []), ('老师', '中性', 0.0, '硬套。雪健老师的政治博弈', []), ('政治', '中性', 0.0, '雪健老师的政治博弈写得过', []), ('板正', '负面', 0.3333333333333333, '得过于生硬板正，意识形态', [('生硬', -1.0)]), ('意识形态', '负面', 0.3333333333333333, '生硬板正，意识形态能塞，但如', [('生硬', -1.0)]), ('能塞', '中性', 0.0, '，意识形态能塞，但如何巧', []), ('地塞', '中性', 0.0, '但如何巧妙地塞还需修炼；', []), ('吴京', '中性', 0.0, '还需修炼；吴京的追妻油腻', []), ('追妻', '中性', 0.0, '炼；吴京的追妻油腻老套，', []), ('油腻', '中性', 0.0, '吴京的追妻油腻老套，师徒', []), ('老套', '中性', 0.0, '的追妻油腻老套，师徒情凑', []), ('师徒', '中性', 0.0, '油腻老套，师徒情凑合；德', []), ('德华', '中性', 0.0, '徒情凑合；德华兄出彩，情', []), ('情节', '中性', 0.0, '华兄出彩，情节最贴科幻，', []), ('科幻', '中性', 0.0, '，情节最贴科幻，感情戏不', []), ('感情', '正面', 0.3333333333333333, '最贴科幻，感情戏不错。全', [('不错', 1.0)]), ('全片', '正面', 0.3333333333333333, '情戏不错。全片女性分量少', [('不错', 1.0)]), ('女性', '正面', 0.3333333333333333, '不错。全片女性分量少得可', [('不错', 1.0)]), ('分量', '中性', 0.0, '。全片女性分量少得可怜，', []), ('视效', '正面', 0.3333333333333333, '少得可怜，视效虽震撼，但', [('震撼', 1.0)]), ('文戏', '正面', 0.3333333333333333, '虽震撼，但文戏的进步空间', [('震撼', 1.0)]), ('空间', '中性', 0.0, '文戏的进步空间还有很多，', []), ('添点', '中性', 0.0, '多，下一部添点真科幻吧', []), ('科幻', '中性', 0.0, '，情节最贴科幻，感情戏不', [])]",无,无,中性,无,无,无,无,正面,无,无,0.003529568319363669,0.0035344042635474153,全片女性分量少得可怜，视效虽震撼，但文戏的进步空间还有很多，下一部添点真科幻吧。
豆瓣电影,"太牛逼了，
对第一部的褒奖可能还有对国产特效大片鼓励的成分，第二部则完全是在国际水准看来都表现的极其出色，
迄今为止最好看的华语科幻片，放眼国际，十年内最好看的科幻片，
已经很久没有看到的近乎满分的商业片，
中国的独立日，不对，罗兰艾默里奇改名叫小郭帆吧，
应该，理应多得国内影史票房第一的桂冠！",5,怀特金,2023-01-22 12:16:36,35267208,太牛逼了， 对第一部的褒奖可能还有对国产特效大片鼓励的成分，第二部则完全是在国际水准看来都表现的极其出色， 迄今为止最好看的华语科幻片，放眼国际，十年内最好看的科幻片， 已经很久没有看到的近乎满分的商业片， 中国的独立日，不对，罗兰艾默里奇改名叫小郭帆吧， 应该，理应多得国内影史票房第一的桂冠！,"['太牛', '第一部', '褒奖', '可能', '国产', '特效', '大片', '鼓励', '成分', '第二部', '完全', '国际', '水准', '看来', '表现', '极其', '出色', '迄今为止', '好看', '华语', '科幻片', '放眼', '国际', '十年', '好看', '科幻片', '已经', '很久没', '看到', '近乎', '满分', '商业片', '中国', '独立', '罗兰', '艾默里', '改名', '郭帆', '理应', '多得', '国内', '影史', '票房', '第一', '桂冠']",45,2,0.539893627166748,正面,"[('，', 'OTHER', 4, 5), (' ', 'OTHER', 5, 6), ('，', 'OTHER', 29, 30), ('，', 'OTHER', 52, 53), (' ', 'OTHER', 53, 54), ('华语', 'MOVIE', 62, 64), ('，', 'MOVIE', 67, 68), ('，', 'OTHER', 72, 73), ('，', 'MOVIE', 83, 84), (' ', 'MOVIE', 84, 85), ('，', 'MOVIE', 102, 103), (' ', 'MOVIE', 103, 104), ('中国', 'LOCATION', 104, 106), ('，', 'OTHER', 110, 111), ('，', 'OTHER', 113, 114), ('罗兰', 'LOCATION', 114, 116), ('郭帆', 'PERSON', 124, 126), ('，', 'OTHER', 127, 128), (' ', 'OTHER', 128, 129), ('，', 'OTHER', 131, 132), ('桂冠', 'PERSON', 145, 147), ('！', 'OTHER', 147, 148)]","['郭帆', '桂冠']","['中国', '罗兰']",[],[],"[('科幻片', 0.8829010595379311), ('好看', 0.5238778516931034), ('太牛', 0.4122333621689655), ('影史', 0.4122333621689655), ('商业片', 0.4035673474), ('褒奖', 0.3348628589637931), ('罗兰', 0.32737787602448276), ('放眼', 0.3257355295075862), ('票房', 0.3096791974534483), ('国际', 0.30849736558689655), ('水准', 0.29020278339620686), ('理应', 0.2877189513889655), ('国产', 0.2648992252510345), ('出色', 0.2571222894924138), ('改名', 0.2453869168737931), ('大片', 0.2453479312748276), ('鼓励', 0.2230615770748276), ('成分', 0.21922083811275864), ('看来', 0.19137155863034483), ('独立', 0.18901095934172416)]","['科幻片', '好看', '太牛', '影史', '商业片', '褒奖', '罗兰', '放眼', '票房', '国际', '水准', '理应', '国产', '出色', '改名', '大片', '鼓励', '成分', '看来', '独立']",True,0.004300132992730604,0.004268704074027348,0.004312590375704263,4,"[('太牛', '中性', 0.0, '太牛逼了， 对', []), ('国产', '中性', 0.0, '可能还有对国产特效大片鼓', []), ('大片', '中性', 0.0, '对国产特效大片鼓励的成分', []), ('成分', '中性', 0.0, '大片鼓励的成分，第二部则', []), ('国际', '中性', 0.0, '则完全是在国际水准看来都', []), ('水准', '中性', 0.0, '全是在国际水准看来都表现', []), ('迄今为止', '正面', 0.3333333333333333, '其出色， 迄今为止最好看的华', [('出色', 1.0)]), ('华语', '中性', 0.0, '止最好看的华语科幻片，放', []), ('科幻片', '中性', 0.0, '好看的华语科幻片，放眼国际', []), ('国际', '中性', 0.0, '则完全是在国际水准看来都', []), ('科幻片', '中性', 0.0, '好看的华语科幻片，放眼国际', []), ('很久没', '中性', 0.0, '片， 已经很久没有看到的近', []), ('商业片', '中性', 0.0, '近乎满分的商业片， 中国的', []), ('中国', '中性', 0.0, '商业片， 中国的独立日，', []), ('罗兰', '中性', 0.0, '日，不对，罗兰艾默里奇改', []), ('艾默里', '中性', 0.0, '不对，罗兰艾默里奇改名叫小', []), ('郭帆', '中性', 0.0, '奇改名叫小郭帆吧， 应该', []), ('影史', '中性', 0.0, '应多得国内影史票房第一的', []), ('票房', '中性', 0.0, '得国内影史票房第一的桂冠', []), ('桂冠', '中性', 0.0, '票房第一的桂冠！', [])]",无,中性,无,无,无,无,无,无,无,无,0.00428945609366334,0.9828291164638744,太牛逼了， 对第一部的褒奖可能还有对国产特效大片鼓励的成分，第二部则完全是在国际水准看来都表现的极其出色， 迄今为止最好看的华语科幻片，放眼国际，十年内最好看的科幻片， 已经很久没有看到的近乎满分的商业片， 中国的独立日，不对，罗兰艾默里奇改名叫小郭帆吧， 应该，理应多得国内影史票房第一的桂冠。
豆瓣电影,看的时候觉得“计划这么麻烦的话要么算了吧”,3,貓小三的意思其實是如果先生,2023-01-22 17:36:39,35267208,看的时候觉得计划这么麻烦的话要么算了吧,"['时候', '觉得', '计划', '这么', '麻烦', '的话', '要么', '算了吧']",8,2,0.442945122718811,正面,[],[],[],[],[],"[('计划', 1.6578320879066668), ('觉得', 1.6096366432866667), ('时候', 1.4295821111466667)]","['计划', '觉得', '时候']",False,0.0225117309921385,0.9093164364344095,0.02281914402263014,1,"[('时候', '中性', 0.0, '看的时候觉得计划这', []), ('计划', '中性', 0.0, '的时候觉得计划这么麻烦的', []), ('算了吧', '中性', 0.0, '烦的话要么算了吧', [])]",无,无,无,无,无,无,无,无,无,无,0.022679926460972655,0.02267276208984912,
豆瓣电影,如坐针毡的三个小时，想讲的内容太多拍出来的效果却是剧情整个七零八碎，还有国产贺岁电影什么时候能少一点自以为是的“男式”幽默……,2,饼饼,2023-01-22 13:44:54,35267208,如坐针毡的三个小时，想讲的内容太多拍出来的效果却是剧情整个七零八碎，还有国产贺岁电影什么时候能少一点自以为是的男式幽默,"['如坐针毡', '三个', '小时', '内容', '太多', '出来', '效果', '却是', '剧情', '整个', '七零八碎', '国产', '贺岁', '电影', '时候', '能少', '一点', '自以为是', '男式', '幽默']",20,2,0.4589988589286804,正面,"[('，', 'OTHER', 9, 10), ('，', 'MOVIE', 33, 34), ('贺岁', 'PERSON', 38, 40)]",['贺岁'],[],[],[],"[('想讲', 0.9962306252416666), ('能少', 0.9962306252416666), ('男式', 0.9851030091916666), ('剧情', 0.7615419764316668), ('国产', 0.64017312769), ('电影', 0.554823310765), ('效果', 0.49802028892416667), ('小时', 0.4788241732675), ('内容', 0.42785694791083334), ('出来', 0.3640996878166667), ('时候', 0.35739552778666667), ('还有', 0.3356374422433333)]","['想讲', '能少', '男式', '剧情', '国产', '电影', '效果', '小时', '内容', '出来', '时候', '还有']",False,0.009651114434212467,0.009666867004219575,0.9615065728361841,2,"[('小时', '中性', 0.0, '针毡的三个小时，想讲的内', []), ('内容', '中性', 0.0, '时，想讲的内容太多拍出来', []), ('效果', '中性', 0.0, '多拍出来的效果却是剧情整', []), ('剧情', '中性', 0.0, '的效果却是剧情整个七零八', []), ('国产', '中性', 0.0, '八碎，还有国产贺岁电影什', []), ('贺岁', '中性', 0.0, '，还有国产贺岁电影什么时', []), ('电影', '中性', 0.0, '有国产贺岁电影什么时候能', []), ('时候', '中性', 0.0, '岁电影什么时候能少一点自', []), ('自以为是', '正面', 0.3333333333333333, '候能少一点自以为是的男式幽默', [('幽默', 1.0)]), ('男式', '正面', 0.3333333333333333, '自以为是的男式幽默', [('幽默', 1.0)])]",中性,无,无,无,无,无,无,无,无,无,0.009562754674880537,0.009612691050503238,
豆瓣电影,如果把吴京这条线去掉，只保留刘德华这条线，时长压缩一半，这片值四颗星,3,影君子,2023-01-23 14:24:59,35267208,如果把吴京这条线去掉，只保留刘德华这条线，时长压缩一半，这片值四颗星,"['吴京', '条线', '去掉', '保留', '刘德华', '这条线', '压缩', '一半', '这片值', '四颗星']",10,2,0.4790040850639343,正面,"[('吴京', 'LOCATION', 3, 5), ('，', 'OTHER', 10, 11), ('刘德华', 'PERSON', 14, 17), ('，', 'OTHER', 20, 21), ('，', 'MOVIE', 27, 28)]",['刘德华'],['吴京'],[],[],"[('条线', 3.4156478579714284), ('吴京', 1.9858110931428572), ('四颗星', 1.6568703655714285), ('去掉', 1.2133579829314287), ('压缩', 1.0980099362214286), ('保留', 0.9271036823414286)]","['条线', '吴京', '四颗星', '去掉', '压缩', '保留']",False,0.018333293485412152,0.018232743725798854,0.9268313531152952,2,"[('吴京', '中性', 0.0, '如果把吴京这条线去掉', []), ('条线', '中性', 0.0, '果把吴京这条线去掉，只保', []), ('刘德华', '中性', 0.0, '掉，只保留刘德华这条线，时', []), ('条线', '中性', 0.0, '果把吴京这条线去掉，只保', []), ('四颗星', '中性', 0.0, '半，这片值四颗星', [])]",无,无,无,无,无,无,无,无,中性,无,0.018324511168536624,0.018278098504957138,
豆瓣电影,最让人不能忍的傻情节，当属李雪健扮演的角色结尾崩盘，举着拐棍冲着老外大喊，点火！人家老外可说了，如果没有联网成功就点火的话，行星发动机会把地球撕裂的！但你要求点火的依据是啥，仅仅是“我们的人一定可以完成任务”？我去！这还有丝毫理性可言吗？简直太唯心了吧！那这跟相信菩萨下凡或者耶稣显灵有啥区别呢？纯纯的非理性了吧！,3,毒舌影评,2023-03-10 22:31:17,35267208,最让人不能忍的傻情节，当属李雪健扮演的角色结尾崩盘，举着拐棍冲着老外大喊，点火！人家老外可说了，如果没有联网成功就点火的话，行星发动机会把地球撕裂的！但你要求点火的依据是啥，仅仅是我们的人一定可以完成任务？我去！这还有丝毫理性可言吗？简直太唯心了吧！那这跟相信菩萨下凡或者耶稣显灵有啥区别呢？纯纯的非理性了吧！,"['最让人', '不能', '情节', '当属', '李雪健', '扮演', '角色', '结尾', '崩盘', '举着', '拐棍', '冲着', '老外', '大喊', '点火', '人家', '老外', '可说', '联网', '成功', '点火', '的话', '行星', '发动机', '地球', '撕裂', '要求', '点火', '依据', '仅仅', '我们', '一定', '完成', '任务', '丝毫', '理性', '可言', '简直', '唯心', '相信', '菩萨', '下凡', '或者', '耶稣', '显灵', '区别', '纯纯', '非理性']",48,2,0.4385377466678619,正面,"[('，', 'OTHER', 10, 11), ('李雪健', 'PERSON', 13, 16), ('，', 'OTHER', 25, 26), ('，', 'OTHER', 36, 37), ('！', 'OTHER', 39, 40), ('，', 'OTHER', 47, 48), ('联网', 'OTHER', 52, 54), ('，', 'OTHER', 61, 62), ('！', 'OTHER', 74, 75), ('，', 'OTHER', 86, 87), ('？', 'OTHER', 102, 103), ('！', 'OTHER', 105, 106), ('？', 'OTHER', 116, 117), ('！', 'OTHER', 124, 125), ('耶稣', 'PERSON', 136, 138), ('？', 'OTHER', 145, 146), ('！', 'OTHER', 154, 155)]","['李雪健', '耶稣']",[],[],[],"[('点火', 0.8144400695312902), ('老外', 0.6712367800322581), ('拐棍', 0.34209163825806455), ('下凡', 0.3270799205258064), ('崩盘', 0.3222146660177419), ('最让人', 0.32033502382), ('显灵', 0.31742692391709676), ('撕裂', 0.2989015697983871), ('结尾', 0.2926569004732258), ('可言', 0.2827380391912903), ('大喊', 0.27471556739322583), ('行星', 0.2574768967), ('扮演', 0.24736224630419357), ('菩萨', 0.2446294504912903), ('情节', 0.2408429397803226), ('角色', 0.2265274575380645), ('理性', 0.2228871214467742), ('发动机', 0.20681501833774193), ('区别', 0.20326697801806454), ('地球', 0.20289757617999998)]","['点火', '老外', '拐棍', '下凡', '崩盘', '最让人', '显灵', '撕裂', '结尾', '可言', '大喊', '行星', '扮演', '菩萨', '情节', '角色', '理性', '发动机', '区别', '地球']",True,0.9835825948010639,0.004099171898859096,0.004099900284631089,0,"[('最让人', '中性', 0.0, '最让人不能忍的傻', []), ('情节', '中性', 0.0, '不能忍的傻情节，当属李雪', []), ('李雪健', '中性', 0.0, '情节，当属李雪健扮演的角色', []), ('角色', '中性', 0.0, '雪健扮演的角色结尾崩盘，', []), ('结尾', '中性', 0.0, '扮演的角色结尾崩盘，举着', []), ('拐棍', '中性', 0.0, '崩盘，举着拐棍冲着老外大', []), ('老外', '中性', 0.0, '着拐棍冲着老外大喊，点火', []), ('人家', '中性', 0.0, '喊，点火！人家老外可说了', []), ('老外', '中性', 0.0, '着拐棍冲着老外大喊，点火', []), ('联网', '中性', 0.0, '，如果没有联网成功就点火', []), ('行星', '中性', 0.0, '点火的话，行星发动机会把', []), ('发动机', '中性', 0.0, '的话，行星发动机会把地球撕', []), ('地球', '中性', 0.0, '发动机会把地球撕裂的！但', []), ('任务', '中性', 0.0, '定可以完成任务？我去！这', []), ('理性', '中性', 0.0, '这还有丝毫理性可言吗？简', []), ('菩萨', '中性', 0.0, '那这跟相信菩萨下凡或者耶', []), ('耶稣', '中性', 0.0, '萨下凡或者耶稣显灵有啥区', []), ('区别', '中性', 0.0, '稣显灵有啥区别呢？纯纯的', [])]",无,无,无,无,中性,无,中性,无,无,无,0.004116057201386599,0.0041022758140592825,最让人不能忍的傻情节，当属李雪健扮演的角色结尾崩盘，举着拐棍冲着老外大喊，点火。
豆瓣电影,"9/10，四星半
没想到在《流浪地球》上映后喊了那么久的“中国科幻电影崛起”之后又一部能拿出手的硬科幻是《流浪地球2》
这一部作为第一部的前传不仅丰富了世界观与第一部有非常多的互文，野心非常大，已经不仅仅局限在“流浪地球”本身了，为后面的续集埋了很大的伏笔。如果是第一部的成功可以说是有巧合运气成分，那这一部郭帆真的是将自己的功力都发挥出来了，各个层面都展现了非常成熟的掌控力，绝对是中国未来最可以期待的商业电影导演。李雪健老师的角色基本没有什么动作，因为一直坐在轮椅上，但是他真的是一个用表情和台词就能完美塑造角色的演员，有几场戏穿透力太强
缺点的话可能就是太强调，试图融入春节档而加入了很多生硬的笑点，最后煽情部分有点太多了拖节奏了，总体上瑕不掩瑜毕竟是真的硬
整体跟第一部相比算得上是进化了",5,啊咧,2023-01-22 12:12:11,35267208,，四星半 没想到在《流浪地球》上映后喊了那么久的中国科幻电影崛起之后又一部能拿出手的硬科幻是《流浪地球》 这一部作为第一部的前传不仅丰富了世界观与第一部有非常多的互文，野心非常大，已经不仅仅局限在流浪地球本身了，为后面的续集埋了很大的伏笔。如果是第一部的成功可以说是有巧合运气成分，那这一部郭帆真的是将自己的功力都发挥出来了，各个层面都展现了非常成熟的掌控力，绝对是中国未来最可以期待的商业电影导演。李雪健老师的角色基本没有什么动作，因为一直坐在轮椅上，但是他真的是一个用表情和台词就能完美塑造角色的演员，有几场戏穿透力太强 缺点的话可能就是太强调，试图融入春节档而加入了很多生硬的笑点，最后煽情部分有点太多了拖节奏了，总体上瑕不掩瑜毕竟是真的硬 整体跟第一部相比算得上是进化了,"['四星', '没想到', '流浪', '地球', '上映', '那么', '中国', '科幻电影', '崛起', '之后', '一部', '拿出手', '科幻', '流浪', '地球', '一部', '作为', '第一部', '不仅', '丰富', '世界观', '第一部', '非常', '互文', '野心', '非常', '已经', '不仅仅', '局限', '流浪', '地球', '本身', '后面', '续集', '很大', '伏笔', '第一部', '成功', '巧合', '运气', '成分', '一部', '郭帆', '真的', '功力', '发挥', '出来', '各个', '层面', '展现', '非常', '成熟', '掌控', '绝对', '中国', '未来', '期待', '商业', '电影', '导演', '李雪健', '老师', '角色', '基本', '动作', '因为', '一直', '坐在', '轮椅', '真的', '表情', '台词', '完美', '塑造', '角色', '演员', '几场', '穿透力', '太强', '缺点', '的话', '可能', '强调', '试图', '融入', '春节', '加入', '很多', '生硬', '最后', '煽情', '部分', '有点', '太多', '节奏', '总体', '瑕不掩瑜', '毕竟', '真的', '整体', '第一部', '相比', '算得', '进化']",104,2,0.5160304307937622,正面,"[('，', 'OTHER', 0, 1), ('四星', 'OTHER', 1, 3), (' ', 'OTHER', 4, 5), ('《', 'OTHER', 9, 10), ('》', 'OTHER', 14, 15), ('中国', 'LOCATION', 24, 26), ('《', 'OTHER', 46, 47), ('》', 'OTHER', 51, 52), (' ', 'OTHER', 52, 53), ('世界观', 'OTHER', 69, 72), ('，', 'OTHER', 83, 84), ('，', 'OTHER', 89, 90), ('，', 'OTHER', 105, 106), ('。', 'OTHER', 119, 120), ('，', 'OTHER', 140, 141), ('郭帆', 'PERSON', 145, 147), ('，', 'OTHER', 162, 163), ('，', 'OTHER', 179, 180), ('中国', 'LOCATION', 183, 185), ('未来', 'TIME', 185, 187), ('。', 'MOVIE', 199, 200), ('李雪健', 'PERSON', 200, 203), ('，', 'OTHER', 216, 217), ('，', 'OTHER', 226, 227), ('，', 'OTHER', 252, 253), (' ', 'OTHER', 262, 263), ('，', 'OTHER', 274, 275), ('春节', 'TIME', 279, 281), ('，', 'OTHER', 293, 294), ('，', 'OTHER', 309, 310), (' ', 'OTHER', 323, 324)]","['郭帆', '李雪健']","['中国', '中国']",[],[],"[('流浪', 0.4310596335211475), ('地球', 0.3093356489301639), ('角色', 0.23024102241573768), ('科幻电影', 0.2051538244409836), ('拿出手', 0.20149573343442623), ('前传', 0.19850685545409835), ('互文', 0.1959797951295082), ('笑点', 0.1959797951295082), ('煽情', 0.18242768737213116), ('科幻', 0.17578071838688522), ('续集', 0.16959556705737705), ('伏笔', 0.16547565839672132), ('穿透力', 0.16310547431786887), ('轮椅', 0.15970155030524588), ('上映', 0.15322624197344265), ('功力', 0.15255012789901637), ('台词', 0.15158552953803278), ('算得', 0.14885895223557377), ('野心', 0.14238921138311475), ('巧合', 0.14061750283344263)]","['流浪', '地球', '角色', '科幻电影', '拿出手', '前传', '互文', '笑点', '煽情', '科幻', '续集', '伏笔', '穿透力', '轮椅', '上映', '功力', '台词', '算得', '野心', '巧合']",True,0.9922937268924008,0.0019183664786924688,0.0019303384356863477,0,"[('四星', '中性', 0.0, '，四星半 没想到', []), ('没想到', '中性', 0.0, '，四星半 没想到在《流浪地', []), ('流浪', '中性', 0.0, '没想到在《流浪地球》上映', []), ('地球', '中性', 0.0, '到在《流浪地球》上映后喊', []), ('中国', '中性', 0.0, '了那么久的中国科幻电影崛', []), ('科幻电影', '中性', 0.0, '么久的中国科幻电影崛起之后又', []), ('科幻', '中性', 0.0, '么久的中国科幻电影崛起之', []), ('流浪', '中性', 0.0, '没想到在《流浪地球》上映', []), ('地球', '中性', 0.0, '到在《流浪地球》上映后喊', []), ('前传', '正面', 0.3333333333333333, '为第一部的前传不仅丰富了', [('丰富', 1.0)]), ('世界观', '正面', 0.3333333333333333, '不仅丰富了世界观与第一部有', [('丰富', 1.0)]), ('互文', '中性', 0.0, '有非常多的互文，野心非常', []), ('野心', '中性', 0.0, '多的互文，野心非常大，已', []), ('局限', '中性', 0.0, '已经不仅仅局限在流浪地球', []), ('流浪', '中性', 0.0, '没想到在《流浪地球》上映', []), ('地球', '中性', 0.0, '到在《流浪地球》上映后喊', []), ('伏笔', '中性', 0.0, '埋了很大的伏笔。如果是第', []), ('运气', '中性', 0.0, '说是有巧合运气成分，那这', []), ('成分', '中性', 0.0, '有巧合运气成分，那这一部', []), ('郭帆', '中性', 0.0, '，那这一部郭帆真的是将自', []), ('功力', '中性', 0.0, '是将自己的功力都发挥出来', []), ('层面', '中性', 0.0, '来了，各个层面都展现了非', []), ('中国', '中性', 0.0, '了那么久的中国科幻电影崛', []), ('商业', '中性', 0.0, '可以期待的商业电影导演。', []), ('电影', '中性', 0.0, '的中国科幻电影崛起之后又', []), ('李雪健', '中性', 0.0, '电影导演。李雪健老师的角色', []), ('老师', '中性', 0.0, '演。李雪健老师的角色基本', []), ('角色', '中性', 0.0, '雪健老师的角色基本没有什', []), ('基本', '中性', 0.0, '老师的角色基本没有什么动', []), ('动作', '中性', 0.0, '本没有什么动作，因为一直', []), ('轮椅', '中性', 0.0, '为一直坐在轮椅上，但是他', []), ('表情', '中性', 0.0, '的是一个用表情和台词就能', []), ('台词', '正面', 0.3333333333333333, '个用表情和台词就能完美塑', [('完美', 1.0)]), ('角色', '中性', 0.0, '雪健老师的角色基本没有什', []), ('演员', '中性', 0.0, '塑造角色的演员，有几场戏', []), ('穿透力', '中性', 0.0, '，有几场戏穿透力太强 缺点', []), ('缺点', '中性', 0.0, '透力太强 缺点的话可能就', []), ('笑点', '负面', 0.3333333333333333, '很多生硬的笑点，最后煽情', [('生硬', -1.0)]), ('部分', '中性', 0.0, '，最后煽情部分有点太多了', []), ('有点', '中性', 0.0, '后煽情部分有点太多了拖节', []), ('节奏', '中性', 0.0, '点太多了拖节奏了，总体上', []), ('总体', '中性', 0.0, '拖节奏了，总体上瑕不掩瑜', []), ('整体', '中性', 0.0, '是真的硬 整体跟第一部相', [])]",中性,中性,中性,无,中性,无,中性,无,无,中性,0.0019251271064319796,0.0019324410867882823,，四星半 没想到在《流浪地球》上映后喊了那么久的中国科幻电影崛起之后又一部能拿出手的硬科幻是《流浪地球》 这一部作为第一部的前传不仅丰富了世界观与第一部有非常多的互文，野心非常大，已经不仅仅局限在流浪地球本身了，为后面的续集埋了很大的伏笔。
豆瓣电影,"年初一一口气看5部之第5部。

单日电影马拉松的最后一部，为了最好的激光IMAX版本，看完都已经夜里凌晨3点了，回家吃夜宵加整理材料后天都快亮了，意味着我为了看电影几乎24小时没合眼，这属于折寿式观影，请勿模仿。

虽然《流浪地球》几乎是中国科幻电影的独苗，但是好在它的生长确实茁壮，几乎以一己之力把中国科幻片的水平拉到世界级的比较水准，也就更显宝贵。通过幕后纪录片以及实际观影的体验来看，主创团队的确为了构建这个新世界耗费了巨大心血，也看得出来郭帆他们的确是在认真创作，诚恳地征求并遵循科学家们的建议。

太空电梯的长镜头实在太过震撼，战斗机与无人机的空战又实在酣畅，数字生命计划的讨论极富哲学价值。当然最触动人心的还是宏大叙事下本土化的精神表达，虽然很多人反感宏大叙事，可这才是真正天问式地思考人类命运的主题。",4,连城易脆,2023-01-23 09:40:07,35267208,年初一一口气看部之第部。 单日电影马拉松的最后一部，为了最好的激光IMAX版本，看完都已经夜里凌晨点了，回家吃夜宵加整理材料后天都快亮了，意味着我为了看电影几乎小时没合眼，这属于折寿式观影，请勿模仿。 虽然《流浪地球》几乎是中国科幻电影的独苗，但是好在它的生长确实茁壮，几乎以一己之力把中国科幻片的水平拉到世界级的比较水准，也就更显宝贵。通过幕后纪录片以及实际观影的体验来看，主创团队的确为了构建这个新世界耗费了巨大心血，也看得出来郭帆他们的确是在认真创作，诚恳地征求并遵循科学家们的建议。 太空电梯的长镜头实在太过震撼，战斗机与无人机的空战又实在酣畅，数字生命计划的讨论极富哲学价值。当然最触动人心的还是宏大叙事下本土化的精神表达，虽然很多人反感宏大叙事，可这才是真正天问式地思考人类命运的主题。,"['年初一', '一口气', '看部', '第部', '单日', '电影', '马拉松', '最后', '一部', '为了', '最好', '激光', 'IMAX', '版本', '已经', '夜里', '凌晨', '回家', '夜宵', '整理', '材料', '后天', '快亮', '意味着', '为了', '电影', '几乎', '小时', '合眼', '属于', '折寿', '观影', '请勿', '模仿', '虽然', '流浪', '地球', '几乎', '中国', '科幻电影', '独苗', '生长', '确实', '茁壮', '几乎', '以一己', '之力', '中国', '科幻片', '水平', '世界级', '比较', '水准', '更显', '宝贵', '通过', '幕后', '纪录片', '以及', '实际', '观影', '体验', '来看', '主创', '团队', '的确', '为了', '构建', '这个', '新世界', '耗费', '巨大', '心血', '看得出来', '郭帆', '他们', '的确', '认真', '创作', '诚恳', '征求', '遵循', '科学家', '建议', '太空', '电梯', '长镜头', '实在', '太过', '震撼', '战斗机', '无人机', '空战', '实在', '酣畅', '数字', '生命', '计划', '讨论', '极富', '哲学', '价值', '当然', '触动', '人心', '宏大', '叙事', '本土化', '精神', '表达', '虽然', '很多', '反感', '宏大', '叙事', '真正', '天问', '思考', '人类', '命运', '主题']",121,2,0.5517417192459106,正面,"[('年初一', 'TIME', 0, 3), ('。', 'MOVIE', 11, 12), (' ', 'MOVIE', 12, 13), ('马拉松', 'PERSON', 17, 20), ('，', 'MOVIE', 25, 26), ('，', 'OTHER', 39, 40), ('夜里', 'TIME', 45, 47), ('凌晨', 'TIME', 47, 49), ('，', 'OTHER', 51, 52), ('夜宵', 'TIME', 55, 57), ('后天', 'TIME', 62, 64), ('，', 'MOVIE', 68, 69), ('，', 'MOVIE', 85, 86), ('折寿', 'PERSON', 89, 91), ('，', 'OTHER', 94, 95), ('。', 'OTHER', 99, 100), (' ', 'OTHER', 100, 101), ('《', 'OTHER', 103, 104), ('》', 'MOVIE', 108, 109), ('中国', 'LOCATION', 112, 114), ('，', 'MOVIE', 121, 122), ('，', 'OTHER', 134, 135), ('中国', 'LOCATION', 143, 145), ('，', 'OTHER', 161, 162), ('宝贵', 'PERSON', 166, 168), ('。', 'OTHER', 168, 169), ('，', 'OTHER', 187, 188), ('新世界', 'OTHER', 200, 203), ('，', 'OTHER', 210, 211), ('郭帆', 'PERSON', 216, 218), ('，', 'OTHER', 228, 229), ('。', 'OTHER', 244, 245), (' ', 'OTHER', 245, 246), ('，', 'OTHER', 260, 261), ('，', 'OTHER', 276, 277), ('。', 'OTHER', 292, 293), ('，', 'OTHER', 316, 317), ('，', 'OTHER', 328, 329), ('。', 'OTHER', 348, 349)]","['马拉松', '折寿', '宝贵', '郭帆']","['中国', '中国']",[],[],"[('观影', 0.314671165631884), ('叙事', 0.2505270226072464), ('电影', 0.1929820211356522), ('科幻片', 0.18553717917826087), ('科幻电影', 0.18136787378115943), ('长镜头', 0.17813390926811595), ('看部', 0.17325750004202897), ('实在', 0.17058029093971017), ('独苗', 0.16670699100289854), ('主创', 0.15878606772173912), ('本土化', 0.14728997150289855), ('请勿', 0.14476311081956522), ('纪录片', 0.13724436019028985), ('天问', 0.13530912261608694), ('看得出来', 0.13333619255333334), ('世界级', 0.13307505479246376), ('看完', 0.13256648494014495), ('空战', 0.13256648494014495), ('电梯', 0.1283659787689855), ('流浪', 0.1270272349989855)]","['观影', '叙事', '电影', '科幻片', '科幻电影', '长镜头', '看部', '实在', '独苗', '主创', '本土化', '请勿', '纪录片', '天问', '看得出来', '世界级', '看完', '空战', '电梯', '流浪']",True,0.0016578352543721495,0.0016483129288415704,0.0016598245588942723,4,"[('看部', '中性', 0.0, '初一一口气看部之第部。 ', []), ('单日', '中性', 0.0, '之第部。 单日电影马拉松', []), ('电影', '中性', 0.0, '部。 单日电影马拉松的最', []), ('马拉松', '中性', 0.0, ' 单日电影马拉松的最后一部', []), ('激光', '中性', 0.0, '为了最好的激光IMAX版', []), ('版本', '中性', 0.0, '光IMAX版本，看完都已', []), ('回家', '中性', 0.0, '凌晨点了，回家吃夜宵加整', []), ('整理', '中性', 0.0, '家吃夜宵加整理材料后天都', []), ('材料', '中性', 0.0, '夜宵加整理材料后天都快亮', []), ('电影', '中性', 0.0, '部。 单日电影马拉松的最', []), ('小时', '中性', 0.0, '看电影几乎小时没合眼，这', []), ('折寿', '中性', 0.0, '眼，这属于折寿式观影，请', []), ('观影', '中性', 0.0, '属于折寿式观影，请勿模仿', []), ('流浪', '中性', 0.0, '。 虽然《流浪地球》几乎', []), ('地球', '中性', 0.0, '虽然《流浪地球》几乎是中', []), ('中国', '中性', 0.0, '球》几乎是中国科幻电影的', []), ('科幻电影', '中性', 0.0, '几乎是中国科幻电影的独苗，但', []), ('独苗', '正面', 0.3333333333333333, '科幻电影的独苗，但是好在', [('好', 1.0)]), ('生长', '正面', 0.3333333333333333, '是好在它的生长确实茁壮，', [('好', 1.0)]), ('中国', '中性', 0.0, '球》几乎是中国科幻电影的', []), ('科幻片', '中性', 0.0, '之力把中国科幻片的水平拉到', []), ('水平', '中性', 0.0, '国科幻片的水平拉到世界级', []), ('世界级', '中性', 0.0, '的水平拉到世界级的比较水准', []), ('水准', '中性', 0.0, '界级的比较水准，也就更显', []), ('宝贵', '中性', 0.0, '，也就更显宝贵。通过幕后', []), ('纪录片', '中性', 0.0, '。通过幕后纪录片以及实际观', []), ('实际', '中性', 0.0, '纪录片以及实际观影的体验', []), ('观影', '中性', 0.0, '属于折寿式观影，请勿模仿', []), ('体验', '中性', 0.0, '实际观影的体验来看，主创', []), ('主创', '中性', 0.0, '体验来看，主创团队的确为', []), ('团队', '中性', 0.0, '来看，主创团队的确为了构', []), ('新世界', '中性', 0.0, '了构建这个新世界耗费了巨大', []), ('心血', '中性', 0.0, '耗费了巨大心血，也看得出', []), ('郭帆', '中性', 0.0, '也看得出来郭帆他们的确是', []), ('科学家', '中性', 0.0, '征求并遵循科学家们的建议。', []), ('建议', '中性', 0.0, '科学家们的建议。 太空电', []), ('太空', '中性', 0.0, '的建议。 太空电梯的长镜', []), ('电梯', '中性', 0.0, '议。 太空电梯的长镜头实', []), ('长镜头', '中性', 0.0, '太空电梯的长镜头实在太过震', []), ('战斗机', '正面', 0.3333333333333333, '太过震撼，战斗机与无人机的', [('震撼', 1.0)]), ('无人机', '中性', 0.0, '，战斗机与无人机的空战又实', []), ('空战', '中性', 0.0, '与无人机的空战又实在酣畅', []), ('数字', '中性', 0.0, '实在酣畅，数字生命计划的', []), ('计划', '中性', 0.0, '，数字生命计划的讨论极富', []), ('哲学', '中性', 0.0, '的讨论极富哲学价值。当然', []), ('价值', '中性', 0.0, '论极富哲学价值。当然最触', []), ('人心', '中性', 0.0, '当然最触动人心的还是宏大', []), ('本土化', '中性', 0.0, '宏大叙事下本土化的精神表达', []), ('精神', '中性', 0.0, '下本土化的精神表达，虽然', []), ('天问', '中性', 0.0, '这才是真正天问式地思考人', []), ('人类', '中性', 0.0, '问式地思考人类命运的主题', []), ('命运', '中性', 0.0, '地思考人类命运的主题。', []), ('主题', '中性', 0.0, '人类命运的主题。', [])]",中性,中性,无,中性,中性,无,无,无,无,中性,0.0016525720489777894,0.9933814552089142,单日电影马拉松的最后一部，为了最好的激光IMAX版本，看完都已经夜里凌晨点了，回家吃夜宵加整理材料后天都快亮了，意味着我为了看电影几乎小时没合眼，这属于折寿式观影，请勿模仿。
豆瓣电影,这样的电影能拍三小时就是犯罪,2,圆圆的小狐狸,2023-01-24 18:12:51,35267208,这样的电影能拍三小时就是犯罪,"['电影', '小时', '犯罪']",3,2,0.4590075314044952,正面,[],[],[],[],[],"[('犯罪', 2.4012144681033334), ('电影', 2.21929324306), ('小时', 1.91529669307)]","['犯罪', '电影', '小时']",False,0.7986447975678049,0.05013698941455544,0.05073395503417571,0,"[('电影', '中性', 0.0, '这样的电影能拍三小时', []), ('小时', '中性', 0.0, '电影能拍三小时就是犯罪', [])]",中性,无,无,无,无,无,无,无,无,无,0.05018938651659621,0.05029487146686778,
豆瓣电影,开大会爱好者，喊口号爱好者，使劲煽情爱好者。“好的科幻电影，剥除科幻par都是部好电影”。从前我以为，讲不好故事是能力问题，现在更认为原因内核在于三观态度。,2,Paige.C,2023-04-20 03:02:55,35267208,开大会爱好者，喊口号爱好者，使劲煽情爱好者。好的科幻电影，剥除科幻par都是部好电影。从前我以为，讲不好故事是能力问题，现在更认为原因内核在于三观态度。,"['大会', '爱好者', '口号', '爱好者', '使劲', '煽情', '爱好者', '科幻电影', '剥除', '科幻', 'par', '部好', '电影', '从前', '以为', '不好', '故事', '能力', '问题', '现在', '认为', '原因', '内核', '在于', '三观', '态度']",26,1,0.4242624938488006,中性,"[('，', 'OTHER', 6, 7), ('，', 'OTHER', 13, 14), ('。', 'MOVIE', 21, 22), ('，', 'MOVIE', 28, 29), ('。', 'MOVIE', 42, 43), ('从前', 'TIME', 43, 45), ('，', 'MOVIE', 48, 49), ('，', 'OTHER', 59, 60), ('现在', 'TIME', 60, 62), ('三观', 'OTHER', 71, 73), ('。', 'OTHER', 75, 76)]",[],[],[],[],"[('爱好者', 1.4203267695063158), ('科幻电影', 0.6586517521526316), ('剥除', 0.6586517521526316), ('煽情', 0.5856888910368422), ('科幻', 0.5643486221894737), ('内核', 0.5312639559052631), ('使劲', 0.40667850253), ('口号', 0.4001878069494737), ('电影', 0.35041472258842105), ('大会', 0.32434870285736844), ('故事', 0.32212497705631576), ('态度', 0.3102093056073684), ('在于', 0.3055144273163158), ('原因', 0.26062273277368425), ('能力', 0.25975489885105263), ('问题', 0.20860597753052632), ('认为', 0.20187047612842104)]","['爱好者', '科幻电影', '剥除', '煽情', '科幻', '内核', '使劲', '口号', '电影', '大会', '故事', '态度', '在于', '原因', '能力', '问题', '认为']",False,0.007481758146146269,0.007437623960396411,0.9701362592653953,2,"[('大会', '中性', 0.0, '开大会爱好者，喊', []), ('爱好者', '中性', 0.0, '开大会爱好者，喊口号爱', []), ('口号', '中性', 0.0, '爱好者，喊口号爱好者，使', []), ('爱好者', '中性', 0.0, '开大会爱好者，喊口号爱', []), ('爱好者', '中性', 0.0, '开大会爱好者，喊口号爱', []), ('科幻电影', '正面', 0.6666666666666666, '好者。好的科幻电影，剥除科幻', [('好', 1.0), ('好', 1.0)]), ('科幻', '正面', 0.6666666666666666, '好者。好的科幻电影，剥除', [('好', 1.0), ('好', 1.0)]), ('电影', '正面', 0.3333333333333333, '。好的科幻电影，剥除科幻', [('好', 1.0)]), ('故事', '中性', 0.0, '为，讲不好故事是能力问题', []), ('能力', '中性', 0.0, '不好故事是能力问题，现在', []), ('问题', '中性', 0.0, '故事是能力问题，现在更认', []), ('原因', '中性', 0.0, '现在更认为原因内核在于三', []), ('内核', '中性', 0.0, '更认为原因内核在于三观态', []), ('三观', '中性', 0.0, '因内核在于三观态度。', []), ('态度', '中性', 0.0, '核在于三观态度。', [])]",正面,无,正面,无,无,中性,无,无,无,无,0.007466735224807524,0.007477623403254524,
豆瓣电影,活着是我党的人，死了是我党的数字生命。,4,无尽夏,2023-01-28 20:47:05,35267208,活着是我党的人，死了是我党的数字生命。,"['活着', '我党', '我党', '数字', '生命']",5,2,0.4388913810253143,正面,"[('，', 'OTHER', 7, 8), ('。', 'OTHER', 18, 19)]",[],[],[],[],"[('活着', 2.35660113911), ('数字', 2.15843992165), ('生命', 2.045036190293333)]","['活着', '数字', '生命']",False,0.03381716075982879,0.033604448916417645,0.0342263729933357,4,"[('数字', '中性', 0.0, '了是我党的数字生命。', [])]",无,无,无,无,无,无,无,无,无,无,0.03364824726648589,0.864703770063932,
豆瓣电影,突然觉得漫威，碟中谍等好莱坞大片好幼稚啊。。。当中国文化遇上科幻，足以令世界战栗。多个主题，三线推进还能交待得如此圆满。。。这次真的五体投地！！！为中国科幻电影骄傲！！谢谢郭导和流浪地球一切台前幕后人员！！,5,铿.路易斯,2023-01-24 23:57:11,35267208,突然觉得漫威，碟中谍等好莱坞大片好幼稚啊。。。当中国文化遇上科幻，足以令世界战栗。多个主题，三线推进还能交待得如此圆满。。。这次真的五体投地！！！为中国科幻电影骄傲！！谢谢郭导和流浪地球一切台前幕后人员！！,"['突然', '觉得', '漫威', '碟中谍', '好莱坞', '大片', '幼稚', '中国', '文化', '遇上', '科幻', '足以', '世界', '战栗', '多个', '主题', '三线', '推进', '交待', '圆满', '这次', '真的', '五体投地', '中国', '科幻电影', '骄傲', '谢谢', '郭导', '流浪', '地球', '一切', '台前幕后', '人员']",33,2,0.5148264169692993,正面,"[('漫威', 'LOCATION', 4, 6), ('，', 'OTHER', 6, 7), ('好莱坞', 'LOCATION', 11, 14), ('。', 'MOVIE', 20, 21), ('。', 'OTHER', 21, 22), ('。', 'OTHER', 22, 23), ('当', 'TIME', 23, 24), ('中国', 'LOCATION', 24, 26), ('，', 'OTHER', 32, 33), ('。', 'OTHER', 40, 41), ('，', 'OTHER', 45, 46), ('。', 'OTHER', 59, 60), ('。', 'OTHER', 60, 61), ('。', 'OTHER', 61, 62), ('！', 'MOVIE', 70, 71), ('！', 'MOVIE', 71, 72), ('！', 'MOVIE', 72, 73), ('中国', 'LOCATION', 74, 76), ('！', 'MOVIE', 82, 83), ('！', 'MOVIE', 83, 84), ('谢谢', 'PERSON', 84, 86), ('郭导', 'PERSON', 86, 88), ('！', 'OTHER', 101, 102), ('！', 'OTHER', 102, 103)]","['谢谢', '郭导']","['漫威', '好莱坞', '中国', '中国']",[],[],"[('台前幕后', 0.6289300224476191), ('科幻电影', 0.5959230138523809), ('漫威', 0.5692746429952381), ('碟中谍', 0.5692746429952381), ('科幻', 0.5106011343619047), ('战栗', 0.4364037715990476), ('好莱坞', 0.42662072520809524), ('流浪', 0.41737520071095235), ('交待', 0.3929382578004762), ('遇上', 0.3862246419561905), ('足以', 0.3453187191404762), ('大片', 0.3388138098557143), ('地球', 0.2995154695990476), ('主题', 0.29525630707428574), ('中国', 0.28831625587238097), ('推进', 0.27320506359619046), ('人员', 0.266238131237619), ('文化', 0.24233454303952381), ('觉得', 0.22994809189809523), ('世界', 0.20797759074142858)]","['台前幕后', '科幻电影', '漫威', '碟中谍', '科幻', '战栗', '好莱坞', '流浪', '交待', '遇上', '足以', '大片', '地球', '主题', '中国', '推进', '人员', '文化', '觉得', '世界']",True,0.00592859180114736,0.005913666792839652,0.005913060185401477,3,"[('漫威', '中性', 0.0, '突然觉得漫威，碟中谍等', []), ('碟中谍', '中性', 0.0, '觉得漫威，碟中谍等好莱坞大', []), ('好莱坞', '正面', 0.3333333333333333, '，碟中谍等好莱坞大片好幼稚', [('好', 1.0)]), ('大片', '正面', 0.3333333333333333, '谍等好莱坞大片好幼稚啊。', [('好', 1.0)]), ('中国', '中性', 0.0, '啊。。。当中国文化遇上科', []), ('文化', '中性', 0.0, '。。当中国文化遇上科幻，', []), ('科幻', '中性', 0.0, '国文化遇上科幻，足以令世', []), ('世界', '中性', 0.0, '幻，足以令世界战栗。多个', []), ('战栗', '中性', 0.0, '足以令世界战栗。多个主题', []), ('主题', '中性', 0.0, '战栗。多个主题，三线推进', []), ('中国', '中性', 0.0, '啊。。。当中国文化遇上科', []), ('科幻电影', '中性', 0.0, '！！为中国科幻电影骄傲！！谢', []), ('谢谢', '中性', 0.0, '影骄傲！！谢谢郭导和流浪', []), ('郭导', '中性', 0.0, '傲！！谢谢郭导和流浪地球', []), ('流浪', '中性', 0.0, '谢谢郭导和流浪地球一切台', []), ('地球', '中性', 0.0, '郭导和流浪地球一切台前幕', []), ('台前幕后', '中性', 0.0, '浪地球一切台前幕后人员！！', []), ('人员', '中性', 0.0, '切台前幕后人员！！', [])]",无,中性,中性,无,中性,无,无,无,无,中性,0.976311007619949,0.005933673600662618,当中国文化遇上科幻，足以令世界战栗。
豆瓣电影,在一众集体主义轰炸中，刘德华那条线便显得尤为珍贵,4,劝删对我不好,2023-01-26 21:44:25,35267208,在一众集体主义轰炸中，刘德华那条线便显得尤为珍贵,"['一众', '集体主义', '轰炸', '刘德华', '那条', '显得', '尤为', '珍贵']",8,2,0.555853009223938,正面,"[('，', 'OTHER', 10, 11), ('刘德华', 'PERSON', 11, 14)]",['刘德华'],[],[],[],"[('集体主义', 3.901151024866667), ('轰炸', 2.7005283325066665), ('显得', 1.9707115564133335)]","['集体主义', '轰炸', '显得']",False,0.02230190137418865,0.9104088736436001,0.022641085946546485,1,"[('集体主义', '中性', 0.0, '在一众集体主义轰炸中，刘', []), ('刘德华', '中性', 0.0, '义轰炸中，刘德华那条线便显', [])]",无,无,无,无,无,无,无,无,中性,无,0.0224097119097104,0.022238427125954353,
豆瓣电影,我个人不允许这片子评分比阿凡达2低。,5,小队长,2023-01-24 07:56:31,35267208,我个人不允许这片子评分比阿凡达低。,"['个人', '允许', '片子', '评分', '比阿凡']",5,2,0.4151937365531921,正面,"[('阿凡达', 'PERSON', 12, 15), ('。', 'OTHER', 16, 17)]",['阿凡达'],[],[],[],"[('片子', 2.3238768664975), ('评分', 2.01866938615), ('允许', 1.60337598944), ('个人', 1.3445744834675)]","['片子', '评分', '允许', '个人']",False,0.033563448908159176,0.865529726685508,0.0339281433275067,1,"[('个人', '中性', 0.0, '我个人不允许这片', []), ('片子', '中性', 0.0, '人不允许这片子评分比阿凡', []), ('评分', '中性', 0.0, '允许这片子评分比阿凡达低', []), ('阿凡达', '中性', 0.0, '片子评分比阿凡达低。', [])]",无,无,无,无,无,无,无,无,无,无,0.033641131591144076,0.03333754948768205,
豆瓣电影,吐槽如下：看了三十分钟想到后面还有两个半小时很绝望；看吴京演毛头小子谈恋爱尴尬到头皮发麻；情节设置过于潦草，太多困难源于角色的腿在不同情境下被卡住；倒计时营造的紧迫感被大量注水的情节消减，比灾难更灾难的是磨叽；特效不服务于故事毫无意义，硬吹也没用；吴京线前后割裂，刘德华线完全立不住，毫无说服力，转变也很生硬,2,paracelsus,2023-01-23 18:29:05,35267208,吐槽如下：看了三十分钟想到后面还有两个半小时很绝望；看吴京演毛头小子谈恋爱尴尬到头皮发麻；情节设置过于潦草，太多困难源于角色的腿在不同情境下被卡住；倒计时营造的紧迫感被大量注水的情节消减，比灾难更灾难的是磨叽；特效不服务于故事毫无意义，硬吹也没用；吴京线前后割裂，刘德华线完全立不住，毫无说服力，转变也很生硬,"['吐槽', '如下', '三十分钟', '想到', '后面', '两个', '半小时', '绝望', '吴京演', '毛头小子', '谈恋爱', '尴尬', '头皮发麻', '情节', '设置', '过于', '潦草', '困难', '源于', '角色', '不同', '情境', '卡住', '倒计时', '营造', '紧迫感', '大量', '注水', '情节', '消减', '灾难', '灾难', '磨叽', '特效', '服务', '故事', '毫无意义', '没用', '吴京线', '前后', '割裂', '刘德华', '完全', '不住', '毫无', '说服力', '转变', '生硬']",48,2,0.5442147850990295,正面,"[('如下', 'TIME', 2, 4), ('：', 'OTHER', 4, 5), ('；', 'OTHER', 25, 26), ('吴京', 'LOCATION', 27, 29), ('毛头小子', 'PERSON', 30, 34), ('；', 'OTHER', 44, 45), ('，', 'OTHER', 53, 54), ('卡住', 'PERSON', 71, 73), ('；', 'OTHER', 73, 74), ('，', 'OTHER', 93, 94), ('；', 'OTHER', 104, 105), ('，', 'OTHER', 117, 118), ('；', 'OTHER', 123, 124), ('吴京', 'LOCATION', 124, 126), ('，', 'OTHER', 131, 132), ('刘德华', 'PERSON', 132, 135), ('，', 'OTHER', 141, 142), ('，', 'OTHER', 147, 148)]","['毛头小子', '卡住', '刘德华']","['吴京', '吴京']",[],[],"[('吴京', 0.9267118434666667), ('灾难', 0.5008077497619999), ('情节', 0.49774207554600003), ('磨叽', 0.39849225009666667), ('头皮发麻', 0.36520795576), ('消减', 0.34299199131), ('紧迫感', 0.34123720019333337), ('注水', 0.34123720019333337), ('情境', 0.328587546138), ('倒计时', 0.328587546138), ('割裂', 0.328007821381), ('谈恋爱', 0.31411136125), ('没用', 0.2731189129076667), ('营造', 0.25470320626366666), ('绝望', 0.248235088436), ('源于', 0.24220147647033335), ('角色', 0.23407837278933333), ('毫无', 0.23056292289066666), ('过于', 0.223242404363), ('不住', 0.21855349338)]","['吴京', '灾难', '情节', '磨叽', '头皮发麻', '消减', '紧迫感', '注水', '情境', '倒计时', '割裂', '谈恋爱', '没用', '营造', '绝望', '源于', '角色', '毫无', '过于', '不住']",True,0.00411567022767344,0.004099225828951703,0.004103303365278638,3,"[('吴京', '中性', 0.0, '很绝望；看吴京演毛头小子', []), ('毛头小子', '负面', 0.3333333333333333, '；看吴京演毛头小子谈恋爱尴尬', [('尴尬', -1.0)]), ('头皮发麻', '负面', 0.3333333333333333, '恋爱尴尬到头皮发麻；情节设置', [('尴尬', -1.0)]), ('情节', '中性', 0.0, '头皮发麻；情节设置过于潦', []), ('角色', '中性', 0.0, '多困难源于角色的腿在不同', []), ('情境', '中性', 0.0, '的腿在不同情境下被卡住；', []), ('卡住', '中性', 0.0, '同情境下被卡住；倒计时营', []), ('倒计时', '中性', 0.0, '下被卡住；倒计时营造的紧迫', []), ('紧迫感', '中性', 0.0, '计时营造的紧迫感被大量注水', []), ('大量', '中性', 0.0, '的紧迫感被大量注水的情节', []), ('情节', '中性', 0.0, '头皮发麻；情节设置过于潦', []), ('灾难', '中性', 0.0, '节消减，比灾难更灾难的是', []), ('灾难', '中性', 0.0, '节消减，比灾难更灾难的是', []), ('磨叽', '中性', 0.0, '更灾难的是磨叽；特效不服', []), ('故事', '中性', 0.0, '效不服务于故事毫无意义，', []), ('毫无意义', '中性', 0.0, '服务于故事毫无意义，硬吹也没', []), ('吴京', '中性', 0.0, '很绝望；看吴京演毛头小子', []), ('刘德华', '中性', 0.0, '前后割裂，刘德华线完全立不', []), ('说服力', '中性', 0.0, '不住，毫无说服力，转变也很', [])]",无,无,无,无,无,中性,中性,无,中性,无,0.9835726948156986,0.004109105762397458,吐槽如下：看了三十分钟想到后面还有两个半小时很绝望；看吴京演毛头小子谈恋爱尴尬到头皮发麻；情节设置过于潦草，太多困难源于角色的腿在不同情境下被卡住；倒计时营造的紧迫感被大量注水的情节消减，比灾难更灾难的是磨叽；特效不服务于故事毫无意义，硬吹也没用；吴京线前后割裂，刘德华线完全立不住，毫无说服力，转变也很生硬。
豆瓣电影,可是，过去这几年的经验告诉我们，大灾当前，人类非但不会更团结，还增强了彼此毁灭的能力。,4,赫恩曼尼,2023-01-26 18:47:23,35267208,可是，过去这几年的经验告诉我们，大灾当前，人类非但不会更团结，还增强了彼此毁灭的能力。,"['过去', '几年', '经验', '告诉', '我们', '大灾', '当前', '人类', '非但', '不会', '团结', '增强', '彼此', '毁灭', '能力']",15,1,0.4280582666397095,中性,"[('，', 'OTHER', 2, 3), ('过去', 'TIME', 3, 5), ('，', 'OTHER', 15, 16), ('当前', 'TIME', 18, 20), ('，', 'OTHER', 20, 21), ('，', 'OTHER', 30, 31), ('。', 'OTHER', 42, 43)]",[],[],[],[],"[('大灾', 1.3124350337875), ('毁灭', 1.003922592355), ('增强', 0.72464792169875), ('经验', 0.71532502351625), ('人类', 0.7038330737125), ('告诉', 0.62751151610875), ('能力', 0.61691788477125), ('不会', 0.551465147445)]","['大灾', '毁灭', '增强', '经验', '人类', '告诉', '能力', '不会']",False,0.012545961552755122,0.012577623724736944,0.012687481643659121,3,"[('经验', '中性', 0.0, '去这几年的经验告诉我们，', []), ('大灾', '中性', 0.0, '告诉我们，大灾当前，人类', []), ('人类', '中性', 0.0, '大灾当前，人类非但不会更', []), ('能力', '中性', 0.0, '彼此毁灭的能力。', [])]",无,无,无,中性,无,无,无,无,无,无,0.9496123521529894,0.012576580925859391,
豆瓣电影,强行千钧一发是我最讨厌的电影情节,3,芝士猫,2023-02-19 18:17:04,35267208,强行千钧一发是我最讨厌的电影情节,"['强行', '千钧一发', '讨厌', '电影', '情节']",5,2,0.4833292961120605,正面,[],[],[],[],[],"[('讨厌', 2.0450914688425), ('强行', 2.000880946085), ('情节', 1.8665327832975), ('电影', 1.664469932295)]","['讨厌', '强行', '情节', '电影']",False,0.8658464288684392,0.03352329412013853,0.033579021293074274,0,"[('电影', '中性', 0.0, '我最讨厌的电影情节', []), ('情节', '中性', 0.0, '讨厌的电影情节', [])]",中性,无,无,无,无,无,无,无,无,无,0.03359420519176168,0.03345705052658622,
豆瓣电影,科幻灾难片×赛博朋克✓正片全特么是假的，是莫斯的特效，特效的莫斯。,5,罗斯卡娅,2023-01-22 12:05:35,35267208,科幻灾难片赛博朋克正片全特么是假的，是莫斯的特效，特效的莫斯。,"['科幻', '灾难片', '赛博', '朋克', '正片', '全特', '莫斯', '特效', '特效', '莫斯']",10,2,0.4634844064712524,正面,"[('赛博', 'PERSON', 5, 7), ('，', 'OTHER', 17, 18), ('莫斯', 'LOCATION', 19, 21), ('，', 'OTHER', 24, 25), ('莫斯', 'LOCATION', 28, 30), ('。', 'OTHER', 30, 31)]",['赛博'],"['莫斯', '莫斯']",[],[],"[('莫斯', 3.6891547693), ('朋克', 2.0857305484833333), ('正片', 2.0485399565833333), ('灾难片', 1.8654379084833332), ('科幻', 1.7871039702666665)]","['莫斯', '朋克', '正片', '灾难片', '科幻']",False,0.018423753423575134,0.01824891585296929,0.018390075352630857,4,"[('科幻', '中性', 0.0, '科幻灾难片赛博', []), ('灾难片', '中性', 0.0, '科幻灾难片赛博朋克正', []), ('赛博', '中性', 0.0, '科幻灾难片赛博朋克正片全', []), ('朋克', '中性', 0.0, '灾难片赛博朋克正片全特么', []), ('正片', '中性', 0.0, '片赛博朋克正片全特么是假', []), ('莫斯', '中性', 0.0, '是假的，是莫斯的特效，特', []), ('莫斯', '中性', 0.0, '是假的，是莫斯的特效，特', [])]",无,无,中性,无,无,无,无,无,无,无,0.018371362639149316,0.9265658927316754,
豆瓣电影,图恒宇你是一点不想你老婆啊,4,林囧囧,2023-02-13 23:52:56,35267208,图恒宇你是一点不想你老婆啊,"['图恒宇', '一点', '不想', '老婆']",4,2,0.4700514674186706,正面,"[('图恒宇', 'PERSON', 0, 3)]",['图恒宇'],[],[],[],"[('老婆', 3.35575495678), ('不想', 2.982187479385)]","['老婆', '不想']",False,0.04132700282235616,0.04000892656012245,0.8379966421331778,2,"[('图恒宇', '中性', 0.0, '图恒宇你是一点不', []), ('老婆', '中性', 0.0, '一点不想你老婆啊', [])]",无,无,无,无,无,无,无,无,无,无,0.04016965218468091,0.04049777629966272,
豆瓣电影,中国式科幻片逐渐形成一种新的科幻类型，与西方强调的个人主义英雄价值观相悖的是，中国式科幻片核心价值观可以概括为：家国情怀、集体主义、自我牺牲、自我感动，总之就是大国崛起的叙事。,4,思郁,2023-01-27 21:50:02,35267208,中国式科幻片逐渐形成一种新的科幻类型，与西方强调的个人主义英雄价值观相悖的是，中国式科幻片核心价值观可以概括为：家国情怀、集体主义、自我牺牲、自我感动，总之就是大国崛起的叙事。,"['中国式', '科幻片', '逐渐', '形成', '一种', '科幻', '类型', '西方', '强调', '个人主义', '英雄', '价值观', '相悖', '中国式', '科幻片', '核心', '价值观', '概括', '家国', '情怀', '集体主义', '自我牺牲', '自我', '感动', '总之', '大国', '崛起', '叙事']",28,2,0.5153718590736389,正面,"[('中国式', 'MOVIE', 0, 3), ('，', 'OTHER', 18, 19), ('英雄', 'LOCATION', 29, 31), ('，', 'OTHER', 38, 39), ('中国式', 'MOVIE', 39, 42), ('：', 'OTHER', 55, 56), ('、', 'OTHER', 60, 61), ('、', 'OTHER', 65, 66), ('、', 'OTHER', 70, 71), ('，', 'OTHER', 75, 76), ('大国', 'LOCATION', 80, 82), ('。', 'OTHER', 87, 88)]",[],"['英雄', '大国']",[],[],"[('科幻片', 1.2802065363300001), ('价值观', 0.8806927451170001), ('家国', 0.597738375145), ('集体主义', 0.58517265373), ('科幻', 0.53613119108), ('个人主义', 0.5158579356749999), ('相悖', 0.50470075811), ('情怀', 0.456077707943), ('叙事', 0.4321591139975), ('概括', 0.373467328502), ('崛起', 0.358363788007), ('大国', 0.357948847866), ('感动', 0.3548586197185), ('英雄', 0.3398677794725), ('核心', 0.2926264275155), ('强调', 0.287945272366), ('类型', 0.2857385085245), ('形成', 0.213607669974)]","['科幻片', '价值观', '家国', '集体主义', '科幻', '个人主义', '相悖', '情怀', '叙事', '概括', '崛起', '大国', '感动', '英雄', '核心', '强调', '类型', '形成']",False,0.9720466848287296,0.006978348771280062,0.0070422148054559205,0,"[('中国式', '中性', 0.0, '中国式科幻片逐渐', []), ('科幻片', '中性', 0.0, '中国式科幻片逐渐形成一', []), ('科幻', '中性', 0.0, '中国式科幻片逐渐形成', []), ('类型', '中性', 0.0, '种新的科幻类型，与西方强', []), ('个人主义', '中性', 0.0, '西方强调的个人主义英雄价值观', []), ('英雄', '中性', 0.0, '的个人主义英雄价值观相悖', []), ('价值观', '中性', 0.0, '人主义英雄价值观相悖的是，', []), ('中国式', '中性', 0.0, '中国式科幻片逐渐', []), ('科幻片', '中性', 0.0, '中国式科幻片逐渐形成一', []), ('核心', '中性', 0.0, '国式科幻片核心价值观可以', []), ('价值观', '中性', 0.0, '人主义英雄价值观相悖的是，', []), ('家国', '中性', 0.0, '以概括为：家国情怀、集体', []), ('情怀', '中性', 0.0, '括为：家国情怀、集体主义', []), ('集体主义', '中性', 0.0, '家国情怀、集体主义、自我牺牲', []), ('自我牺牲', '正面', 0.3333333333333333, '集体主义、自我牺牲、自我感动', [('感动', 1.0)]), ('大国', '中性', 0.0, '，总之就是大国崛起的叙事', [])]",无,无,中性,无,无,无,无,无,无,无,0.00693617003502359,0.0069965815595109246,
豆瓣电影,让50岁以上领导先走！不愧是科幻片,3,xibayo,2023-02-19 23:25:45,35267208,让岁以上领导先走！不愧是科幻片,"['以上', '领导', '先走', '不愧', '科幻片']",5,2,0.4674723446369171,正面,"[('！', 'OTHER', 8, 9)]",[],[],[],[],"[('科幻片', 6.40103268165), ('领导', 2.628249724405)]","['科幻片', '领导']",False,0.03395960057717559,0.0341737248745663,0.03375572597514098,3,"[('领导', '中性', 0.0, '让岁以上领导先走！不愧', []), ('科幻片', '中性', 0.0, '走！不愧是科幻片', [])]",无,无,无,无,无,无,无,无,无,无,0.8633106699745585,0.0348002785985586,
豆瓣电影,到底是在拍电影还是在做政府报告啊，文戏太差了，我们的科幻叙事就是集体叙事里插一点个体，最终个体的生死交代给集体，这居然也能引起大范围共鸣，我真是佩服中国观众。,3,Ohh Liz,2023-02-12 20:19:06,35267208,到底是在拍电影还是在做政府报告啊，文戏太差了，我们的科幻叙事就是集体叙事里插一点个体，最终个体的生死交代给集体，这居然也能引起大范围共鸣，我真是佩服中国观众。,"['到底', '拍电影', '政府', '报告', '文戏', '太差', '我们', '科幻', '叙事', '集体', '叙事', '一点', '个体', '最终', '个体', '生死', '交代', '集体', '居然', '引起', '范围', '共鸣', '真是', '佩服', '中国', '观众']",26,2,0.4220847189426422,正面,"[('，', 'OTHER', 16, 17), ('，', 'OTHER', 22, 23), ('，', 'OTHER', 42, 43), ('，', 'OTHER', 55, 56), ('，', 'OTHER', 68, 69), ('中国', 'LOCATION', 74, 76), ('。', 'OTHER', 78, 79)]",[],['中国'],[],[],"[('叙事', 0.9098086610473685), ('个体', 0.74931427326), ('集体', 0.6730038497105264), ('拍电影', 0.5856888910368422), ('文戏', 0.5856888910368422), ('科幻', 0.5643486221894737), ('共鸣', 0.4892372350521052), ('佩服', 0.4302015739152632), ('生死', 0.4039021569836842), ('交代', 0.39608699116578944), ('观众', 0.3871225258757895), ('报告', 0.27423895082), ('范围', 0.2734044177721053), ('引起', 0.26313597528263155), ('政府', 0.24048793431684212), ('中国', 0.15933266771894736)]","['叙事', '个体', '集体', '拍电影', '文戏', '科幻', '共鸣', '佩服', '生死', '交代', '观众', '报告', '范围', '引起', '政府', '中国']",False,0.9701227819675149,0.007457974879754243,0.007475096821418773,0,"[('拍电影', '中性', 0.0, '到底是在拍电影还是在做政', []), ('政府', '中性', 0.0, '影还是在做政府报告啊，文', []), ('报告', '中性', 0.0, '是在做政府报告啊，文戏太', []), ('文戏', '中性', 0.0, '府报告啊，文戏太差了，我', []), ('科幻', '中性', 0.0, '了，我们的科幻叙事就是集', []), ('集体', '中性', 0.0, '幻叙事就是集体叙事里插一', []), ('个体', '中性', 0.0, '事里插一点个体，最终个体', []), ('个体', '中性', 0.0, '事里插一点个体，最终个体', []), ('交代', '中性', 0.0, '个体的生死交代给集体，这', []), ('集体', '中性', 0.0, '幻叙事就是集体叙事里插一', []), ('范围', '中性', 0.0, '也能引起大范围共鸣，我真', []), ('中国', '中性', 0.0, '我真是佩服中国观众。', []), ('观众', '中性', 0.0, '是佩服中国观众。', [])]",无,中性,中性,无,无,无,无,无,无,无,0.007452772252129256,0.007491374079182778,
豆瓣电影,扣一颗星给价值取向吧。我幻想中末日时的中国人，不该这么自恋。如果彼时地球人还在划群而治，那真是太令人悲观了。那样我们哪也去不了。,4,乔小囧,2023-01-30 23:23:00,35267208,扣一颗星给价值取向吧。我幻想中末日时的中国人，不该这么自恋。如果彼时地球人还在划群而治，那真是太令人悲观了。那样我们哪也去不了。,"['一颗', '星给', '价值', '取向', '幻想', '末日', '中国', '不该', '这么', '自恋', '彼时', '地球', '划群', '而治', '真是太', '令人', '悲观', '我们', '不了']",19,1,0.4166511595249176,中性,"[('。', 'OTHER', 10, 11), ('末日', 'TIME', 15, 17), ('中国', 'LOCATION', 19, 21), ('，', 'OTHER', 22, 23), ('。', 'OTHER', 29, 30), ('，', 'OTHER', 43, 44), ('真是太', 'PERSON', 45, 48), ('。', 'OTHER', 53, 54), ('。', 'OTHER', 63, 64)]",['真是太'],['中国'],[],[],"[('划群', 1.3283075003222222), ('自恋', 1.288676951), ('取向', 0.9184320054233334), ('幻想', 0.8479534853633334), ('不该', 0.7913214171433334), ('地球', 0.6988694290644444), ('不了', 0.6709089394166666), ('价值', 0.5405873424955555), ('中国', 0.3363689651844444)]","['划群', '自恋', '取向', '幻想', '不该', '地球', '不了', '价值', '中国']",False,0.01003436662083562,0.010074298042077434,0.010071632358577162,3,"[('价值', '中性', 0.0, '扣一颗星给价值取向吧。我', []), ('幻想', '中性', 0.0, '取向吧。我幻想中末日时的', []), ('中国', '中性', 0.0, '中末日时的中国人，不该这', []), ('地球', '中性', 0.0, '。如果彼时地球人还在划群', []), ('真是太', '中性', 0.0, '群而治，那真是太令人悲观了', []), ('令人', '中性', 0.0, '，那真是太令人悲观了。那', [])]",无,中性,无,无,中性,无,无,无,无,无,0.9597404710029341,0.010079231975575668,
豆瓣电影,如果刘德华的线作为主线，其他的作为辅助或者删掉，就不会有非常浓烈的主旋律基调了，图宏宇和女儿的联系以及他的挣扎是全片的亮点。音乐的运用宣兵夺主了，宏大场景和紧张时刻没有一次是没有调动情绪的配乐，更期待看到的是静默的，能让观众观看画面本身，有时间去思考，不是不停的视听轰炸。女性形象尤其是韩朵朵，工具人一个；吴京连续两次逞能占现自己的大男子主义，美名其曰“保护”自我牺牲”，都是经过了严格训练选拔出来的优秀人才，并肩作战不好吗。实际上就是已经2044年了，我国男性的思想还是停留在几百年前。,3,明明,2023-02-06 14:40:39,35267208,如果刘德华的线作为主线，其他的作为辅助或者删掉，就不会有非常浓烈的主旋律基调了，图宏宇和女儿的联系以及他的挣扎是全片的亮点。音乐的运用宣兵夺主了，宏大场景和紧张时刻没有一次是没有调动情绪的配乐，更期待看到的是静默的，能让观众观看画面本身，有时间去思考，不是不停的视听轰炸。女性形象尤其是韩朵朵，工具人一个；吴京连续两次逞能占现自己的大男子主义，美名其曰保护自我牺牲，都是经过了严格训练选拔出来的优秀人才，并肩作战不好吗。实际上就是已经年了，我国男性的思想还是停留在几百年前。,"['刘德华', '作为', '主线', '其他', '作为', '辅助', '或者', '删掉', '不会', '非常', '浓烈', '主旋律', '基调', '图宏宇', '女儿', '联系', '以及', '挣扎', '全片', '亮点', '音乐', '运用', '宣兵', '夺主', '宏大', '场景', '紧张', '时刻', '一次', '调动', '情绪', '配乐', '期待', '看到', '静默', '观众', '观看', '画面', '本身', '时间', '思考', '不是', '不停', '视听', '轰炸', '女性', '形象', '尤其', '朵朵', '工具', '吴京', '连续', '两次', '逞能', '占现', '大男子主义', '美名', '保护', '自我牺牲', '经过', '严格训练', '选拔', '出来', '优秀人才', '并肩作战', '不好', '实际上', '已经', '我国', '男性', '思想', '停留', '几百年']",73,2,0.5423798561096191,正面,"[('刘德华', 'PERSON', 2, 5), ('，', 'OTHER', 11, 12), ('，', 'OTHER', 23, 24), ('，', 'OTHER', 39, 40), ('图宏宇', 'PERSON', 40, 43), ('。', 'MOVIE', 61, 62), ('宣兵', 'PERSON', 67, 69), ('，', 'OTHER', 72, 73), ('，', 'OTHER', 96, 97), ('静默', 'PERSON', 104, 106), ('，', 'OTHER', 107, 108), ('，', 'OTHER', 118, 119), ('，', 'OTHER', 125, 126), ('。', 'OTHER', 135, 136), ('韩', 'PERSON', 143, 144), ('，', 'OTHER', 146, 147), ('；', 'OTHER', 152, 153), ('吴京', 'LOCATION', 153, 155), ('，', 'OTHER', 171, 172), ('，', 'OTHER', 182, 183), ('严格训练', 'PERSON', 188, 192), ('，', 'OTHER', 201, 202), ('。', 'OTHER', 209, 210), ('，', 'OTHER', 219, 220), ('。', 'OTHER', 236, 237)]","['刘德华', '图宏宇', '宣兵', '静默', '韩', '严格训练']",['吴京'],[],[],"[('吴京', 0.30218864460869566), ('大男子主义', 0.2632373517978261), ('夺主', 0.25988625006304344), ('占现', 0.25988625006304344), ('全片', 0.2521324469347826), ('删掉', 0.23706402996521742), ('优秀人才', 0.2268465597652174), ('逞能', 0.22311068461304345), ('配乐', 0.2142962257421739), ('主旋律', 0.20747758315847825), ('视听', 0.20122362506152175), ('作为', 0.18262645573695654), ('选拔', 0.17699512778478263), ('场景', 0.17665491535717393), ('轰炸', 0.1761214129895652), ('画面', 0.16942727748326086), ('调动', 0.16904335350173913), ('亮点', 0.16627769062630435), ('基调', 0.16545569741456523), ('主线', 0.16474157417500002)]","['吴京', '大男子主义', '夺主', '占现', '全片', '删掉', '优秀人才', '逞能', '配乐', '主旋律', '视听', '作为', '选拔', '场景', '轰炸', '画面', '调动', '亮点', '基调', '主线']",True,0.002727831984477884,0.0027140335696037203,0.9891168609744772,2,"[('刘德华', '中性', 0.0, '如果刘德华的线作为主', []), ('主线', '中性', 0.0, '华的线作为主线，其他的作', []), ('主旋律', '中性', 0.0, '非常浓烈的主旋律基调了，图', []), ('基调', '中性', 0.0, '烈的主旋律基调了，图宏宇', []), ('图宏宇', '中性', 0.0, '律基调了，图宏宇和女儿的联', []), ('女儿', '中性', 0.0, '，图宏宇和女儿的联系以及', []), ('联系', '中性', 0.0, '宇和女儿的联系以及他的挣', []), ('全片', '中性', 0.0, '他的挣扎是全片的亮点。音', []), ('亮点', '中性', 0.0, '扎是全片的亮点。音乐的运', []), ('音乐', '中性', 0.0, '片的亮点。音乐的运用宣兵', []), ('宣兵', '中性', 0.0, '音乐的运用宣兵夺主了，宏', []), ('场景', '中性', 0.0, '主了，宏大场景和紧张时刻', []), ('时刻', '中性', 0.0, '场景和紧张时刻没有一次是', []), ('情绪', '中性', 0.0, '是没有调动情绪的配乐，更', []), ('静默', '中性', 0.0, '待看到的是静默的，能让观', []), ('观众', '中性', 0.0, '默的，能让观众观看画面本', []), ('画面', '中性', 0.0, '让观众观看画面本身，有时', []), ('时间', '中性', 0.0, '面本身，有时间去思考，不', []), ('女性', '中性', 0.0, '视听轰炸。女性形象尤其是', []), ('形象', '中性', 0.0, '轰炸。女性形象尤其是韩朵', []), ('工具', '中性', 0.0, '是韩朵朵，工具人一个；吴', []), ('吴京', '中性', 0.0, '具人一个；吴京连续两次逞', []), ('大男子主义', '中性', 0.0, '占现自己的大男子主义，美名其曰', []), ('自我牺牲', '中性', 0.0, '名其曰保护自我牺牲，都是经过', []), ('严格训练', '中性', 0.0, '都是经过了严格训练选拔出来的', []), ('优秀人才', '中性', 0.0, '选拔出来的优秀人才，并肩作战', []), ('并肩作战', '中性', 0.0, '优秀人才，并肩作战不好吗。实', []), ('男性', '中性', 0.0, '年了，我国男性的思想还是', []), ('思想', '中性', 0.0, '我国男性的思想还是停留在', [])]",无,无,无,无,无,无,无,中性,中性,无,0.0027148660100528685,0.0027264074613884007,音乐的运用宣兵夺主了，宏大场景和紧张时刻没有一次是没有调动情绪的配乐，更期待看到的是静默的，能让观众观看画面本身，有时间去思考，不是不停的视听轰炸。
豆瓣电影,抱着很大的期望去的，看完着实有些失望。前半段感情线看得生理不适，懂编剧想要塑造韩朵朵女强人的形象，但实话说不仅是韩朵朵、几乎所有女性形象很扁平，典型男凝刻板。把女性角色去掉可能不会对主线推进有多大影响，韩朵朵一个被塑造的这么强的女性，其优秀反映在男性眼中的价值就是结婚，对主线的贡献就是生了孩子。吴京出于“保护”目的把韩朵朵关在另一侧跑去单挑也很迷惑，如果真的要个人英雄主义加感情线，我宁愿看他俩并肩作战，而不是最后玻璃茬和花瓣散落一地、韩朵朵一拳把对手击飞嚷嚷花弄坏了。还有一个印象很深，吴京用拍立得拍了一家人，韩朵朵又说要用手机拍，因为方便修图…还有“我在啊”这句话，我真的觉得既突兀又俗。以及竟然还有胸部特写…看到了一些对太空漫游的致敬，前半段好感掉光后也不觉得高兴,3,南瓜籽没有籽,2023-01-24 10:45:24,35267208,抱着很大的期望去的，看完着实有些失望。前半段感情线看得生理不适，懂编剧想要塑造韩朵朵女强人的形象，但实话说不仅是韩朵朵、几乎所有女性形象很扁平，典型男凝刻板。把女性角色去掉可能不会对主线推进有多大影响，韩朵朵一个被塑造的这么强的女性，其优秀反映在男性眼中的价值就是结婚，对主线的贡献就是生了孩子。吴京出于保护目的把韩朵朵关在另一侧跑去单挑也很迷惑，如果真的要个人英雄主义加感情线，我宁愿看他俩并肩作战，而不是最后玻璃茬和花瓣散落一地、韩朵朵一拳把对手击飞嚷嚷花弄坏了。还有一个印象很深，吴京用拍立得拍了一家人，韩朵朵又说要用手机拍，因为方便修图还有我在啊这句话，我真的觉得既突兀又俗。以及竟然还有胸部特写看到了一些对太空漫游的致敬，前半段好感掉光后也不觉得高兴,"['很大', '期望', '着实', '有些', '失望', '前半段', '感情', '生理', '不适', '编剧', '想要', '塑造', '朵朵', '女强人', '形象', '实话', '不仅', '朵朵', '几乎', '所有', '女性', '形象', '扁平', '典型', '男凝', '刻板', '女性', '角色', '去掉', '可能', '不会', '主线', '推进', '影响', '朵朵', '塑造', '这么', '女性', '优秀', '反映', '男性', '眼中', '价值', '结婚', '主线', '贡献', '孩子', '吴京', '出于', '保护', '目的', '朵朵', '另一侧', '单挑', '迷惑', '真的', '个人', '英雄主义', '感情', '宁愿', '他俩', '并肩作战', '不是', '最后', '玻璃', '花瓣', '散落', '一地', '朵朵', '一拳', '对手', '击飞', '嚷嚷', '弄坏了', '印象', '很深', '吴京用', '立得', '一家人', '朵朵', '手机', '因为', '方便', '修图', '这句', '真的', '觉得', '突兀', '以及', '竟然', '胸部', '特写', '看到', '一些', '太空', '漫游', '致敬', '前半段', '好感', '光后', '觉得', '高兴']",102,2,0.6500793099403381,正面,"[('，', 'OTHER', 9, 10), ('。', 'OTHER', 18, 19), ('前半段', 'TIME', 19, 22), ('，', 'OTHER', 31, 32), ('，', 'OTHER', 48, 49), ('韩', 'PERSON', 56, 57), ('、', 'OTHER', 59, 60), ('，', 'OTHER', 71, 72), ('。', 'OTHER', 78, 79), ('，', 'OTHER', 100, 101), ('，', 'OTHER', 116, 117), ('，', 'OTHER', 134, 135), ('。', 'OTHER', 147, 148), ('吴京', 'LOCATION', 148, 150), ('韩', 'PERSON', 157, 158), ('，', 'OTHER', 173, 174), ('英雄主义', 'OTHER', 181, 185), ('，', 'OTHER', 189, 190), ('，', 'OTHER', 200, 201), ('、', 'OTHER', 216, 217), ('。', 'OTHER', 233, 234), ('，', 'OTHER', 242, 243), ('吴京', 'PERSON', 243, 245), ('，', 'OTHER', 254, 255), ('，', 'OTHER', 265, 266), ('，', 'OTHER', 280, 281), ('。', 'OTHER', 291, 292), ('，', 'OTHER', 315, 316), ('前半段', 'TIME', 316, 319)]","['韩', '韩', '吴京']",['吴京'],[],[],"[('女性', 0.3186703482866666), ('塑造', 0.24470841785714287), ('主线', 0.24057499720793651), ('吴京', 0.22064567701587304), ('形象', 0.20358552033460317), ('感情', 0.20239926685238097), ('还有', 0.19179282413904764), ('男凝', 0.18975821433174603), ('击飞', 0.18975821433174603), ('修图', 0.18975821433174603), ('女强人', 0.18120271432063492), ('刻板', 0.15919804192222223), ('特写', 0.15732846992714286), ('觉得', 0.1532987279320635), ('致敬', 0.15232718347253968), ('漫游', 0.14754773755539682), ('嚷嚷', 0.14220690840269842), ('突兀', 0.14164990332634922), ('散落', 0.1400873624879365), ('好感', 0.1400873624879365)]","['女性', '塑造', '主线', '吴京', '形象', '感情', '还有', '男凝', '击飞', '修图', '女强人', '刻板', '特写', '觉得', '致敬', '漫游', '嚷嚷', '突兀', '散落', '好感']",True,0.10036838974548384,0.0019607799078748605,0.8937481749590598,2,"[('感情', '中性', 0.0, '望。前半段感情线看得生理', []), ('编剧', '中性', 0.0, '理不适，懂编剧想要塑造韩', []), ('女强人', '中性', 0.0, '塑造韩朵朵女强人的形象，但', []), ('形象', '中性', 0.0, '朵女强人的形象，但实话说', []), ('女性', '中性', 0.0, '、几乎所有女性形象很扁平', []), ('形象', '中性', 0.0, '朵女强人的形象，但实话说', []), ('扁平', '中性', 0.0, '女性形象很扁平，典型男凝', []), ('典型', '负面', 0.3333333333333333, '象很扁平，典型男凝刻板。', [('刻板', -1.0)]), ('男凝', '负面', 0.3333333333333333, '扁平，典型男凝刻板。把女', [('刻板', -1.0)]), ('刻板', '负面', 0.3333333333333333, '，典型男凝刻板。把女性角', [('刻板', -1.0)]), ('女性', '中性', 0.0, '、几乎所有女性形象很扁平', []), ('角色', '中性', 0.0, '板。把女性角色去掉可能不', []), ('主线', '中性', 0.0, '可能不会对主线推进有多大', []), ('女性', '中性', 0.0, '、几乎所有女性形象很扁平', []), ('男性', '正面', 0.3333333333333333, '优秀反映在男性眼中的价值', [('优秀', 1.0)]), ('价值', '中性', 0.0, '男性眼中的价值就是结婚，', []), ('主线', '中性', 0.0, '可能不会对主线推进有多大', []), ('贡献', '中性', 0.0, '，对主线的贡献就是生了孩', []), ('孩子', '中性', 0.0, '献就是生了孩子。吴京出于', []), ('吴京', '中性', 0.0, '生了孩子。吴京出于保护目', []), ('目的', '中性', 0.0, '京出于保护目的把韩朵朵关', []), ('个人', '中性', 0.0, '如果真的要个人英雄主义加', []), ('英雄主义', '中性', 0.0, '真的要个人英雄主义加感情线，', []), ('感情', '中性', 0.0, '望。前半段感情线看得生理', []), ('并肩作战', '中性', 0.0, '宁愿看他俩并肩作战，而不是最', []), ('玻璃', '中性', 0.0, '而不是最后玻璃茬和花瓣散', []), ('花瓣', '中性', 0.0, '后玻璃茬和花瓣散落一地、', []), ('印象', '中性', 0.0, '。还有一个印象很深，吴京', []), ('吴京', '中性', 0.0, '生了孩子。吴京出于保护目', []), ('一家人', '中性', 0.0, '拍立得拍了一家人，韩朵朵又', []), ('手机', '中性', 0.0, '朵又说要用手机拍，因为方', []), ('胸部', '中性', 0.0, '及竟然还有胸部特写看到了', []), ('特写', '中性', 0.0, '然还有胸部特写看到了一些', []), ('太空', '中性', 0.0, '到了一些对太空漫游的致敬', []), ('好感', '中性', 0.0, '敬，前半段好感掉光后也不', [])]",无,无,无,无,无,无,中性,中性,无,无,0.001958815485919692,0.0019638399016617476,前半段感情线看得生理不适，懂编剧想要塑造韩朵朵女强人的形象，但实话说不仅是韩朵朵、几乎所有女性形象很扁平，典型男凝刻板。
豆瓣电影,"之前还以为吹的有点过头了，看完了之后我认为，除了配乐比《星际穿越》差点，这部电影已经完全达到了同一层次和水平。
说句题外话，有时候就忍不住想问一句，以前你们对中国电影痛心疾首、恨铁不成钢，现在中国科幻都已经拍到这种程度了，你们还不满意？那你们的期望到底是什么呢？
我都懒得拆穿你们的心思，不批评批评，哪对得起你们那可笑的优越感。忽略意识形态本身，我们只爱电影艺术？电影艺术？你们配吗？",5,幻听丶全球变冷,2023-01-29 18:05:23,35267208,之前还以为吹的有点过头了，看完了之后我认为，除了配乐比《星际穿越》差点，这部电影已经完全达到了同一层次和水平。 说句题外话，有时候就忍不住想问一句，以前你们对中国电影痛心疾首、恨铁不成钢，现在中国科幻都已经拍到这种程度了，你们还不满意？那你们的期望到底是什么呢？ 我都懒得拆穿你们的心思，不批评批评，哪对得起你们那可笑的优越感。 忽略意识形态本身，我们只爱电影艺术？电影艺术？你们配吗？,"['之前', '以为', '有点', '过头', '之后', '认为', '除了', '配乐', '星际', '穿越', '差点', '这部', '电影', '已经', '完全', '达到', '同一', '层次', '水平', '说句', '题外话', '有时候', '忍不住', '一句', '以前', '你们', '中国', '电影', '痛心疾首', '恨铁不成钢', '现在', '中国', '科幻', '已经', '这种', '程度', '你们', '满意', '你们', '期望', '到底', '懒得', '拆穿', '你们', '心思', '批评', '批评', '对得起', '你们', '可笑', '优越感', '忽略', '意识形态', '本身', '我们', '只爱', '电影', '艺术', '电影', '艺术', '你们']",61,2,0.4501276612281799,正面,"[('，', 'OTHER', 12, 13), ('，', 'OTHER', 21, 22), ('《', 'OTHER', 27, 28), ('》', 'MOVIE', 32, 33), ('，', 'MOVIE', 35, 36), ('。', 'OTHER', 54, 55), (' ', 'OTHER', 55, 56), ('，', 'OTHER', 61, 62), ('，', 'MOVIE', 73, 74), ('中国', 'LOCATION', 79, 81), ('、', 'MOVIE', 87, 88), ('，', 'OTHER', 93, 94), ('现在', 'TIME', 94, 96), ('中国', 'LOCATION', 96, 98), ('，', 'OTHER', 110, 111), ('？', 'OTHER', 117, 118), ('？', 'OTHER', 130, 131), (' ', 'OTHER', 131, 132), ('，', 'OTHER', 143, 144), ('，', 'OTHER', 149, 150), ('。', 'OTHER', 163, 164), (' ', 'OTHER', 164, 165), ('，', 'MOVIE', 173, 174), ('？', 'MOVIE', 182, 183), ('？', 'MOVIE', 187, 188), ('？', 'MOVIE', 192, 193)]",[],"['中国', '中国']",[],[],"[('电影', 0.8590812553780646), ('批评', 0.4628673709432258), ('艺术', 0.3790215682464516), ('题外话', 0.3710574961032258), ('拆穿', 0.3710574961032258), ('科幻', 0.34589109101935483), ('配乐', 0.31798794787548385), ('对得起', 0.2998550795480645), ('看完', 0.29506733744741936), ('星际', 0.2918918512277419), ('懒得', 0.2833123819212903), ('过头', 0.27427467582129034), ('穿越', 0.26584501407161293), ('可笑', 0.26037845272161286), ('差点', 0.2508385245509677), ('期望', 0.2403802663816129), ('心思', 0.2242509816019355), ('满意', 0.22059632321580647), ('忍不住', 0.21345901365225808), ('中国', 0.19531101204258064)]","['电影', '批评', '艺术', '题外话', '拆穿', '科幻', '配乐', '对得起', '看完', '星际', '懒得', '过头', '穿越', '可笑', '差点', '期望', '心思', '满意', '忍不住', '中国']",True,0.9869732976218468,0.0032527665044134275,0.00325284890635532,0,"[('有点', '中性', 0.0, '还以为吹的有点过头了，看', []), ('过头', '中性', 0.0, '为吹的有点过头了，看完了', []), ('星际', '中性', 0.0, '了配乐比《星际穿越》差点', []), ('差点', '中性', 0.0, '星际穿越》差点，这部电影', []), ('电影', '中性', 0.0, '差点，这部电影已经完全达', []), ('水平', '中性', 0.0, '同一层次和水平。 说句题', []), ('题外话', '中性', 0.0, '平。 说句题外话，有时候就', []), ('有时候', '中性', 0.0, '句题外话，有时候就忍不住想', []), ('中国', '中性', 0.0, '以前你们对中国电影痛心疾', []), ('电影', '中性', 0.0, '差点，这部电影已经完全达', []), ('中国', '中性', 0.0, '以前你们对中国电影痛心疾', []), ('科幻', '中性', 0.0, '，现在中国科幻都已经拍到', []), ('程度', '中性', 0.0, '经拍到这种程度了，你们还', []), ('心思', '中性', 0.0, '拆穿你们的心思，不批评批', []), ('意识形态', '中性', 0.0, '感。 忽略意识形态本身，我们', []), ('电影', '中性', 0.0, '差点，这部电影已经完全达', []), ('艺术', '中性', 0.0, '们只爱电影艺术？电影艺术', []), ('电影', '中性', 0.0, '差点，这部电影已经完全达', []), ('艺术', '中性', 0.0, '们只爱电影艺术？电影艺术', [])]",中性,中性,中性,无,无,无,无,无,无,无,0.00324995331797461,0.0032711336494097598,电影艺术。
豆瓣电影,实在不服气，这么牛的电影，用了好几年，票房居然被某些赶工俩月拍出来的电影压一头，大家快去看吧，别逼我求你。,5,阿德,2023-01-25 23:07:29,35267208,实在不服气，这么牛的电影，用了好几年，票房居然被某些赶工俩月拍出来的电影压一头，大家快去看吧，别逼我求你。,"['实在', '不服气', '这么', '电影', '好几年', '票房', '居然', '某些', '赶工', '出来', '电影', '一头', '大家', '快去', '看吧', '我求']",16,2,0.4030817747116089,正面,"[('，', 'MOVIE', 5, 6), ('，', 'MOVIE', 12, 13), ('，', 'MOVIE', 18, 19), ('，', 'MOVIE', 39, 40), ('，', 'OTHER', 46, 47), ('。', 'OTHER', 52, 53)]",[],[],[],[],"[('电影', 1.664469932295), ('赶工', 1.462931634325), ('票房', 1.12258709076875), ('看吧', 1.117229127715), ('实在', 0.7356275046775), ('大家', 0.60893743863375), ('出来', 0.546149531725)]","['电影', '赶工', '票房', '看吧', '实在', '大家', '出来']",False,0.9522080197992908,0.011846695559913271,0.011889278793742296,0,"[('不服气', '中性', 0.0, '实在不服气，这么牛的', []), ('电影', '中性', 0.0, '，这么牛的电影，用了好几', []), ('票房', '中性', 0.0, '了好几年，票房居然被某些', []), ('电影', '中性', 0.0, '，这么牛的电影，用了好几', []), ('大家', '中性', 0.0, '影压一头，大家快去看吧，', []), ('看吧', '中性', 0.0, '，大家快去看吧，别逼我求', [])]",中性,无,无,无,无,无,无,无,无,无,0.011974759510480739,0.012081246336572815,
豆瓣电影,忘了在哪里看到的评论：中国男人味溢出宇宙。,4,Nephilim,2023-01-24 23:20:20,35267208,忘了在哪里看到的评论：中国男人味溢出宇宙。,"['看到', '评论', '中国', '男人味', '溢出', '宇宙']",6,2,0.4025922119617462,正面,"[('：', 'OTHER', 10, 11), ('中国', 'LOCATION', 11, 13), ('。', 'OTHER', 20, 21)]",[],['中国'],[],[],"[('男人味', 2.0485399565833333), ('溢出', 1.4709173061233332), ('宇宙', 1.228057226625), ('评论', 1.1295008111283333), ('看到', 0.8108016203083334), ('中国', 0.5045534477766667)]","['男人味', '溢出', '宇宙', '评论', '看到', '中国']",False,0.028770566791538024,0.8844503813758614,0.02887588360769071,1,"[('评论', '中性', 0.0, '哪里看到的评论：中国男人', []), ('中国', '中性', 0.0, '到的评论：中国男人味溢出', []), ('男人味', '中性', 0.0, '评论：中国男人味溢出宇宙。', []), ('宇宙', '中性', 0.0, '男人味溢出宇宙。', [])]",无,中性,无,无,无,无,无,无,无,无,0.028984249525640576,0.028918918699269307,
豆瓣电影,"人类文明的终极矛盾，是人类对人的执念与AI对理性的奢望之间的矛盾——Moss aka小苔藓 & 马兆aka浪球章北海

但是郭帆龚格尔跟大刘一个毛病，在帮助中国科幻电影工业的威慑度突破百分之98的时候，对女性人物理解与塑造的威慑度依然如一条爬行的蚯蚓……",4,水草肃,2023-01-28 19:57:28,35267208,人类文明的终极矛盾，是人类对人的执念与AI对理性的奢望之间的矛盾Moss aka小苔藓 马兆aka浪球章北海 但是郭帆龚格尔跟大刘一个毛病，在帮助中国科幻电影工业的威慑度突破百分之的时候，对女性人物理解与塑造的威慑度依然如一条爬行的蚯蚓,"['人类文明', '终极', '矛盾', '人类', '执念', 'AI', '理性', '奢望', '之间', '矛盾', 'Moss', 'aka', '苔藓', '马兆', 'aka', '浪球章', '北海', '郭帆', '龚格尔', '毛病', '帮助', '中国', '科幻电影', '工业', '威慑', '突破', '百分之', '时候', '女性', '人物', '理解', '塑造', '威慑', '依然', '一条', '爬行', '蚯蚓']",37,2,0.6060209274291992,正面,"[('，', 'OTHER', 9, 10), (' ', 'OTHER', 36, 37), (' ', 'OTHER', 43, 44), ('马兆', 'PERSON', 44, 46), ('北海', 'LOCATION', 52, 54), (' ', 'OTHER', 54, 55), ('郭帆', 'PERSON', 57, 59), ('龚格尔', 'PERSON', 59, 62), ('刘', 'PERSON', 64, 65), ('，', 'MOVIE', 69, 70), ('中国', 'LOCATION', 73, 75), ('，', 'OTHER', 93, 94)]","['马兆', '郭帆', '龚格尔', '刘']","['北海', '中国']",[],[],"[('威慑', 0.8630871277009091), ('科幻电影', 0.5688356041318182), ('执念', 0.5433985228590908), ('浪球章', 0.5433985228590908), ('终极', 0.4293786525327273), ('蚯蚓', 0.418605898625), ('苔藓', 0.40289659316181814), ('爬行', 0.38446636097500003), ('北海', 0.36417271334727275), ('毛病', 0.3552808290409091), ('塑造', 0.3503779619318182), ('理性', 0.3140682165840909), ('女性', 0.30418533245545454), ('理解', 0.2747083539577273), ('帮助', 0.26404773819863636), ('人物', 0.26319320065454543), ('人类', 0.2559392995318182), ('突破', 0.2556492248686364), ('工业', 0.2303544632590909), ('时候', 0.1949430151563636)]","['威慑', '科幻电影', '执念', '浪球章', '终极', '蚯蚓', '苔藓', '爬行', '北海', '毛病', '塑造', '理性', '女性', '理解', '帮助', '人物', '人类', '突破', '工业', '时候']",True,0.005289790055228861,0.005299382203360214,0.9788075307711631,2,"[('人类文明', '中性', 0.0, '人类文明的终极矛盾', []), ('终极', '中性', 0.0, '人类文明的终极矛盾，是人', []), ('人类', '中性', 0.0, '人类文明的终极', []), ('执念', '中性', 0.0, '人类对人的执念与AI对理', []), ('理性', '中性', 0.0, '念与AI对理性的奢望之间', []), ('苔藓', '中性', 0.0, ' aka小苔藓 马兆ak', []), ('马兆', '中性', 0.0, 'a小苔藓 马兆aka浪球', []), ('浪球章', '中性', 0.0, '马兆aka浪球章北海 但是', []), ('北海', '中性', 0.0, 'ka浪球章北海 但是郭帆', []), ('郭帆', '中性', 0.0, '北海 但是郭帆龚格尔跟大', []), ('龚格尔', '中性', 0.0, ' 但是郭帆龚格尔跟大刘一个', []), ('毛病', '中性', 0.0, '跟大刘一个毛病，在帮助中', []), ('中国', '中性', 0.0, '病，在帮助中国科幻电影工', []), ('科幻电影', '中性', 0.0, '在帮助中国科幻电影工业的威慑', []), ('工业', '中性', 0.0, '国科幻电影工业的威慑度突', []), ('时候', '中性', 0.0, '破百分之的时候，对女性人', []), ('女性', '中性', 0.0, '的时候，对女性人物理解与', []), ('人物', '中性', 0.0, '候，对女性人物理解与塑造', []), ('蚯蚓', '中性', 0.0, '一条爬行的蚯蚓', [])]",无,中性,无,中性,无,无,无,中性,无,无,0.005301764789722242,0.005301532180525588,人类文明的终极矛盾，是人类对人的执念与AI对理性的奢望之间的矛盾Moss aka小苔藓 马兆aka浪球章北海 但是郭帆龚格尔跟大刘一个毛病，在帮助中国科幻电影工业的威慑度突破百分之的时候，对女性人物理解与塑造的威慑度依然如一条爬行的蚯蚓。
豆瓣电影,非逮着“流浪地球”这一个高概念薅，结果就是核心表达相比首作翻不出什么新花样，除了把特效做得更加细致，只能强行增加故事体量，于是我们看到吴京和刘德华各自的A故事（+MOSS的B故事）让整部电影变得臃肿不堪。而在两个主演引领的故事线内部，科幻类型再次让位于动作和灾难的子类型，然而以所谓“我信”建构的最后一分钟营救尽数失效，“全世界人民大团结”的口号也越来越暴露出人类中心主义的傲慢，宏大叙事和个体情感的嫁接很难说是成功的。,3,晚不安,2023-01-27 00:38:19,35267208,非逮着流浪地球这一个高概念薅，结果就是核心表达相比首作翻不出什么新花样，除了把特效做得更加细致，只能强行增加故事体量，于是我们看到吴京和刘德华各自的A故事（MOSS的B故事）让整部电影变得臃肿不堪。而在两个主演引领的故事线内部，科幻类型再次让位于动作和灾难的子类型，然而以所谓我信建构的最后一分钟营救尽数失效，全世界人民大团结的口号也越来越暴露出人类中心主义的傲慢，宏大叙事和个体情感的嫁接很难说是成功的。,"['流浪', '地球', '概念', '结果', '核心', '表达', '相比', '首作', '翻不出', '新花样', '除了', '特效', '更加', '细致', '只能', '强行', '增加', '故事', '体量', '于是', '我们', '看到', '吴京', '刘德华', '各自', '故事', 'MOSS', '故事', '整部', '电影', '变得', '臃肿', '不堪', '两个', '主演', '引领', '故事', '内部', '科幻', '类型', '再次', '位于', '动作', '灾难', '类型', '然而', '所谓', '我信', '建构', '最后', '一分钟', '营救', '尽数', '失效', '全世界', '人民', '大团结', '口号', '越来越', '暴露出', '人类', '中心主义', '傲慢', '宏大', '叙事', '个体', '情感', '嫁接', '很难说', '成功']",70,2,0.5552598834037781,正面,"[('，', 'OTHER', 14, 15), ('，', 'OTHER', 35, 36), ('，', 'OTHER', 47, 48), ('，', 'OTHER', 58, 59), ('吴京', 'LOCATION', 65, 67), ('刘德华', 'PERSON', 68, 71), ('（', 'OTHER', 77, 78), ('）', 'MOVIE', 86, 87), ('。', 'MOVIE', 98, 99), ('，', 'OTHER', 113, 114), ('，', 'OTHER', 132, 133), ('，', 'OTHER', 154, 155), ('，', 'OTHER', 182, 183), ('。', 'OTHER', 202, 203)]",['刘德华'],['吴京'],[],[],"[('故事', 0.5693371687506976), ('吴京', 0.3232715733023256), ('作翻', 0.27801784890465114), ('中心主义', 0.2675065669581395), ('类型', 0.26580326374372093), ('大团结', 0.26189814703255815), ('建构', 0.25138686508372093), ('科幻', 0.24936334468837207), ('整部', 0.24195744396511626), ('体量', 0.23580180316976743), ('嫁接', 0.21968210129581398), ('流浪', 0.2038344003472093), ('叙事', 0.20100423906860465), ('营救', 0.20088342937372095), ('主演', 0.19458809681976746), ('强行', 0.18612846010093023), ('不堪', 0.18078624343860467), ('引领', 0.1769991181644186), ('口号', 0.17682717051255814), ('灾难', 0.17470037782395348)]","['故事', '吴京', '作翻', '中心主义', '类型', '大团结', '建构', '科幻', '整部', '体量', '嫁接', '流浪', '叙事', '营救', '主演', '强行', '不堪', '引领', '口号', '灾难']",True,0.002870286313710408,0.0028440053580245437,0.9885749626868165,2,"[('流浪', '中性', 0.0, '非逮着流浪地球这一个', []), ('地球', '中性', 0.0, '非逮着流浪地球这一个高概', []), ('概念', '中性', 0.0, '球这一个高概念薅，结果就', []), ('结果', '中性', 0.0, '高概念薅，结果就是核心表', []), ('核心', '中性', 0.0, '，结果就是核心表达相比首', []), ('新花样', '中性', 0.0, '翻不出什么新花样，除了把特', []), ('故事', '中性', 0.0, '能强行增加故事体量，于是', []), ('体量', '中性', 0.0, '行增加故事体量，于是我们', []), ('吴京', '中性', 0.0, '是我们看到吴京和刘德华各', []), ('刘德华', '中性', 0.0, '看到吴京和刘德华各自的A故', []), ('故事', '中性', 0.0, '能强行增加故事体量，于是', []), ('故事', '中性', 0.0, '能强行增加故事体量，于是', []), ('整部', '中性', 0.0, 'B故事）让整部电影变得臃', []), ('电影', '中性', 0.0, '事）让整部电影变得臃肿不', []), ('主演', '中性', 0.0, '。而在两个主演引领的故事', []), ('故事', '中性', 0.0, '能强行增加故事体量，于是', []), ('科幻', '中性', 0.0, '事线内部，科幻类型再次让', []), ('类型', '中性', 0.0, '内部，科幻类型再次让位于', []), ('动作', '中性', 0.0, '再次让位于动作和灾难的子', []), ('灾难', '中性', 0.0, '位于动作和灾难的子类型，', []), ('类型', '中性', 0.0, '内部，科幻类型再次让位于', []), ('建构', '中性', 0.0, '以所谓我信建构的最后一分', []), ('全世界', '中性', 0.0, '尽数失效，全世界人民大团结', []), ('人民', '中性', 0.0, '效，全世界人民大团结的口', []), ('大团结', '中性', 0.0, '全世界人民大团结的口号也越', []), ('口号', '中性', 0.0, '民大团结的口号也越来越暴', []), ('人类', '中性', 0.0, '来越暴露出人类中心主义的', []), ('中心主义', '中性', 0.0, '暴露出人类中心主义的傲慢，宏', []), ('个体', '中性', 0.0, '宏大叙事和个体情感的嫁接', []), ('情感', '中性', 0.0, '叙事和个体情感的嫁接很难', []), ('很难说', '中性', 0.0, '情感的嫁接很难说是成功的。', [])]",中性,无,中性,中性,中性,中性,无,无,中性,中性,0.002864642790108489,0.0028461028513399344,非逮着流浪地球这一个高概念薅，结果就是核心表达相比首作翻不出什么新花样，除了把特效做得更加细致，只能强行增加故事体量，于是我们看到吴京和刘德华各自的A故事（MOSS的B故事）让整部电影变得臃肿不堪。
豆瓣电影,"这种完成度，比不过哪个美国大片????

不会有人喜欢了英雄史观，不习惯人民史观，就不给高分吧",5,天上飞的胖虎,2023-01-26 08:28:27,35267208,这种完成度，比不过哪个美国大片 不会有人喜欢了英雄史观，不习惯人民史观，就不给高分吧,"['这种', '完成度', '不过', '哪个', '美国', '大片', '不会', '有人', '喜欢', '英雄', '史观', '习惯', '人民', '史观', '高分']",15,2,0.4146017730236053,正面,"[('，', 'OTHER', 5, 6), ('美国', 'LOCATION', 11, 13), (' ', 'MOVIE', 15, 16), ('英雄', 'LOCATION', 23, 25), ('，', 'OTHER', 27, 28), ('，', 'OTHER', 35, 36)]",[],"['美国', '英雄']",[],[],"[('史观', 2.21349286158), ('高分', 1.04994802703), ('大片', 0.711509000697), ('英雄', 0.679735558945), ('习惯', 0.627899265325), ('喜欢', 0.570258840302), ('人民', 0.520936310033), ('不会', 0.441172117956), ('美国', 0.415659623166)]","['史观', '高分', '大片', '英雄', '习惯', '喜欢', '人民', '不会', '美国']",False,0.9491396221268018,0.012646406857721004,0.012749544303309376,0,"[('完成度', '中性', 0.0, '这种完成度，比不过哪', []), ('美国', '中性', 0.0, '比不过哪个美国大片 不会', []), ('大片', '中性', 0.0, '过哪个美国大片 不会有人', []), ('英雄', '正面', 0.3333333333333333, '有人喜欢了英雄史观，不习', [('喜欢', 1.0)]), ('史观', '正面', 0.3333333333333333, '喜欢了英雄史观，不习惯人', [('喜欢', 1.0)]), ('习惯', '中性', 0.0, '雄史观，不习惯人民史观，', []), ('人民', '中性', 0.0, '观，不习惯人民史观，就不', []), ('史观', '正面', 0.3333333333333333, '喜欢了英雄史观，不习惯人', [('喜欢', 1.0)]), ('高分', '中性', 0.0, '观，就不给高分吧', [])]",无,无,无,无,无,无,无,无,无,无,0.012765286005714974,0.012699140706452814,
豆瓣电影,带着喜欢1的期待来看，不及预期。2虽然肉眼可见的有钱，大量硬桥硬码的特效场面，大量全世界各地的外景，比1更“国际视野”。但最大的问题是，2的前三分之二部分，根本就没有故事啊！看起来就像是新闻集锦或者说航天纪录片，这对观众观感是致命的。1是燃点泪点恰到好处的完整故事，2则是东一榔头西一棒子，既要瞻前又要顾后，观感就是一个故事最精彩的高潮被讲完了，只能先讲讲头，再补补尾，连贯不起来。以我所见44年恐袭的前传部分根本没有必要拍，除了纯粉丝向呼应第一部，在叙事层面完全是冗余的。而观感上也令人十分难受，太空战狼吴师傅、油腻尴尬追女仔、愚蠢可笑外国人，对吴京不耐受者劝退率极高。李雪健组一开口就老外交部了，“国际政治水深火热，我方不惜一切代价排除万难”，三年疫情后对这种价值观过敏了，大国叙事味儿太冲。,3,风蚀蘑菇,2023-01-22 23:32:13,35267208,带着喜欢的期待来看，不及预期。虽然肉眼可见的有钱，大量硬桥硬码的特效场面，大量全世界各地的外景，比更国际视野。但最大的问题是，的前三分之二部分，根本就没有故事啊！看起来就像是新闻集锦或者说航天纪录片，这对观众观感是致命的。是燃点泪点恰到好处的完整故事，则是东一榔头西一棒子，既要瞻前又要顾后，观感就是一个故事最精彩的高潮被讲完了，只能先讲讲头，再补补尾，连贯不起来。以我所见年恐袭的前传部分根本没有必要拍，除了纯粉丝向呼应第一部，在叙事层面完全是冗余的。而观感上也令人十分难受，太空战狼吴师傅、油腻尴尬追女仔、愚蠢可笑外国人，对吴京不耐受者劝退率极高。李雪健组一开口就老外交部了，国际政治水深火热，我方不惜一切代价排除万难，三年疫情后对这种价值观过敏了，大国叙事味儿太冲。,"['喜欢', '期待', '来看', '不及', '预期', '虽然', '肉眼', '可见', '有钱', '大量', '硬桥', '硬码', '特效', '场面', '大量', '全世界', '各地', '外景', '国际', '视野', '最大', '问题', '三分之二', '部分', '根本', '故事', '看起来', '像是', '新闻', '集锦', '或者说', '航天', '纪录片', '观众', '观感', '致命', '燃点', '泪点', '恰到好处', '完整', '故事', '东一', '榔头', '西一', '棒子', '既要', '瞻前', '顾后', '观感', '故事', '精彩', '高潮', '讲完', '只能', '讲讲', '补补', '连贯', '起来', '恐袭', '部分', '根本', '必要', '除了', '粉丝', '呼应', '第一部', '叙事', '层面', '完全', '冗余', '观感', '令人', '十分', '难受', '太空', '战狼', '师傅', '油腻', '尴尬', '追女仔', '愚蠢', '可笑', '外国人', '吴京', '耐受', '劝退', '率极', '李雪健', '组一', '开口', '外交部', '国际', '政治', '水深火热', '我方', '不惜一切', '代价', '排除万难', '三年', '疫情', '这种', '价值观', '过敏', '大国', '叙事', '味儿', '太冲']",107,2,0.5606749653816223,正面,"[('，', 'OTHER', 9, 10), ('。', 'OTHER', 14, 15), ('，', 'OTHER', 24, 25), ('，', 'OTHER', 36, 37), ('，', 'OTHER', 47, 48), ('。', 'OTHER', 54, 55), ('，', 'OTHER', 62, 63), ('，', 'OTHER', 71, 72), ('！', 'OTHER', 80, 81), ('，', 'MOVIE', 99, 100), ('。', 'OTHER', 110, 111), ('，', 'OTHER', 125, 126), ('西一', 'PERSON', 132, 134), ('，', 'OTHER', 136, 137), ('，', 'OTHER', 145, 146), ('高潮', 'PERSON', 158, 160), ('，', 'OTHER', 164, 165), ('，', 'OTHER', 171, 172), ('，', 'OTHER', 176, 177), ('连贯', 'PERSON', 177, 179), ('。', 'OTHER', 182, 183), ('，', 'OTHER', 202, 203), ('，', 'OTHER', 214, 215), ('。', 'OTHER', 226, 227), ('，', 'OTHER', 238, 239), ('吴', 'PERSON', 243, 244), ('师傅', 'PERSON', 244, 246), ('、', 'OTHER', 246, 247), ('、', 'OTHER', 254, 255), ('，', 'OTHER', 262, 263), ('吴京', 'LOCATION', 264, 266), ('。', 'OTHER', 275, 276), ('李雪健', 'PERSON', 276, 279), ('外交部', 'ORGANIZATION', 285, 288), ('，', 'OTHER', 289, 290), ('，', 'OTHER', 298, 299), ('，', 'OTHER', 311, 312), ('过敏', 'PERSON', 323, 325), ('，', 'OTHER', 326, 327), ('大国', 'LOCATION', 327, 329), ('太冲', 'PERSON', 333, 335), ('。', 'OTHER', 335, 336)]","['西一', '高潮', '连贯', '吴', '师傅', '李雪健', '过敏', '太冲']","['吴京', '大国']",['外交部'],[],"[('观感', 0.4662561680205882), ('故事', 0.27001652488544114), ('叙事', 0.25421124352794117), ('吴京', 0.20442173017647058), ('追女仔', 0.18403504839558824), ('集锦', 0.17807232621617647), ('前传', 0.17807232621617647), ('硬桥', 0.17580540445441176), ('硬码', 0.17580540445441176), ('泪点', 0.17580540445441176), ('要顾', 0.17580540445441176), ('战狼', 0.17580540445441176), ('劝退', 0.1721096040382353), ('榔头', 0.17056018469117645), ('燃点', 0.16112115695294116), ('补补', 0.15896522350882353), ('外景', 0.15213719986029411), ('大量', 0.14550110631882354), ('棒子', 0.14445794423632355), ('纪录片', 0.13926265960485293)]","['观感', '故事', '叙事', '吴京', '追女仔', '集锦', '前传', '硬桥', '硬码', '泪点', '要顾', '战狼', '劝退', '榔头', '燃点', '补补', '外景', '大量', '棒子', '纪录片']",True,0.0018718549618697616,0.0018584186778013614,0.0018667126061195011,4,"[('肉眼', '中性', 0.0, '预期。虽然肉眼可见的有钱', []), ('大量', '中性', 0.0, '见的有钱，大量硬桥硬码的', []), ('硬桥', '中性', 0.0, '有钱，大量硬桥硬码的特效', []), ('硬码', '中性', 0.0, '，大量硬桥硬码的特效场面', []), ('场面', '中性', 0.0, '硬码的特效场面，大量全世', []), ('大量', '中性', 0.0, '见的有钱，大量硬桥硬码的', []), ('全世界', '中性', 0.0, '场面，大量全世界各地的外景', []), ('外景', '中性', 0.0, '世界各地的外景，比更国际', []), ('国际', '中性', 0.0, '外景，比更国际视野。但最', []), ('视野', '中性', 0.0, '，比更国际视野。但最大的', []), ('问题', '中性', 0.0, '。但最大的问题是，的前三', []), ('部分', '中性', 0.0, '前三分之二部分，根本就没', []), ('故事', '中性', 0.0, '根本就没有故事啊！看起来', []), ('新闻', '中性', 0.0, '起来就像是新闻集锦或者说', []), ('集锦', '中性', 0.0, '就像是新闻集锦或者说航天', []), ('航天', '中性', 0.0, '集锦或者说航天纪录片，这', []), ('纪录片', '中性', 0.0, '或者说航天纪录片，这对观众', []), ('观众', '中性', 0.0, '录片，这对观众观感是致命', []), ('观感', '中性', 0.0, '，这对观众观感是致命的。', []), ('燃点', '正面', 0.3333333333333333, '致命的。是燃点泪点恰到好', [('好', 1.0)]), ('泪点', '中性', 0.0, '的。是燃点泪点恰到好处的', []), ('故事', '中性', 0.0, '根本就没有故事啊！看起来', []), ('榔头', '中性', 0.0, '，则是东一榔头西一棒子，', []), ('西一', '中性', 0.0, '是东一榔头西一棒子，既要', []), ('棒子', '中性', 0.0, '一榔头西一棒子，既要瞻前', []), ('观感', '中性', 0.0, '，这对观众观感是致命的。', []), ('故事', '中性', 0.0, '根本就没有故事啊！看起来', []), ('精彩', '正面', 0.3333333333333333, '一个故事最精彩的高潮被讲', [('精彩', 1.0)]), ('高潮', '正面', 0.3333333333333333, '事最精彩的高潮被讲完了，', [('精彩', 1.0)]), ('连贯', '中性', 0.0, '再补补尾，连贯不起来。以', []), ('前传', '中性', 0.0, '见年恐袭的前传部分根本没', []), ('部分', '中性', 0.0, '前三分之二部分，根本就没', []), ('粉丝', '中性', 0.0, '拍，除了纯粉丝向呼应第一', []), ('层面', '中性', 0.0, '部，在叙事层面完全是冗余', []), ('观感', '中性', 0.0, '，这对观众观感是致命的。', []), ('令人', '中性', 0.0, '而观感上也令人十分难受，', []), ('太空', '中性', 0.0, '十分难受，太空战狼吴师傅', []), ('战狼', '中性', 0.0, '难受，太空战狼吴师傅、油', []), ('师傅', '负面', 0.3333333333333333, '太空战狼吴师傅、油腻尴尬', [('尴尬', -1.0)]), ('油腻', '负面', 0.3333333333333333, '狼吴师傅、油腻尴尬追女仔', [('尴尬', -1.0)]), ('追女仔', '负面', 0.3333333333333333, '、油腻尴尬追女仔、愚蠢可笑', [('尴尬', -1.0)]), ('外国人', '中性', 0.0, '、愚蠢可笑外国人，对吴京不', []), ('吴京', '中性', 0.0, '外国人，对吴京不耐受者劝', []), ('李雪健', '中性', 0.0, '退率极高。李雪健组一开口就', []), ('组一', '中性', 0.0, '高。李雪健组一开口就老外', []), ('开口', '中性', 0.0, '李雪健组一开口就老外交部', []), ('外交部', '中性', 0.0, '一开口就老外交部了，国际政', []), ('国际', '中性', 0.0, '外景，比更国际视野。但最', []), ('政治', '中性', 0.0, '部了，国际政治水深火热，', []), ('代价', '中性', 0.0, '方不惜一切代价排除万难，', []), ('疫情', '中性', 0.0, '万难，三年疫情后对这种价', []), ('价值观', '中性', 0.0, '情后对这种价值观过敏了，大', []), ('过敏', '中性', 0.0, '这种价值观过敏了，大国叙', []), ('大国', '中性', 0.0, '观过敏了，大国叙事味儿太', []), ('味儿', '中性', 0.0, '，大国叙事味儿太冲。', []), ('太冲', '中性', 0.0, '国叙事味儿太冲。', [])]",无,无,无,无,无,中性,无,无,无,无,0.001864997574737674,0.9925380161794717,虽然肉眼可见的有钱，大量硬桥硬码的特效场面，大量全世界各地的外景，比更国际视野。
豆瓣电影,为什么一定要给个剧透倒计时啊？别人家的导演都把悬念藏着掖着，这电影巴不得在危急关头告诉你：嘿！这货一定能完成任务！,3,不全,2023-01-26 17:18:54,35267208,为什么一定要给个剧透倒计时啊？别人家的导演都把悬念藏着掖着，这电影巴不得在危急关头告诉你：嘿！这货一定能完成任务！,"['为什么', '一定', '剧透', '倒计时', '别人', '导演', '悬念', '电影', '巴不得', '危急关头', '告诉', '这货', '一定', '完成', '任务']",15,2,0.4473702907562256,正面,"[('？', 'OTHER', 14, 15), ('，', 'MOVIE', 29, 30), ('：', 'OTHER', 44, 45), ('！', 'OTHER', 46, 47), ('！', 'OTHER', 56, 57)]",[],[],[],[],"[('个剧', 1.4943459378625), ('倒计时', 1.2322032980175), ('悬念', 1.00570071622125), ('导演', 0.90076444918125), ('电影', 0.8322349661475), ('任务', 0.70287643639), ('告诉', 0.62751151610875), ('完成', 0.62147152996125)]","['个剧', '倒计时', '悬念', '导演', '电影', '任务', '告诉', '完成']",False,0.012707589176027708,0.012517026761141786,0.012626572262021619,4,"[('个剧', '中性', 0.0, '么一定要给个剧透倒计时啊', []), ('倒计时', '中性', 0.0, '要给个剧透倒计时啊？别人家', []), ('悬念', '中性', 0.0, '的导演都把悬念藏着掖着，', []), ('电影', '中性', 0.0, '着掖着，这电影巴不得在危', []), ('巴不得', '中性', 0.0, '着，这电影巴不得在危急关头', []), ('任务', '中性', 0.0, '一定能完成任务！', [])]",中性,无,无,无,无,无,无,无,无,无,0.01276570133183376,0.9493831104689751,
豆瓣电影,太震撼了，绝佳的视觉效果、紧凑的剧情，看的我一种汗毛倒竖的感觉，全程屏住呼吸，生怕错过任何一个镜头，这就是我们国产电影的希望，让我们的中国文化走出国门，展示我们的辉煌！《流浪地球2》的精神核心就如“愚公移山”一般，面对艰难险阻，应当以“子子孙孙无穷尽也”的信念，矢志不渝的前行，仰之弥高，钻之弥坚。李雪健那沙哑而平静的声音，彰显的正是以一种磨难中的坚定，一种永不言败的信念，这正契合了“愚公精神”，契合了中国人民骨子里的坚韧不拔。,5,午夜心跳在加速,2023-01-22 12:15:36,35267208,太震撼了，绝佳的视觉效果、紧凑的剧情，看的我一种汗毛倒竖的感觉，全程屏住呼吸，生怕错过任何一个镜头，这就是我们国产电影的希望，让我们的中国文化走出国门，展示我们的辉煌！《流浪地球》的精神核心就如愚公移山一般，面对艰难险阻，应当以子子孙孙无穷尽也的信念，矢志不渝的前行，仰之弥高，钻之弥坚。李雪健那沙哑而平静的声音，彰显的正是以一种磨难中的坚定，一种永不言败的信念，这正契合了愚公精神，契合了中国人民骨子里的坚韧不拔。,"['震撼', '绝佳', '视觉效果', '紧凑', '剧情', '一种', '汗毛', '感觉', '全程', '屏住', '呼吸', '生怕', '错过', '任何', '镜头', '我们', '国产电影', '希望', '我们', '中国', '文化', '走出', '国门', '展示', '我们', '辉煌', '流浪', '地球', '精神', '核心', '愚公移山', '一般', '面对', '艰难险阻', '应当', '子子孙孙', '无穷尽', '信念', '矢志不渝', '前行', '仰之弥高', '弥坚', '李雪健', '沙哑', '平静', '声音', '彰显', '正是', '一种', '磨难', '坚定', '一种', '永不言败', '信念', '这正', '契合', '愚公精神', '契合', '中国', '人民', '骨子里', '坚韧不拔']",62,2,0.4054327607154846,正面,"[('，', 'OTHER', 4, 5), ('、', 'OTHER', 12, 13), ('，', 'OTHER', 18, 19), ('，', 'OTHER', 31, 32), ('，', 'OTHER', 38, 39), ('，', 'MOVIE', 49, 50), ('，', 'MOVIE', 62, 63), ('中国', 'LOCATION', 67, 69), ('，', 'OTHER', 75, 76), ('！', 'OTHER', 83, 84), ('《', 'OTHER', 84, 85), ('》', 'OTHER', 89, 90), ('，', 'OTHER', 103, 104), ('，', 'OTHER', 110, 111), ('子子孙孙', 'PERSON', 114, 118), ('，', 'OTHER', 125, 126), ('，', 'OTHER', 133, 134), ('，', 'OTHER', 138, 139), ('。', 'OTHER', 143, 144), ('李雪健', 'PERSON', 144, 147), ('，', 'OTHER', 156, 157), ('，', 'OTHER', 171, 172), ('，', 'OTHER', 181, 182), ('，', 'OTHER', 191, 192), ('中国', 'LOCATION', 195, 197), ('。', 'OTHER', 207, 208)]","['子子孙孙', '李雪健']","['中国', '中国']",[],[],"[('契合', 0.5118843704394594), ('信念', 0.46261315675729725), ('弥坚', 0.3460017665756757), ('国产电影', 0.31630954255675675), ('视觉效果', 0.289800643827027), ('汗毛', 0.26642233470648646), ('国门', 0.260869794862973), ('屏住', 0.2597356273197297), ('沙哑', 0.2565934703975676), ('磨难', 0.25205315333702705), ('彰显', 0.24792675225027028), ('剧情', 0.24698658695081083), ('骨子里', 0.2433199419464865), ('流浪', 0.23688862743054054), ('镜头', 0.23263169803378378), ('震撼', 0.22550944838594594), ('全程', 0.2250952329675676), ('错过', 0.2245862343637838), ('生怕', 0.22217581197189187), ('前行', 0.21970909537432434)]","['契合', '信念', '弥坚', '国产电影', '视觉效果', '汗毛', '国门', '屏住', '沙哑', '磨难', '彰显', '剧情', '骨子里', '流浪', '镜头', '震撼', '全程', '错过', '生怕', '前行']",True,0.0031952391992400796,0.9872288963265484,0.0031873651106582904,1,"[('视觉效果', '中性', 0.0, '了，绝佳的视觉效果、紧凑的剧', []), ('剧情', '中性', 0.0, '果、紧凑的剧情，看的我一', []), ('汗毛', '中性', 0.0, '看的我一种汗毛倒竖的感觉', []), ('感觉', '中性', 0.0, '汗毛倒竖的感觉，全程屏住', []), ('全程', '中性', 0.0, '竖的感觉，全程屏住呼吸，', []), ('镜头', '中性', 0.0, '过任何一个镜头，这就是我', []), ('国产电影', '中性', 0.0, '这就是我们国产电影的希望，让', []), ('中国', '中性', 0.0, '，让我们的中国文化走出国', []), ('文化', '中性', 0.0, '我们的中国文化走出国门，', []), ('国门', '中性', 0.0, '国文化走出国门，展示我们', []), ('流浪', '中性', 0.0, '的辉煌！《流浪地球》的精', []), ('地球', '中性', 0.0, '煌！《流浪地球》的精神核', []), ('精神', '中性', 0.0, '浪地球》的精神核心就如愚', []), ('核心', '中性', 0.0, '球》的精神核心就如愚公移', []), ('子子孙孙', '中性', 0.0, '阻，应当以子子孙孙无穷尽也的', []), ('信念', '中性', 0.0, '无穷尽也的信念，矢志不渝', []), ('仰之弥高', '中性', 0.0, '渝的前行，仰之弥高，钻之弥坚', []), ('弥坚', '中性', 0.0, '弥高，钻之弥坚。李雪健那', []), ('李雪健', '中性', 0.0, '钻之弥坚。李雪健那沙哑而平', []), ('沙哑', '中性', 0.0, '。李雪健那沙哑而平静的声', []), ('声音', '中性', 0.0, '哑而平静的声音，彰显的正', []), ('磨难', '中性', 0.0, '正是以一种磨难中的坚定，', []), ('永不言败', '中性', 0.0, '坚定，一种永不言败的信念，这', []), ('信念', '中性', 0.0, '无穷尽也的信念，矢志不渝', []), ('中国', '中性', 0.0, '，让我们的中国文化走出国', []), ('人民', '中性', 0.0, '契合了中国人民骨子里的坚', []), ('骨子里', '中性', 0.0, '了中国人民骨子里的坚韧不拔', [])]",无,中性,无,无,中性,无,无,无,无,中性,0.003196870871712238,0.0031916284918408855,李雪健那沙哑而平静的声音，彰显的正是以一种磨难中的坚定，一种永不言败的信念，这正契合了愚公精神，契合了中国人民骨子里的坚韧不拔。
豆瓣电影,不停倒计时的写法，解决了整体的节奏，但也割裂了故事的连续体验，离讲好一个故事还差一点。特效质感比上一部更好，已经是好莱坞A类大片的水准了，不愧是国产硬科幻的里程碑，只是这个价值观还停在了战狼的水平。想解决剧本问题，肯定不难。但想解决价值观输出的问题，就不可能了，这也注定了国产大片只是拍给国内观众自high的。票房这么成功了，分明是找到了流量密码，那也就没有聊这个问题的必要了。,3,亵渎电影,2023-04-15 21:24:25,35267208,不停倒计时的写法，解决了整体的节奏，但也割裂了故事的连续体验，离讲好一个故事还差一点。特效质感比上一部更好，已经是好莱坞A类大片的水准了，不愧是国产硬科幻的里程碑，只是这个价值观还停在了战狼的水平。想解决剧本问题，肯定不难。但想解决价值观输出的问题，就不可能了，这也注定了国产大片只是拍给国内观众自high的。票房这么成功了，分明是找到了流量密码，那也就没有聊这个问题的必要了。,"['不停', '倒计时', '写法', '解决', '整体', '节奏', '割裂', '故事', '连续', '体验', '故事', '差一点', '特效', '质感', '比上', '一部', '更好', '已经', '好莱坞', '大片', '水准', '不愧', '国产', '科幻', '里程碑', '这个', '价值观', '战狼', '水平', '解决', '剧本', '问题', '肯定', '不难', '解决', '价值观', '输出', '问题', '可能', '注定', '国产', '大片', '国内', '观众', 'high', '票房', '这么', '成功', '分明', '找到', '流量', '密码', '这个', '问题', '必要']",55,2,0.5368854999542236,正面,"[('，', 'OTHER', 8, 9), ('，', 'OTHER', 17, 18), ('，', 'OTHER', 30, 31), ('。', 'OTHER', 42, 43), ('，', 'OTHER', 53, 54), ('好莱坞', 'LOCATION', 57, 60), ('，', 'MOVIE', 68, 69), ('，', 'OTHER', 81, 82), ('。', 'OTHER', 98, 99), ('，', 'OTHER', 106, 107), ('。', 'OTHER', 111, 112), ('，', 'OTHER', 124, 125), ('，', 'OTHER', 130, 131), ('。', 'OTHER', 154, 155), ('，', 'OTHER', 162, 163), ('，', 'OTHER', 173, 174), ('。', 'OTHER', 188, 189)]",[],['好莱坞'],[],[],"[('价值观', 0.42960621713024394), ('解决', 0.3907207626980488), ('国产', 0.3747354893795122), ('大片', 0.34707756131560974), ('故事', 0.2985548567839024), ('战狼', 0.2915796951926829), ('拍给', 0.2915796951926829), ('问题', 0.29001318827414635), ('科幻', 0.2615274102829268), ('倒计时', 0.24042991180829268), ('割裂', 0.2400057229617073), ('写法', 0.23277972744609754), ('质感', 0.22623670338268292), ('票房', 0.21904138356463415), ('好莱坞', 0.21851305437487806), ('里程碑', 0.21093668838853658), ('停在', 0.2088570627382927), ('水准', 0.20526538337780487), ('注定', 0.19371348680365855), ('密码', 0.1898190354617073)]","['价值观', '解决', '国产', '大片', '故事', '战狼', '拍给', '问题', '科幻', '倒计时', '割裂', '写法', '质感', '票房', '好莱坞', '里程碑', '停在', '水准', '注定', '密码']",True,0.0036429997061567733,0.0035831010453125853,0.9855143838011144,2,"[('倒计时', '中性', 0.0, '不停倒计时的写法，解', []), ('整体', '中性', 0.0, '法，解决了整体的节奏，但', []), ('节奏', '中性', 0.0, '决了整体的节奏，但也割裂', []), ('故事', '中性', 0.0, '但也割裂了故事的连续体验', []), ('体验', '正面', 0.3333333333333333, '故事的连续体验，离讲好一', [('好', 1.0)]), ('故事', '中性', 0.0, '但也割裂了故事的连续体验', []), ('质感', '中性', 0.0, '一点。特效质感比上一部更', []), ('好莱坞', '正面', 0.3333333333333333, '好，已经是好莱坞A类大片的', [('好', 1.0)]), ('大片', '中性', 0.0, '好莱坞A类大片的水准了，', []), ('水准', '中性', 0.0, 'A类大片的水准了，不愧是', []), ('国产', '中性', 0.0, '了，不愧是国产硬科幻的里', []), ('科幻', '中性', 0.0, '愧是国产硬科幻的里程碑，', []), ('里程碑', '中性', 0.0, '产硬科幻的里程碑，只是这个', []), ('价值观', '中性', 0.0, '，只是这个价值观还停在了战', []), ('战狼', '中性', 0.0, '观还停在了战狼的水平。想', []), ('水平', '中性', 0.0, '在了战狼的水平。想解决剧', []), ('剧本', '中性', 0.0, '平。想解决剧本问题，肯定', []), ('问题', '中性', 0.0, '想解决剧本问题，肯定不难', []), ('价值观', '中性', 0.0, '，只是这个价值观还停在了战', []), ('问题', '中性', 0.0, '想解决剧本问题，肯定不难', []), ('国产', '中性', 0.0, '了，不愧是国产硬科幻的里', []), ('大片', '中性', 0.0, '好莱坞A类大片的水准了，', []), ('观众', '中性', 0.0, '是拍给国内观众自high', []), ('票房', '中性', 0.0, 'igh的。票房这么成功了', []), ('流量', '中性', 0.0, '明是找到了流量密码，那也', []), ('密码', '中性', 0.0, '找到了流量密码，那也就没', []), ('问题', '中性', 0.0, '想解决剧本问题，肯定不难', [])]",无,无,中性,无,无,中性,无,无,无,无,0.003627116455060815,0.0036323989923552763,但想解决价值观输出的问题，就不可能了，这也注定了国产大片只是拍给国内观众自high的。
豆瓣电影,我们的人一定能完成任务，重复了好几次。你或许觉得它前后逻辑似乎不连，其实这个语汇，也就是中华民族伟大复兴的历史任务。所以台词这样写。,0,圈圈儿,2023-01-24 14:38:30,35267208,我们的人一定能完成任务，重复了好几次。你或许觉得它前后逻辑似乎不连，其实这个语汇，也就是中华民族伟大复兴的历史任务。所以台词这样写。,"['我们', '一定', '完成', '任务', '重复', '几次', '或许', '觉得', '前后', '逻辑', '似乎', '不连', '这个', '语汇', '中华民族', '伟大', '复兴', '历史', '任务', '所以', '台词']",21,2,0.5214353799819946,正面,"[('，', 'OTHER', 11, 12), ('。', 'OTHER', 18, 19), ('，', 'OTHER', 33, 34), ('，', 'OTHER', 40, 41), ('中华民族', 'OTHER', 44, 48), ('。', 'OTHER', 57, 58), ('。', 'OTHER', 65, 66)]",[],[],[],[],"[('任务', 1.40575287278), ('语汇', 1.33032263925), ('台词', 1.1558396627275), ('逻辑', 0.879609282565), ('完成', 0.62147152996125), ('觉得', 0.6036137412325), ('历史', 0.57540532164375)]","['任务', '语汇', '台词', '逻辑', '完成', '觉得', '历史']",False,0.009194528573402248,0.009147732562788296,0.009188232498507335,3,"[('任务', '正面', 0.3333333333333333, '一定能完成任务，重复了好', [('好', 1.0)]), ('逻辑', '中性', 0.0, '觉得它前后逻辑似乎不连，', []), ('语汇', '中性', 0.0, '，其实这个语汇，也就是中', []), ('中华民族', '中性', 0.0, '汇，也就是中华民族伟大复兴的', []), ('历史', '中性', 0.0, '伟大复兴的历史任务。所以', []), ('任务', '正面', 0.3333333333333333, '一定能完成任务，重复了好', [('好', 1.0)]), ('台词', '中性', 0.0, '任务。所以台词这样写。', [])]",无,无,无,无,无,无,无,无,无,无,0.9633207926574696,0.009148713707832382,
豆瓣电影,三星半。还是灾难片，科幻有加强，美术的部分大有进步，但数字生命最后作为背密码的工具使用被认可了最大价值（笑，和人类的宿命殊途同归，就是工具，在这个点上写出了最后的“死士”情节不足为奇，这十年科幻片几乎是延续着诺兰建立的话语体系上写就的，本片做了模仿，但免不了用这样古旧的传统战争片桥段去填充，另外就是我不太喜欢一直用作戏用的狭隘的地域观念，国与国的区分才能写出对抗，这中间还包含着对于对立观点的片面描绘，第一场战斗是因此而生，在篇幅也可以不要。人物没有第一部做得好，顾此失彼，但第一部借人物做成了团队爽片也不行，刘培强遇到韩朵朵那么优秀的女性，脑子第一个画面是结婚生子，让人反感，结合后来刘成为孤胆英雄，韩就得了绝症，让人emmm，全片我很喜欢宁理的声音部分，真实，又让这个角色变得立体，虽然也有听不清时,3,Morning,2023-01-22 20:15:51,35267208,三星半。还是灾难片，科幻有加强，美术的部分大有进步，但数字生命最后作为背密码的工具使用被认可了最大价值（笑，和人类的宿命殊途同归，就是工具，在这个点上写出了最后的死士情节不足为奇，这十年科幻片几乎是延续着诺兰建立的话语体系上写就的，本片做了模仿，但免不了用这样古旧的传统战争片桥段去填充，另外就是我不太喜欢一直用作戏用的狭隘的地域观念，国与国的区分才能写出对抗，这中间还包含着对于对立观点的片面描绘，第一场战斗是因此而生，在篇幅也可以不要。人物没有第一部做得好，顾此失彼，但第一部借人物做成了团队爽片也不行，刘培强遇到韩朵朵那么优秀的女性，脑子第一个画面是结婚生子，让人反感，结合后来刘成为孤胆英雄，韩就得了绝症，让人emmm，全片我很喜欢宁理的声音部分，真实，又让这个角色变得立体，虽然也有听不清时,"['三星', '灾难片', '科幻', '加强', '美术', '部分', '大有', '进步', '数字', '生命', '最后', '作为', '密码', '工具', '使用', '认可', '最大', '价值', '人类', '宿命', '殊途同归', '工具', '这个', '点上', '写出', '最后', '死士', '情节', '不足为奇', '十年', '科幻片', '几乎', '延续', '诺兰', '建立', '话语', '体系', '本片', '模仿', '免不了', '古旧', '传统', '战争片', '桥段', '填充', '另外', '喜欢', '一直', '用作', '戏用', '狭隘', '地域观念', '国与国', '区分', '才能', '写出', '对抗', '中间', '包含', '对立', '观点', '片面', '描绘', '第一场', '战斗', '因此', '而生', '篇幅', '不要', '人物', '第一部', '做得好', '顾此失彼', '第一部', '人物', '做成', '团队', '爽片', '不行', '刘培强', '遇到', '朵朵', '那么', '优秀', '女性', '脑子', '第一个', '画面', '结婚', '生子', '反感', '结合', '后来', '成为', '孤胆', '英雄', '绝症', 'emmm', '全片', '喜欢', '宁理', '声音', '部分', '真实', '这个', '角色', '变得', '立体', '虽然', '听不清']",110,2,0.5230004191398621,正面,"[('三星', 'OTHER', 0, 2), ('。', 'MOVIE', 3, 4), ('，', 'MOVIE', 9, 10), ('，', 'OTHER', 15, 16), ('，', 'OTHER', 25, 26), ('（', 'OTHER', 51, 52), ('，', 'OTHER', 53, 54), ('，', 'OTHER', 64, 65), ('，', 'OTHER', 69, 70), ('，', 'OTHER', 89, 90), ('，', 'MOVIE', 115, 116), ('，', 'MOVIE', 122, 123), ('，', 'OTHER', 143, 144), ('，', 'OTHER', 167, 168), ('国与国', 'ORGANIZATION', 168, 171), ('，', 'OTHER', 180, 181), ('，', 'MOVIE', 199, 200), ('，', 'OTHER', 210, 211), ('。', 'OTHER', 219, 220), ('，', 'OTHER', 230, 231), ('，', 'OTHER', 235, 236), ('爽片', 'MOVIE', 248, 250), ('，', 'MOVIE', 253, 254), ('刘培强', 'PERSON', 254, 257), ('，', 'OTHER', 269, 270), ('，', 'OTHER', 282, 283), ('，', 'OTHER', 287, 288), ('后来', 'TIME', 290, 292), ('孤胆', 'PERSON', 295, 297), ('英雄', 'LOCATION', 297, 299), ('，', 'OTHER', 299, 300), ('，', 'OTHER', 306, 307), ('，', 'MOVIE', 313, 314), ('，', 'OTHER', 327, 328), ('，', 'OTHER', 330, 331), ('，', 'OTHER', 341, 342)]","['刘培强', '孤胆']",['英雄'],['国与国'],[],"[('写出', 0.21483710839424658), ('科幻片', 0.17537075840136987), ('本片', 0.17142990809452055), ('战争片', 0.16837314711643836), ('工具', 0.16760146946958906), ('上写', 0.1637639383958904), ('戏用', 0.1637639383958904), ('地域观念', 0.1637639383958904), ('全片', 0.15887798026027397), ('人物', 0.15863699765479453), ('死士', 0.1575723613589041), ('喜欢', 0.15623529871287672), ('灾难片', 0.1533236637109589), ('桥段', 0.15243957437945208), ('科幻', 0.14688525783013698), ('绝症', 0.1452717915890411), ('宿命', 0.1382741803041096), ('听不清', 0.13629361552589042), ('做得好', 0.13552526666767123), ('生子', 0.13183577442410957)]","['写出', '科幻片', '本片', '战争片', '工具', '上写', '戏用', '地域观念', '全片', '人物', '死士', '喜欢', '灾难片', '桥段', '科幻', '绝症', '宿命', '听不清', '做得好', '生子']",True,0.0018054494553945365,0.0017967791203597249,0.9928003530864361,2,"[('三星', '中性', 0.0, '三星半。还是灾', []), ('灾难片', '中性', 0.0, '星半。还是灾难片，科幻有加', []), ('科幻', '中性', 0.0, '是灾难片，科幻有加强，美', []), ('美术', '中性', 0.0, '幻有加强，美术的部分大有', []), ('部分', '中性', 0.0, '强，美术的部分大有进步，', []), ('数字', '中性', 0.0, '有进步，但数字生命最后作', []), ('密码', '中性', 0.0, '最后作为背密码的工具使用', []), ('工具', '中性', 0.0, '为背密码的工具使用被认可', []), ('价值', '中性', 0.0, '认可了最大价值（笑，和人', []), ('人类', '中性', 0.0, '值（笑，和人类的宿命殊途', []), ('宿命', '中性', 0.0, '，和人类的宿命殊途同归，', []), ('工具', '中性', 0.0, '为背密码的工具使用被认可', []), ('死士', '中性', 0.0, '出了最后的死士情节不足为', []), ('情节', '中性', 0.0, '最后的死士情节不足为奇，', []), ('科幻片', '中性', 0.0, '奇，这十年科幻片几乎是延续', []), ('诺兰', '中性', 0.0, '乎是延续着诺兰建立的话语', []), ('话语', '中性', 0.0, '诺兰建立的话语体系上写就', []), ('体系', '中性', 0.0, '建立的话语体系上写就的，', []), ('本片', '中性', 0.0, '上写就的，本片做了模仿，', []), ('传统', '中性', 0.0, '这样古旧的传统战争片桥段', []), ('战争片', '中性', 0.0, '古旧的传统战争片桥段去填充', []), ('桥段', '中性', 0.0, '传统战争片桥段去填充，另', []), ('戏用', '中性', 0.0, '欢一直用作戏用的狭隘的地', []), ('地域观念', '中性', 0.0, '用的狭隘的地域观念，国与国的', []), ('国与国', '中性', 0.0, '地域观念，国与国的区分才能', []), ('区分', '中性', 0.0, '，国与国的区分才能写出对', []), ('观点', '中性', 0.0, '着对于对立观点的片面描绘', []), ('片面', '中性', 0.0, '对立观点的片面描绘，第一', []), ('篇幅', '中性', 0.0, '此而生，在篇幅也可以不要', []), ('人物', '中性', 0.0, '可以不要。人物没有第一部', []), ('人物', '中性', 0.0, '可以不要。人物没有第一部', []), ('团队', '中性', 0.0, '人物做成了团队爽片也不行', []), ('爽片', '中性', 0.0, '做成了团队爽片也不行，刘', []), ('刘培强', '中性', 0.0, '片也不行，刘培强遇到韩朵朵', []), ('女性', '正面', 0.3333333333333333, '那么优秀的女性，脑子第一', [('优秀', 1.0)]), ('脑子', '中性', 0.0, '秀的女性，脑子第一个画面', []), ('画面', '中性', 0.0, '脑子第一个画面是结婚生子', []), ('生子', '中性', 0.0, '画面是结婚生子，让人反感', []), ('孤胆', '中性', 0.0, '后来刘成为孤胆英雄，韩就', []), ('英雄', '中性', 0.0, '刘成为孤胆英雄，韩就得了', []), ('绝症', '中性', 0.0, '，韩就得了绝症，让人em', []), ('全片', '正面', 0.3333333333333333, 'emmm，全片我很喜欢宁', [('喜欢', 1.0)]), ('声音', '正面', 0.3333333333333333, '喜欢宁理的声音部分，真实', [('喜欢', 1.0)]), ('部分', '中性', 0.0, '强，美术的部分大有进步，', []), ('角色', '中性', 0.0, '，又让这个角色变得立体，', []), ('立体', '中性', 0.0, '个角色变得立体，虽然也有', [])]",无,无,中性,中性,无,无,中性,正面,无,无,0.0017954952640668867,0.0018019230737427354,人物没有第一部做得好，顾此失彼，但第一部借人物做成了团队爽片也不行，刘培强遇到韩朵朵那么优秀的女性，脑子第一个画面是结婚生子，让人反感，结合后来刘成为孤胆英雄，韩就得了绝症，让人emmm，全片我很喜欢宁理的声音部分，真实，又让这个角色变得立体，虽然也有听不清时。
豆瓣电影,三星全部给到诚意，以及，主创团队总结的那几页纸——“拍科幻都有哪些坑”。,3,子戈,2023-01-23 11:49:28,35267208,三星全部给到诚意，以及，主创团队总结的那几页纸拍科幻都有哪些坑。,"['三星', '全部', '诚意', '以及', '主创', '团队', '总结', '几页', '科幻', '哪些']",10,2,0.4993444979190826,正面,"[('三星', 'OTHER', 0, 2), ('，', 'OTHER', 8, 9), ('，', 'OTHER', 11, 12), ('。', 'OTHER', 31, 32)]",[],[],[],[],"[('主创', 2.19124773456), ('科幻', 2.14452476432), ('团队', 1.4133137826320001), ('总结', 1.352362130406), ('全部', 0.985592030516)]","['主创', '科幻', '团队', '总结', '全部']",False,0.9268713980765059,0.018192083084428136,0.018314958091735285,0,"[('三星', '中性', 0.0, '三星全部给到诚', []), ('全部', '中性', 0.0, '三星全部给到诚意，', []), ('主创', '中性', 0.0, '意，以及，主创团队总结的', []), ('团队', '中性', 0.0, '以及，主创团队总结的那几', []), ('总结', '中性', 0.0, '，主创团队总结的那几页纸', []), ('科幻', '中性', 0.0, '那几页纸拍科幻都有哪些坑', [])]",无,无,中性,无,无,无,无,无,无,无,0.018240611382429044,0.01838094936490177,
豆瓣电影,"特效可以，三小时的剧情太过冗长，有点怪怪的。
ps.真的对图恒宇对于丫丫浓烈的父爱不满，没有一丝丝队妻子的怀念，与其这样不如改成单亲。",3,小羊蛋卷🐑,2023-01-25 23:04:40,35267208,特效可以，三小时的剧情太过冗长，有点怪怪的。 ps真的对图恒宇对于丫丫浓烈的父爱不满，没有一丝丝队妻子的怀念，与其这样不如改成单亲。,"['特效', '小时', '剧情', '太过', '冗长', '有点', '怪怪的', 'ps', '真的', '图恒宇', '丫丫', '浓烈', '父爱', '不满', '一丝丝', '妻子', '怀念', '与其', '不如', '改成', '单亲']",21,2,0.5045409202575684,正面,"[('，', 'OTHER', 4, 5), ('，', 'OTHER', 15, 16), ('。', 'OTHER', 21, 22), (' ', 'OTHER', 22, 23), ('图恒宇', 'PERSON', 28, 31), ('，', 'OTHER', 42, 43), ('，', 'OTHER', 54, 55), ('。', 'OTHER', 65, 66)]",['图恒宇'],[],[],[],"[('单亲', 1.1173854308636364), ('丫丫', 1.063950279509091), ('父爱', 0.9913586707636365), ('冗长', 0.9117706037363636), ('剧情', 0.8307730651981818), ('怀念', 0.7811281776881818), ('改成', 0.7721368982290909), ('妻子', 0.5598827047418182), ('小时', 0.5223536435645454), ('有点', 0.5089465324636364), ('没有', 0.2829839604681818)]","['单亲', '丫丫', '父爱', '冗长', '剧情', '怀念', '改成', '妻子', '小时', '有点', '没有']",False,0.9649469797207187,0.008771745226055195,0.008768903176584485,0,"[('小时', '中性', 0.0, '效可以，三小时的剧情太过', []), ('剧情', '中性', 0.0, '，三小时的剧情太过冗长，', []), ('冗长', '中性', 0.0, '的剧情太过冗长，有点怪怪', []), ('有点', '中性', 0.0, '太过冗长，有点怪怪的。 ', []), ('图恒宇', '中性', 0.0, 'ps真的对图恒宇对于丫丫浓', []), ('丫丫', '中性', 0.0, '图恒宇对于丫丫浓烈的父爱', []), ('父爱', '中性', 0.0, '丫丫浓烈的父爱不满，没有', []), ('妻子', '中性', 0.0, '有一丝丝队妻子的怀念，与', []), ('单亲', '中性', 0.0, '样不如改成单亲。', [])]",无,无,无,无,无,无,无,无,无,无,0.008720316941919763,0.008792054934721863,
豆瓣电影,应该多一些像刘慈欣这样的创作者。作品既能创造影视行业的就业，还可以拉动GDP。,5,王食欲,2023-01-25 23:35:17,35267208,应该多一些像刘慈欣这样的创作者。作品既能创造影视行业的就业，还可以拉动GDP。,"['多一些', '刘慈欣', '创作者', '作品', '创造', '影视', '行业', '就业', '拉动', 'GDP']",10,2,0.4630513191223144,正面,"[('刘慈欣', 'PERSON', 6, 9), ('。', 'OTHER', 15, 16), ('，', 'OTHER', 29, 30), ('。', 'OTHER', 38, 39)]",['刘慈欣'],[],[],[],"[('创作者', 1.3570194017875), ('影视', 1.06742318578375), ('拉动', 0.83090090866125), ('就业', 0.794146996145), ('作品', 0.7351331071975), ('创造', 0.729426555385), ('应该', 0.585507130255), ('行业', 0.58006250564375)]","['创作者', '影视', '拉动', '就业', '作品', '创造', '应该', '行业']",False,0.9328890055571232,0.01692742649110027,0.01666977820166829,0,"[('刘慈欣', '中性', 0.0, '该多一些像刘慈欣这样的创作', []), ('创作者', '中性', 0.0, '慈欣这样的创作者。作品既能', []), ('作品', '中性', 0.0, '的创作者。作品既能创造影', []), ('影视', '中性', 0.0, '品既能创造影视行业的就业', []), ('行业', '中性', 0.0, '能创造影视行业的就业，还', [])]",无,无,无,无,无,无,无,无,无,无,0.016670929584405855,0.016842860165702467,
豆瓣电影,充斥着自大愚蠢的傲慢，强行煽情的说教，爹式的为你好和无可救药的自嗨！,2,东京铁塔的美,2023-04-22 15:35:37,35267208,充斥着自大愚蠢的傲慢，强行煽情的说教，爹式的为你好和无可救药的自嗨！,"['充斥', '自大', '愚蠢', '傲慢', '强行', '煽情', '说教', '爹式', '你好', '无可救药']",10,2,0.391017735004425,正面,"[('，', 'OTHER', 10, 11), ('，', 'OTHER', 18, 19), ('！', 'OTHER', 33, 34)]",[],[],[],[],"[('爹式', 2.39095350058), ('煽情', 2.22561778594), ('说教', 1.8757778149859998), ('充斥', 1.774047946116), ('强行', 1.6007047568680002)]","['爹式', '煽情', '说教', '充斥', '强行']",False,0.01863989917362948,0.018245019146739375,0.018377086491694856,3,"[('爹式', '中性', 0.0, '情的说教，爹式的为你好和', []), ('你好', '中性', 0.0, '，爹式的为你好和无可救药', [])]",无,无,无,无,无,无,无,无,无,无,0.9264269624465026,0.01831103274143369,
豆瓣电影,关于断裂股骨的那一段台词我大为震撼，这是中式价值观。中国电影需要更多流浪地球。其远大格局对中国电影和人们的审美工业化有很重要的意义。但如果觉得这种裹挟了民族主义、宏大叙事的电影就是科幻，那说明对科幻的理解还有所欠缺。我们要想做出好莱坞大片级别的制作，肯定要走过美国人走过的这些路。流浪地球只是刚刚迈步，做到了让中文在科技感中不陌生。整个片子让人想起早起的美国工业制品。特效还是欠，可能是我要求有点高，但是太空电梯长镜头堪称一绝。我很期待它把氦闪危机拍出来。,5,江天,2023-01-22 22:26:21,35267208,关于断裂股骨的那一段台词我大为震撼，这是中式价值观。中国电影需要更多流浪地球。其远大格局对中国电影和人们的审美工业化有很重要的意义。但如果觉得这种裹挟了民族主义、宏大叙事的电影就是科幻，那说明对科幻的理解还有所欠缺。我们要想做出好莱坞大片级别的制作，肯定要走过美国人走过的这些路。流浪地球只是刚刚迈步，做到了让中文在科技感中不陌生。整个片子让人想起早起的美国工业制品。特效还是欠，可能是我要求有点高，但是太空电梯长镜头堪称一绝。我很期待它把氦闪危机拍出来。,"['关于', '断裂', '股骨', '一段', '台词', '大为', '震撼', '这是', '中式', '价值观', '中国', '电影', '需要', '流浪', '地球', '远大', '格局', '中国', '电影', '人们', '审美', '工业化', '重要', '意义', '觉得', '这种', '裹挟', '民族主义', '宏大', '叙事', '电影', '科幻', '说明', '科幻', '理解', '欠缺', '我们', '做出', '好莱坞', '大片', '级别', '制作', '肯定', '走过', '美国', '走过', '这些', '流浪', '地球', '刚刚', '迈步', '做到', '中文', '科技', '感中', '陌生', '整个', '片子', '想起', '早起', '美国', '工业制品', '特效', '可能', '要求', '有点', '太空', '电梯', '长镜头', '堪称一绝', '期待', '危机', '出来']",73,2,0.5452150702476501,正面,"[('，', 'OTHER', 17, 18), ('。', 'MOVIE', 25, 26), ('中国', 'LOCATION', 26, 28), ('。', 'MOVIE', 38, 39), ('中国', 'LOCATION', 45, 47), ('。', 'OTHER', 65, 66), ('、', 'MOVIE', 80, 81), ('，', 'MOVIE', 92, 93), ('。', 'OTHER', 107, 108), ('好莱坞', 'LOCATION', 114, 117), ('，', 'OTHER', 124, 125), ('美国', 'LOCATION', 130, 132), ('。', 'OTHER', 139, 140), ('，', 'OTHER', 150, 151), ('中文', 'OTHER', 155, 157), ('。', 'MOVIE', 165, 166), ('美国', 'LOCATION', 177, 179), ('。', 'OTHER', 183, 184), ('，', 'OTHER', 189, 190), ('，', 'OTHER', 199, 200), ('。', 'OTHER', 213, 214), ('。', 'OTHER', 227, 228)]",[],"['中国', '中国', '好莱坞', '美国', '美国']",[],[],"[('科幻', 0.3634787736135593), ('电影', 0.3385362574159322), ('流浪', 0.29711454965864403), ('走过', 0.242358514679322), ('地球', 0.21321440208745762), ('长镜头', 0.208326097279661), ('了让', 0.20262317801525423), ('工业制品', 0.19657783998305084), ('股骨', 0.18104748859491523), ('裹挟', 0.1735104407762712), ('中式', 0.16459360864322034), ('迈步', 0.16433872936576271), ('片子', 0.1575509739998305), ('台词', 0.15672402206474578), ('欠缺', 0.15184805473508475), ('好莱坞', 0.15184805473508475), ('电梯', 0.15012292432305085), ('价值观', 0.14926995679949154), ('叙事', 0.1464946149144068), ('早起', 0.1464946149144068)]","['科幻', '电影', '流浪', '走过', '地球', '长镜头', '了让', '工业制品', '股骨', '裹挟', '中式', '迈步', '片子', '台词', '欠缺', '好莱坞', '电梯', '价值观', '叙事', '早起']",True,0.0027539252733252456,0.0027285037833583783,0.002736083413020115,3,"[('股骨', '中性', 0.0, '关于断裂股骨的那一段台', []), ('台词', '正面', 0.3333333333333333, '骨的那一段台词我大为震撼', [('震撼', 1.0)]), ('中式', '正面', 0.3333333333333333, '震撼，这是中式价值观。中', [('震撼', 1.0)]), ('价值观', '中性', 0.0, '，这是中式价值观。中国电影', []), ('中国', '中性', 0.0, '式价值观。中国电影需要更', []), ('电影', '中性', 0.0, '值观。中国电影需要更多流', []), ('流浪', '中性', 0.0, '影需要更多流浪地球。其远', []), ('地球', '中性', 0.0, '要更多流浪地球。其远大格', []), ('格局', '中性', 0.0, '球。其远大格局对中国电影', []), ('中国', '中性', 0.0, '式价值观。中国电影需要更', []), ('电影', '中性', 0.0, '值观。中国电影需要更多流', []), ('人们', '中性', 0.0, '中国电影和人们的审美工业', []), ('意义', '中性', 0.0, '有很重要的意义。但如果觉', []), ('民族主义', '中性', 0.0, '这种裹挟了民族主义、宏大叙事', []), ('电影', '中性', 0.0, '值观。中国电影需要更多流', []), ('科幻', '中性', 0.0, '的电影就是科幻，那说明对', []), ('科幻', '中性', 0.0, '的电影就是科幻，那说明对', []), ('好莱坞', '中性', 0.0, '们要想做出好莱坞大片级别的', []), ('大片', '中性', 0.0, '做出好莱坞大片级别的制作', []), ('级别', '中性', 0.0, '好莱坞大片级别的制作，肯', []), ('美国', '中性', 0.0, '肯定要走过美国人走过的这', []), ('流浪', '中性', 0.0, '影需要更多流浪地球。其远', []), ('地球', '中性', 0.0, '要更多流浪地球。其远大格', []), ('中文', '中性', 0.0, '，做到了让中文在科技感中', []), ('科技', '中性', 0.0, '了让中文在科技感中不陌生', []), ('感中不', '中性', 0.0, '中文在科技感中不陌生。整个', []), ('陌生', '中性', 0.0, '科技感中不陌生。整个片子', []), ('片子', '中性', 0.0, '陌生。整个片子让人想起早', []), ('美国', '中性', 0.0, '肯定要走过美国人走过的这', []), ('工业制品', '中性', 0.0, '早起的美国工业制品。特效还是', []), ('有点', '中性', 0.0, '能是我要求有点高，但是太', []), ('太空', '中性', 0.0, '点高，但是太空电梯长镜头', []), ('电梯', '中性', 0.0, '，但是太空电梯长镜头堪称', []), ('长镜头', '中性', 0.0, '是太空电梯长镜头堪称一绝。', []), ('堪称一绝', '中性', 0.0, '电梯长镜头堪称一绝。我很期待', []), ('危机', '中性', 0.0, '待它把氦闪危机拍出来。', [])]",中性,中性,中性,无,中性,无,无,无,无,中性,0.9890338212952743,0.0027476662350219873,但如果觉得这种裹挟了民族主义、宏大叙事的电影就是科幻，那说明对科幻的理解还有所欠缺。
豆瓣电影,"遇事慌乱大喊大叫的永远是美国人，俄罗斯人就是憨态可掬的形象，智勇双全的永远是中国人。

周主任没道理强制要点火那段剧情实在圆不回来。感觉是为了面子不顾后果。反正就算失败了大家都立马完蛋，你们也找不着我来承担责任。

关于人类收到神秘提醒的事。好像只有中国人说出来，而且说出来后其他国家人也没当回事儿，只有中国人在思考。

摇号政策无情且合理。但中国最后站出来反对，我有理由怀疑导演这么安排是在阴阳怪气。

最后周主任的秘书一字不落模仿周主任说话那个腔调有点不适。好像给新人立威似的。

片中女性角色太过工具人，而且回想下还成了帮助塑造男主角形象的工具人。

特效不错，很实在，从头到尾都很好。国内巅峰，立了个榜样。有新闻说成本和满江红差不多，如果是真的，那满江红的明星可真够贵的了。",4,碎弦,2023-01-28 01:03:36,35267208,遇事慌乱大喊大叫的永远是美国人，俄罗斯人就是憨态可掬的形象，智勇双全的永远是中国人。 周主任没道理强制要点火那段剧情实在圆不回来。感觉是为了面子不顾后果。反正就算失败了大家都立马完蛋，你们也找不着我来承担责任。 关于人类收到神秘提醒的事。好像只有中国人说出来，而且说出来后其他国家人也没当回事儿，只有中国人在思考。 摇号政策无情且合理。但中国最后站出来反对，我有理由怀疑导演这么安排是在阴阳怪气。 最后周主任的秘书一字不落模仿周主任说话那个腔调有点不适。好像给新人立威似的。 片中女性角色太过工具人，而且回想下还成了帮助塑造男主角形象的工具人。 特效不错，很实在，从头到尾都很好。国内巅峰，立了个榜样。有新闻说成本和满江红差不多，如果是真的，那满江红的明星可真够贵的了。,"['遇事', '慌乱', '大喊大叫', '永远', '美国', '俄罗斯', '憨态可掬', '形象', '智勇双全', '永远', '中国', '主任', '没道理', '强制', '点火', '那段', '剧情', '实在', '回来', '感觉', '为了', '面子', '不顾后果', '反正', '就算', '失败', '大家', '立马', '完蛋', '你们', '找不着', '我来', '承担责任', '关于', '人类', '收到', '神秘', '提醒', '好像', '中国', '出来', '出来', '其他', '国家', '没当回事', '中国', '思考', '摇号', '政策', '无情', '合理', '中国', '最后', '出来', '反对', '理由', '怀疑', '导演', '这么', '安排', '阴阳怪气', '最后', '主任', '秘书', '一字', '不落', '模仿', '主任', '说话', '那个', '腔调', '有点', '不适', '好像', '新人', '立威', '似的', '片中', '女性', '角色', '太过', '工具', '回想', '帮助', '塑造', '男主角', '形象', '工具', '特效', '不错', '实在', '从头到尾', '国内', '巅峰', '榜样', '新闻', '成本', '满江红', '差不多', '真的', '满江红', '明星', '真够']",103,2,0.6019331216812134,正面,"[('美国', 'LOCATION', 12, 14), ('，', 'OTHER', 15, 16), ('俄罗斯', 'LOCATION', 16, 19), ('，', 'OTHER', 29, 30), ('智勇双全', 'PERSON', 30, 34), ('中国', 'LOCATION', 38, 40), ('。', 'OTHER', 41, 42), (' ', 'OTHER', 42, 43), ('周', 'PERSON', 43, 44), ('。', 'OTHER', 64, 65), ('。', 'OTHER', 76, 77), ('立马', 'LOCATION', 87, 89), ('，', 'OTHER', 91, 92), ('。', 'OTHER', 104, 105), (' ', 'OTHER', 105, 106), ('。', 'OTHER', 118, 119), ('中国', 'LOCATION', 123, 125), ('，', 'OTHER', 129, 130), ('，', 'OTHER', 147, 148), ('中国', 'LOCATION', 150, 152), ('。', 'OTHER', 156, 157), (' ', 'OTHER', 157, 158), ('。', 'OTHER', 167, 168), ('中国', 'LOCATION', 169, 171), ('，', 'OTHER', 178, 179), ('。', 'OTHER', 197, 198), (' ', 'OTHER', 198, 199), ('周', 'PERSON', 201, 202), ('周', 'PERSON', 213, 214), ('。', 'OTHER', 226, 227), ('立威', 'PERSON', 232, 234), ('。', 'MOVIE', 236, 237), (' ', 'MOVIE', 237, 238), ('，', 'OTHER', 249, 250), ('。', 'OTHER', 271, 272), (' ', 'OTHER', 272, 273), ('，', 'OTHER', 277, 278), ('，', 'OTHER', 281, 282), ('。', 'OTHER', 289, 290), ('，', 'OTHER', 294, 295), ('。', 'OTHER', 300, 301), ('满江红', 'PERSON', 308, 311), ('，', 'OTHER', 314, 315), ('，', 'OTHER', 320, 321), ('满江红', 'PERSON', 322, 325), ('明星', 'PERSON', 326, 328), ('。', 'OTHER', 334, 335)]","['智勇双全', '周', '周', '周', '立威', '满江红', '满江红', '明星']","['美国', '俄罗斯', '中国', '立马', '中国', '中国', '中国']",[],[],"[('出来', 0.21845981269000003), ('形象', 0.21376479635133333), ('工具', 0.203915121188), ('中国', 0.20182137911066667), ('摇号', 0.19924612504833333), ('实在', 0.19616733458066668), ('好像', 0.18723103016233333), ('男主角', 0.171952645225), ('不落', 0.16316339646333333), ('巅峰', 0.1582326400785), ('腔调', 0.157438839262), ('找不着', 0.1524514576811667), ('剧情', 0.15230839528633336), ('完蛋', 0.15188643181983333), ('遇事', 0.14668018706916666), ('榜样', 0.14540879865666667), ('回想', 0.14522153076900002), ('新人', 0.14248032530833335), ('点火', 0.1402646786415), ('无情', 0.1362304984065)]","['出来', '形象', '工具', '中国', '摇号', '实在', '好像', '男主角', '不落', '巅峰', '腔调', '找不着', '剧情', '完蛋', '遇事', '榜样', '回想', '新人', '点火', '无情']",True,0.0019042494403338404,0.001903903418205857,0.0019035402278030071,4,"[('美国', '中性', 0.0, '叫的永远是美国人，俄罗斯', []), ('俄罗斯', '中性', 0.0, '是美国人，俄罗斯人就是憨态', []), ('憨态可掬', '中性', 0.0, '罗斯人就是憨态可掬的形象，智', []), ('形象', '中性', 0.0, '憨态可掬的形象，智勇双全', []), ('智勇双全', '中性', 0.0, '掬的形象，智勇双全的永远是中', []), ('中国', '中性', 0.0, '全的永远是中国人。 周主', []), ('没道理', '中性', 0.0, '。 周主任没道理强制要点火', []), ('剧情', '中性', 0.0, '要点火那段剧情实在圆不回', []), ('圆不', '中性', 0.0, '段剧情实在圆不回来。感觉', []), ('感觉', '中性', 0.0, '圆不回来。感觉是为了面子', []), ('面子', '中性', 0.0, '感觉是为了面子不顾后果。', []), ('大家', '中性', 0.0, '就算失败了大家都立马完蛋', []), ('立马', '中性', 0.0, '败了大家都立马完蛋，你们', []), ('承担责任', '中性', 0.0, '找不着我来承担责任。 关于人', []), ('人类', '中性', 0.0, '任。 关于人类收到神秘提', []), ('中国', '中性', 0.0, '全的永远是中国人。 周主', []), ('国家', '中性', 0.0, '出来后其他国家人也没当回', []), ('没当回事', '中性', 0.0, '他国家人也没当回事儿，只有中', []), ('中国', '中性', 0.0, '全的永远是中国人。 周主', []), ('摇号', '中性', 0.0, '在思考。 摇号政策无情且', []), ('政策', '正面', 0.3333333333333333, '考。 摇号政策无情且合理', [('合理', 1.0)]), ('无情', '正面', 0.3333333333333333, ' 摇号政策无情且合理。但', [('合理', 1.0)]), ('中国', '中性', 0.0, '全的永远是中国人。 周主', []), ('理由', '中性', 0.0, '反对，我有理由怀疑导演这', []), ('秘书', '中性', 0.0, '后周主任的秘书一字不落模', []), ('腔调', '中性', 0.0, '任说话那个腔调有点不适。', []), ('有点', '中性', 0.0, '话那个腔调有点不适。好像', []), ('新人', '中性', 0.0, '适。好像给新人立威似的。', []), ('立威', '中性', 0.0, '好像给新人立威似的。 片', []), ('女性', '中性', 0.0, '的。 片中女性角色太过工', []), ('角色', '中性', 0.0, ' 片中女性角色太过工具人', []), ('工具', '中性', 0.0, '性角色太过工具人，而且回', []), ('男主角', '中性', 0.0, '了帮助塑造男主角形象的工具', []), ('形象', '中性', 0.0, '憨态可掬的形象，智勇双全', []), ('工具', '中性', 0.0, '性角色太过工具人，而且回', []), ('巅峰', '正面', 0.3333333333333333, '很好。国内巅峰，立了个榜', [('好', 1.0)]), ('榜样', '中性', 0.0, '峰，立了个榜样。有新闻说', []), ('新闻', '中性', 0.0, '个榜样。有新闻说成本和满', []), ('成本', '负面', 0.3333333333333333, '。有新闻说成本和满江红差', [('差', -1.0)]), ('满江红', '中性', 0.0, '闻说成本和满江红差不多，如', []), ('差不多', '中性', 0.0, '本和满江红差不多，如果是真', []), ('满江红', '中性', 0.0, '闻说成本和满江红差不多，如', []), ('明星', '中性', 0.0, '那满江红的明星可真够贵的', [])]",无,中性,无,中性,无,无,中性,中性,无,无,0.0018944204693115412,0.9923938864443458,片中女性角色太过工具人，而且回想下还成了帮助塑造男主角形象的工具人。
豆瓣电影,走出影院我妈说：中国电影完蛋了…,2,老孙,2023-01-27 18:39:57,35267208,走出影院我妈说：中国电影完蛋了,"['走出', '影院', '我妈', '中国', '电影', '完蛋']",6,2,0.4306219220161438,正面,"[('：', 'MOVIE', 7, 8), ('中国', 'LOCATION', 8, 10)]",[],['中国'],[],[],"[('影院', 1.8801735963300001), ('完蛋', 1.8226371818379998), ('电影', 1.3315759458360001), ('走出', 1.1756873470340001), ('中国', 0.605464137332)]","['影院', '完蛋', '电影', '走出', '中国']",False,0.8844696051977156,0.029010155161405673,0.028704842260952126,0,"[('影院', '中性', 0.0, '走出影院我妈说：中', []), ('中国', '中性', 0.0, '院我妈说：中国电影完蛋了', []), ('电影', '中性', 0.0, '妈说：中国电影完蛋了', [])]",中性,中性,无,无,无,无,无,无,无,无,0.028777669516881207,0.02903772786304543,
豆瓣电影,哈哈哈哈哈哈哈哈哈哈哈那条单靠男人几个世纪都上不了太空的评论哈哈哈哈哈哈哈哈哈 别太写实了我说 小心有人破防,2,momo,2025-01-31 22:33:43,35267208,哈哈哈哈哈哈哈哈哈哈哈那条单靠男人几个世纪都上不了太空的评论哈哈哈哈哈哈哈哈哈 别太写实了我说 小心有人破防,"['哈哈哈哈', '哈哈哈哈', '哈哈哈', '那条', '单靠', '男人', '几个', '世纪', '不了', '太空', '评论', '哈哈哈', '哈哈哈', '哈哈哈', '别太', '写实', '小心', '有人', '破防']",19,2,0.4213699698448181,正面,"[(' ', 'OTHER', 39, 40), ('别太', 'PERSON', 40, 42), (' ', 'OTHER', 47, 48)]",['别太'],[],[],[],"[('破防', 1.4943459378625), ('写实', 1.09934152226), ('太空', 1.06683770461875), ('评论', 0.84712560834625), ('小心', 0.83960086711375), ('不了', 0.75477255684375), ('男人', 0.74245702326125), ('世纪', 0.58517219232875)]","['破防', '写实', '太空', '评论', '小心', '不了', '男人', '世纪']",False,0.010022454584102558,0.9598782395316675,0.010046203299605235,1,"[('男人', '中性', 0.0, '哈那条单靠男人几个世纪都', []), ('世纪', '中性', 0.0, '靠男人几个世纪都上不了太', []), ('太空', '中性', 0.0, '纪都上不了太空的评论哈哈', []), ('评论', '中性', 0.0, '不了太空的评论哈哈哈哈哈', []), ('别太', '中性', 0.0, '哈哈哈哈 别太写实了我说', []), ('小心', '中性', 0.0, '实了我说 小心有人破防', [])]",无,无,无,无,无,无,无,无,无,无,0.0100373609418718,0.01001574164275295,
豆瓣电影,"有想象力，但是不多。
特别像那个笑话，皇后娘娘那么有钱，早饭得吃6根油条吧。
要干大事之前总是一段慢节奏，不知道是在等领导讲话还是升国旗奏国歌还是正在拍领导特写的新闻素材。
总而言之，像一个体制内科幻片。",3,Dec,2023-05-28 00:18:25,35267208,有想象力，但是不多。 特别像那个笑话，皇后娘娘那么有钱，早饭得吃根油条吧。 要干大事之前总是一段慢节奏，不知道是在等领导讲话还是升国旗奏国歌还是正在拍领导特写的新闻素材。 总而言之，像一个体制内科幻片。,"['想象力', '特别', '那个', '笑话', '皇后', '娘娘', '那么', '有钱', '早饭', '油条', '大事', '之前', '总是', '一段', '节奏', '知道', '领导', '讲话', '升国旗', '奏国歌', '正在', '领导', '特写', '新闻', '素材', '总而言之', '体制', '科幻片']",28,2,0.5262389183044434,正面,"[('，', 'OTHER', 4, 5), ('。', 'OTHER', 9, 10), (' ', 'OTHER', 10, 11), ('，', 'OTHER', 18, 19), ('，', 'OTHER', 27, 28), ('。', 'OTHER', 36, 37), (' ', 'OTHER', 37, 38), ('，', 'OTHER', 51, 52), ('正在', 'TIME', 72, 74), ('。', 'OTHER', 84, 85), (' ', 'OTHER', 85, 86), ('，', 'OTHER', 90, 91), ('。', 'MOVIE', 100, 101)]",[],[],[],[],"[('奏国歌', 0.6950338826), ('科幻片', 0.6401032681650001), ('升国旗', 0.591061805515), ('领导', 0.5256499448809999), ('油条', 0.517266479525), ('特写', 0.49558468027050007), ('想象力', 0.446891651086), ('素材', 0.444502117894), ('早饭', 0.390468388495), ('笑话', 0.384403577811), ('有钱', 0.3827285443245), ('娘娘', 0.3788159344795), ('讲话', 0.3571872631365), ('体制', 0.3412434394), ('节奏', 0.34115897992050004), ('皇后', 0.33933607712049996), ('大事', 0.315719067241), ('新闻', 0.297297715874), ('知道', 0.198705427)]","['奏国歌', '科幻片', '升国旗', '领导', '油条', '特写', '想象力', '素材', '早饭', '笑话', '有钱', '娘娘', '讲话', '体制', '节奏', '皇后', '大事', '新闻', '知道']",True,0.006927961874016865,0.9722451013386493,0.006946319825405834,1,"[('想象力', '中性', 0.0, '有想象力，但是不多', []), ('笑话', '中性', 0.0, '特别像那个笑话，皇后娘娘', []), ('皇后', '中性', 0.0, '那个笑话，皇后娘娘那么有', []), ('娘娘', '中性', 0.0, '笑话，皇后娘娘那么有钱，', []), ('早饭', '中性', 0.0, '那么有钱，早饭得吃根油条', []), ('油条', '中性', 0.0, '早饭得吃根油条吧。 要干', []), ('大事', '中性', 0.0, '吧。 要干大事之前总是一', []), ('节奏', '中性', 0.0, '总是一段慢节奏，不知道是', []), ('领导', '中性', 0.0, '知道是在等领导讲话还是升', []), ('讲话', '中性', 0.0, '是在等领导讲话还是升国旗', []), ('升国旗', '中性', 0.0, '导讲话还是升国旗奏国歌还是', []), ('奏国歌', '中性', 0.0, '还是升国旗奏国歌还是正在拍', []), ('领导', '中性', 0.0, '知道是在等领导讲话还是升', []), ('特写', '中性', 0.0, '正在拍领导特写的新闻素材', []), ('新闻', '中性', 0.0, '领导特写的新闻素材。 总', []), ('素材', '中性', 0.0, '特写的新闻素材。 总而言', []), ('体制', '中性', 0.0, '之，像一个体制内科幻片。', []), ('科幻片', '中性', 0.0, '一个体制内科幻片。', [])]",无,无,无,无,无,无,无,无,无,无,0.0069277222039430585,0.00695289475798487,特别像那个笑话，皇后娘娘那么有钱，早饭得吃根油条吧。
豆瓣电影,沙溢堪称全场最佳！回归到片子本身，内核太庞杂了，三小时的时长都险些兜不住这过剩的文本素材——每条线拿出来都能是能单独拍几集电视剧的那种，这就让170多分钟的观影体验显得极其漫长，每当以为“这已经要结束了吧”然后导演又自信地甩出更多不加节制的奇观和煽情，关键问题就在于AI线和人类自救线之间几乎没有什么情绪积累与连接，最后一分钟营救让故事线汇集之时只剩拖时间之嫌、远远达不到一气呵成的舒缓感。但每个桥段又因为卡司的出色演出和优秀的工业水准而十足出挑，就像一顿必然吃不完的自助餐，玲琅满目得过了头，其中的矛盾代表就是刘德华领衔的人工智能线，让人时刻迷失于郭帆和大刘对人类命运的态度之中，到底该是悲观还是希望？恐怕郭帆到剪辑完成那一刻都未曾有过定数，但宏大叙事的基底已经定好，且看第三部会怎么圆吧。,4,可樂咖啡君,2023-01-23 08:27:02,35267208,沙溢堪称全场最佳！回归到片子本身，内核太庞杂了，三小时的时长都险些兜不住这过剩的文本素材每条线拿出来都能是能单独拍几集电视剧的那种，这就让多分钟的观影体验显得极其漫长，每当以为这已经要结束了吧然后导演又自信地甩出更多不加节制的奇观和煽情，关键问题就在于AI线和人类自救线之间几乎没有什么情绪积累与连接，最后一分钟营救让故事线汇集之时只剩拖时间之嫌、远远达不到一气呵成的舒缓感。但每个桥段又因为卡司的出色演出和优秀的工业水准而十足出挑，就像一顿必然吃不完的自助餐，玲琅满目得过了头，其中的矛盾代表就是刘德华领衔的人工智能线，让人时刻迷失于郭帆和大刘对人类命运的态度之中，到底该是悲观还是希望？恐怕郭帆到剪辑完成那一刻都未曾有过定数，但宏大叙事的基底已经定好，且看第三部会怎么圆吧。,"['沙溢', '堪称', '全场', '最佳', '回归', '片子', '本身', '内核', '庞杂', '小时', '时长', '险些', '不住', '过剩', '文本', '素材', '每条线', '出来', '单独', '几集', '电视剧', '那种', '就让', '多分钟', '观影', '体验', '显得', '极其', '漫长', '每当', '以为', '已经', '结束', '然后', '导演', '自信', '甩出', '更多', '不加', '节制', '奇观', '煽情', '关键问题', '在于', 'AI', '人类', '自救', '之间', '几乎', '情绪', '积累', '连接', '最后', '一分钟', '营救', '故事', '汇集', '之时', '拖时间', '远远', '不到', '一气呵成', '舒缓', '每个', '桥段', '因为', '卡司', '出色', '演出', '优秀', '工业', '水准', '十足', '一顿', '必然', '吃不完', '自助餐', '玲琅', '满目', '矛盾', '代表', '刘德华', '领衔', '人工智能', '时刻', '迷失', '郭帆', '刘对', '人类', '命运', '态度', '之中', '到底', '该是', '悲观', '希望', '恐怕', '郭帆', '剪辑', '完成', '那一刻', '未曾', '有过', '定数', '宏大', '叙事', '基底', '已经', '第三部', '怎么']",110,2,0.4358609616756439,正面,"[('沙溢', 'PERSON', 0, 2), ('！', 'MOVIE', 8, 9), ('，', 'MOVIE', 16, 17), ('，', 'OTHER', 23, 24), ('，', 'OTHER', 65, 66), ('，', 'OTHER', 83, 84), ('，', 'OTHER', 118, 119), ('，', 'OTHER', 150, 151), ('、', 'OTHER', 173, 174), ('。', 'OTHER', 187, 188), ('，', 'OTHER', 216, 217), ('，', 'OTHER', 230, 231), ('，', 'OTHER', 239, 240), ('刘德华', 'PERSON', 249, 252), ('，', 'OTHER', 260, 261), ('郭帆', 'PERSON', 268, 270), ('刘', 'PERSON', 272, 273), ('，', 'OTHER', 283, 284), ('？', 'OTHER', 294, 295), ('郭帆', 'PERSON', 297, 299), ('，', 'OTHER', 314, 315), ('，', 'OTHER', 327, 328), ('。', 'OTHER', 338, 339)]","['沙溢', '刘德华', '郭帆', '刘', '郭帆']",[],[],[],"[('拖时间', 0.19824580225), ('自助餐', 0.19824580225), ('条线', 0.19281883069193548), ('卡司', 0.19281883069193548), ('人类', 0.1816343416032258), ('煽情', 0.17948530531774196), ('桥段', 0.17948530531774196), ('时长', 0.17509927765), ('观影', 0.17509927765), ('吃不完', 0.17104581912903227), ('甩出', 0.16934645597258063), ('剪辑', 0.16934645597258063), ('满目', 0.1635399602629032), ('内核', 0.16280669616451612), ('定数', 0.16280669616451612), ('领衔', 0.15614790236774195), ('人工智能', 0.15254881283048388), ('迷失', 0.1518071174554839), ('关键问题', 0.15008964196516128), ('片子', 0.14992753977403225)]","['拖时间', '自助餐', '条线', '卡司', '人类', '煽情', '桥段', '时长', '观影', '吃不完', '甩出', '剪辑', '满目', '内核', '定数', '领衔', '人工智能', '迷失', '关键问题', '片子']",True,0.0018124323876695927,0.0018089925915147891,0.9927531367420873,2,"[('沙溢', '中性', 0.0, '沙溢堪称全场最', []), ('全场', '中性', 0.0, '沙溢堪称全场最佳！回归', []), ('片子', '中性', 0.0, '佳！回归到片子本身，内核', []), ('内核', '中性', 0.0, '片子本身，内核太庞杂了，', []), ('小时', '中性', 0.0, '庞杂了，三小时的时长都险', []), ('时长', '中性', 0.0, '，三小时的时长都险些兜不', []), ('文本', '中性', 0.0, '住这过剩的文本素材每条线', []), ('素材', '中性', 0.0, '过剩的文本素材每条线拿出', []), ('条线', '中性', 0.0, '文本素材每条线拿出来都能', []), ('电视剧', '中性', 0.0, '单独拍几集电视剧的那种，这', []), ('观影', '中性', 0.0, '让多分钟的观影体验显得极', []), ('体验', '中性', 0.0, '分钟的观影体验显得极其漫', []), ('漫长', '负面', 0.3333333333333333, '验显得极其漫长，每当以为', [('漫长', -1.0)]), ('关键问题', '中性', 0.0, '观和煽情，关键问题就在于AI', []), ('人类', '中性', 0.0, '于AI线和人类自救线之间', []), ('情绪', '中性', 0.0, '乎没有什么情绪积累与连接', []), ('故事', '中性', 0.0, '分钟营救让故事线汇集之时', []), ('拖时间', '中性', 0.0, '集之时只剩拖时间之嫌、远远', []), ('桥段', '中性', 0.0, '感。但每个桥段又因为卡司', []), ('卡司', '正面', 0.3333333333333333, '桥段又因为卡司的出色演出', [('出色', 1.0)]), ('工业', '正面', 0.3333333333333333, '出和优秀的工业水准而十足', [('优秀', 1.0)]), ('水准', '正面', 0.3333333333333333, '优秀的工业水准而十足出挑', [('优秀', 1.0)]), ('满目', '中性', 0.0, '助餐，玲琅满目得过了头，', []), ('代表', '中性', 0.0, '其中的矛盾代表就是刘德华', []), ('刘德华', '中性', 0.0, '盾代表就是刘德华领衔的人工', []), ('领衔', '中性', 0.0, '就是刘德华领衔的人工智能', []), ('人工智能', '中性', 0.0, '德华领衔的人工智能线，让人时', []), ('时刻', '中性', 0.0, '能线，让人时刻迷失于郭帆', []), ('郭帆', '中性', 0.0, '时刻迷失于郭帆和大刘对人', []), ('人类', '中性', 0.0, '于AI线和人类自救线之间', []), ('命运', '中性', 0.0, '大刘对人类命运的态度之中', []), ('态度', '中性', 0.0, '人类命运的态度之中，到底', []), ('郭帆', '中性', 0.0, '时刻迷失于郭帆和大刘对人', []), ('剪辑', '中性', 0.0, '恐怕郭帆到剪辑完成那一刻', []), ('定数', '中性', 0.0, '都未曾有过定数，但宏大叙', []), ('基底', '正面', 0.3333333333333333, '宏大叙事的基底已经定好，', [('好', 1.0)])]",无,无,无,中性,无,中性,无,无,中性,无,0.0018088409622289726,0.001816597316499315,但每个桥段又因为卡司的出色演出和优秀的工业水准而十足出挑，就像一顿必然吃不完的自助餐，玲琅满目得过了头，其中的矛盾代表就是刘德华领衔的人工智能线，让人时刻迷失于郭帆和大刘对人类命运的态度之中，到底该是悲观还是希望。
豆瓣电影,中国科幻电影终于出师了！虽然逻辑细节存在各种槽点，但整体气质和大环境叙事饱满充实，视觉效果惊艳，媲美好莱坞（甚至连propaganda的形式都一摸一样）。最动人的部分依然是人最不理性的时刻，两个父亲为了家庭的牺牲，渺小与宏大的交织。看完后我很想问MOSS，你认识HAL吗？,4,艾小柯,2023-01-30 23:38:30,35267208,中国科幻电影终于出师了！虽然逻辑细节存在各种槽点，但整体气质和大环境叙事饱满充实，视觉效果惊艳，媲美好莱坞（甚至连propaganda的形式都一摸一样）。最动人的部分依然是人最不理性的时刻，两个父亲为了家庭的牺牲，渺小与宏大的交织。看完后我很想问MOSS，你认识HAL吗？,"['中国', '科幻电影', '终于', '出师', '虽然', '逻辑', '细节', '存在', '各种', '整体', '气质', '环境', '叙事', '饱满', '充实', '视觉效果', '惊艳', '媲美', '好莱坞', '甚至', 'propaganda', '形式', '一摸', '一样', '动人', '部分', '依然', '理性', '时刻', '两个', '父亲', '为了', '家庭', '牺牲', '渺小', '宏大', '交织', '完后', 'MOSS', '认识', 'HAL']",41,2,0.5353068113327026,正面,"[('中国', 'LOCATION', 0, 2), ('！', 'MOVIE', 11, 12), ('，', 'OTHER', 24, 25), ('，', 'OTHER', 40, 41), ('，', 'OTHER', 47, 48), ('好莱坞', 'LOCATION', 50, 53), ('（', 'OTHER', 53, 54), ('连', 'PERSON', 56, 57), ('）', 'OTHER', 75, 76), ('。', 'OTHER', 76, 77), ('，', 'OTHER', 94, 95), ('，', 'OTHER', 106, 107), ('。', 'OTHER', 115, 116), ('，', 'OTHER', 127, 128), ('？', 'OTHER', 135, 136)]",['连'],"['中国', '好莱坞']",[],[],"[('科幻电影', 0.500575331636), ('视觉效果', 0.428904952864), ('媲美', 0.3747231263528), ('看完', 0.36588349843480006), ('好莱坞', 0.3583614091748), ('饱满', 0.3476476599652), ('叙事', 0.345727291198), ('出师', 0.34429491309), ('动人', 0.3315019818236), ('交织', 0.33020923017320003), ('气质', 0.3233426596804), ('细节', 0.28824462373799997), ('逻辑', 0.2814749704208), ('牺牲', 0.280118908354), ('理性', 0.276380030594), ('时刻', 0.27069526788320003), ('家庭', 0.23103738526360001), ('认识', 0.227178702322), ('父亲', 0.2211589106924), ('整体', 0.2133192591356)]","['科幻电影', '视觉效果', '媲美', '看完', '好莱坞', '饱满', '叙事', '出师', '动人', '交织', '气质', '细节', '逻辑', '牺牲', '理性', '时刻', '家庭', '认识', '父亲', '整体']",True,0.004852620451955087,0.00482713225060144,0.22226893230417544,3,"[('中国', '中性', 0.0, '中国科幻电影终', []), ('科幻电影', '中性', 0.0, '中国科幻电影终于出师了', []), ('出师', '中性', 0.0, '幻电影终于出师了！虽然逻', []), ('逻辑', '中性', 0.0, '师了！虽然逻辑细节存在各', []), ('细节', '中性', 0.0, '！虽然逻辑细节存在各种槽', []), ('整体', '中性', 0.0, '种槽点，但整体气质和大环', []), ('气质', '中性', 0.0, '点，但整体气质和大环境叙', []), ('环境', '中性', 0.0, '体气质和大环境叙事饱满充', []), ('视觉效果', '正面', 0.3333333333333333, '饱满充实，视觉效果惊艳，媲美', [('惊艳', 1.0)]), ('好莱坞', '正面', 0.3333333333333333, '惊艳，媲美好莱坞（甚至连p', [('惊艳', 1.0)]), ('形式', '中性', 0.0, 'anda的形式都一摸一样', []), ('动人', '中性', 0.0, '一样）。最动人的部分依然', []), ('部分', '中性', 0.0, '。最动人的部分依然是人最', []), ('理性', '中性', 0.0, '然是人最不理性的时刻，两', []), ('时刻', '中性', 0.0, '最不理性的时刻，两个父亲', []), ('父亲', '中性', 0.0, '时刻，两个父亲为了家庭的', []), ('家庭', '中性', 0.0, '个父亲为了家庭的牺牲，渺', []), ('交织', '中性', 0.0, '小与宏大的交织。看完后我', [])]",无,中性,无,无,无,无,无,无,无,无,0.76320896807389,0.0048423469193779,虽然逻辑细节存在各种槽点，但整体气质和大环境叙事饱满充实，视觉效果惊艳，媲美好莱坞（甚至连propaganda的形式都一摸一样）。
豆瓣电影,毁灭人类明明有那么多直接和隐蔽的方法，ai偏偏用了相当曲折但戏剧性的一种。如果不是为了研究或考验人类，实在是说不过去。,4,п，功德变现流,2023-01-22 19:27:02,35267208,毁灭人类明明有那么多直接和隐蔽的方法，ai偏偏用了相当曲折但戏剧性的一种。如果不是为了研究或考验人类，实在是说不过去。,"['毁灭', '人类', '明明', '那么', '直接', '隐蔽', '方法', 'ai', '偏偏', '相当', '曲折', '戏剧性', '一种', '不是', '为了', '研究', '考验', '人类', '实在', '说不过去']",20,2,0.4609772264957428,正面,"[('明明', 'TIME', 4, 6), ('，', 'OTHER', 18, 19), ('。', 'OTHER', 36, 37), ('，', 'OTHER', 50, 51), ('。', 'OTHER', 58, 59)]",[],[],[],[],"[('人类', 1.407666147425), ('戏剧性', 1.09560990186625), ('毁灭', 1.003922592355), ('考验', 0.88453799774125), ('实在', 0.7356275046775), ('方法', 0.620975628755), ('研究', 0.54046895124375)]","['人类', '戏剧性', '毁灭', '考验', '实在', '方法', '研究']",False,0.00955300080936334,0.9616200486688581,0.00959363718857762,1,"[('人类', '中性', 0.0, '毁灭人类明明有那么', []), ('方法', '中性', 0.0, '接和隐蔽的方法，ai偏偏', []), ('戏剧性', '中性', 0.0, '相当曲折但戏剧性的一种。如', []), ('人类', '中性', 0.0, '毁灭人类明明有那么', []), ('说不过去', '中性', 0.0, '类，实在是说不过去。', [])]",无,无,无,中性,无,无,无,无,无,无,0.009629782131975512,0.009603531201225314,
豆瓣电影,我的吴京ptsd甚至都被治好了……,5,明安,2023-01-26 11:46:14,35267208,我的吴京ptsd甚至都被治好了,"['吴京', 'ptsd', '甚至', '被治好']",4,2,0.5016300082206726,正面,"[('吴京', 'LOCATION', 2, 4)]",[],['吴京'],[],[],"[('吴京', 6.950338826), ('治好', 4.765614899755)]","['吴京', '治好']",False,0.040233629604715965,0.040421745066845115,0.040837875331169025,4,"[('吴京', '中性', 0.0, '我的吴京ptsd甚', [])]",无,无,无,无,无,无,无,无,无,无,0.04177560366641745,0.8367311463308525,
豆瓣电影,"吴京的部分太难看了。
李雪健最后强行点火充满了傲慢，即使这可能受到了moss的暗示。但在之前强硬的爱国情怀中，只看到了对人性的不尊重与傲慢，让整场的观感骤降。",4,endwich,2023-01-27 13:58:56,35267208,吴京的部分太难看了。 李雪健最后强行点火充满了傲慢，即使这可能受到了moss的暗示。但在之前强硬的爱国情怀中，只看到了对人性的不尊重与傲慢，让整场的观感骤降。,"['吴京', '部分', '难看', '李雪健', '最后', '强行', '点火', '充满', '傲慢', '即使', '可能', '受到', 'moss', '暗示', '之前', '强硬', '爱国', '情怀', '看到', '人性', '尊重', '傲慢', '整场', '观感', '骤降']",25,2,0.5091172456741333,正面,"[('吴京', 'LOCATION', 0, 2), ('。', 'OTHER', 9, 10), (' ', 'OTHER', 10, 11), ('李雪健', 'PERSON', 11, 14), ('，', 'OTHER', 25, 26), ('。', 'OTHER', 41, 42), ('爱国', 'LOCATION', 49, 51), ('，', 'OTHER', 54, 55), ('，', 'OTHER', 69, 70), ('。', 'OTHER', 78, 79)]",['李雪健'],"['吴京', '爱国']",[],[],"[('吴京', 0.9267118434666667), ('整场', 0.8194159826333334), ('观感', 0.70456487612), ('骤降', 0.625987876364), ('情怀', 0.6081036105906666), ('难看', 0.5699213012333334), ('点火', 0.561058714566), ('人性', 0.5451395033346667), ('强行', 0.5335682522893334), ('爱国', 0.513751484058), ('暗示', 0.49161218616), ('受到', 0.329681968642), ('看到', 0.32432064812333333), ('部分', 0.29403406556733336), ('可能', 0.249868532382)]","['吴京', '整场', '观感', '骤降', '情怀', '难看', '点火', '人性', '强行', '爱国', '暗示', '受到', '看到', '部分', '可能']",False,0.9688775311374382,0.007727417909460266,0.007846493133617172,0,"[('吴京', '中性', 0.0, '吴京的部分太难', []), ('部分', '负面', 0.3333333333333333, '吴京的部分太难看了。', [('难看', -1.0)]), ('李雪健', '负面', 0.3333333333333333, '难看了。 李雪健最后强行点', [('难看', -1.0)]), ('爱国', '中性', 0.0, '之前强硬的爱国情怀中，只', []), ('情怀', '中性', 0.0, '强硬的爱国情怀中，只看到', []), ('人性', '中性', 0.0, '只看到了对人性的不尊重与', []), ('整场', '中性', 0.0, '与傲慢，让整场的观感骤降', []), ('观感', '中性', 0.0, '，让整场的观感骤降。', [])]",无,无,无,无,无,无,无,无,无,无,0.007771587398907095,0.0077769704205771645,
豆瓣电影,这类片看的越多就越发现自己难以在宏大叙事中寻求共鸣，女人注定是这些宏大命题下的outsider。（旁观者视角的一点感悟：李雪健的角色真的太有那味了，凡别人提出实际问题必用一堆旁征博引亘古亘今实则假大空的大道理来放大屁，你跟他讲困难，他跟你讲情怀；你告诉他实验失败，他跟你扯黎明前的黑暗和一万五千年前的化石，闹呢…）,3,核仁烤排骨,2023-01-29 06:25:33,35267208,这类片看的越多就越发现自己难以在宏大叙事中寻求共鸣，女人注定是这些宏大命题下的outsider。（旁观者视角的一点感悟：李雪健的角色真的太有那味了，凡别人提出实际问题必用一堆旁征博引亘古亘今实则假大空的大道理来放大屁，你跟他讲困难，他跟你讲情怀；你告诉他实验失败，他跟你扯黎明前的黑暗和一万五千年前的化石，闹呢）,"['这类', '发现自己', '难以', '宏大', '叙事', '寻求', '共鸣', '女人', '注定', '这些', '宏大', '命题', 'outsider', '旁观者', '视角', '一点', '感悟', '李雪健', '角色', '真的', '太有', '那味', '别人', '提出', '实际', '问题', '必用', '一堆', '旁征博引', '亘古亘今', '实则', '假大空', '大道理', '放大', '困难', '情怀', '告诉', '实验', '失败', '黎明前', '黑暗', '一万五千', '年前', '化石']",44,2,0.6415475010871887,正面,"[('，', 'OTHER', 25, 26), ('。', 'OTHER', 47, 48), ('（', 'OTHER', 48, 49), ('：', 'OTHER', 59, 60), ('李雪健', 'PERSON', 60, 63), ('，', 'OTHER', 73, 74), ('，', 'OTHER', 108, 109), ('，', 'OTHER', 115, 116), ('；', 'OTHER', 122, 123), ('，', 'OTHER', 131, 132), ('黎明前', 'TIME', 136, 139), ('年前', 'TIME', 147, 149), ('，', 'OTHER', 152, 153), ('）', 'OTHER', 155, 156)]",['李雪健'],[],[],[],"[('假大空', 0.5566115375347827), ('亘古亘今', 0.5197725001260869), ('感悟', 0.44291763414347823), ('旁观者', 0.4309432002352174), ('大道理', 0.43014541159739134), ('共鸣', 0.4041524985213043), ('情怀', 0.39658931125478264), ('视角', 0.3962254743126087), ('实则', 0.39445060498565215), ('叙事', 0.3757905339108696), ('命题', 0.35358072418173914), ('注定', 0.34531534604130437), ('化石', 0.31293432777086955), ('寻求', 0.3089604813521739), ('角色', 0.3053196166817391), ('放大', 0.28941087549434785), ('实验', 0.27502634575956525), ('失败', 0.2712265146426087), ('女人', 0.2408552410326087), ('实际', 0.23059780402347824)]","['假大空', '亘古亘今', '感悟', '旁观者', '大道理', '共鸣', '情怀', '视角', '实则', '叙事', '命题', '注定', '化石', '寻求', '角色', '放大', '实验', '失败', '女人', '实际']",True,0.004481057278574398,0.004467797883565246,0.004465937849641549,4,"[('发现自己', '中性', 0.0, '的越多就越发现自己难以在宏大', []), ('女人', '中性', 0.0, '寻求共鸣，女人注定是这些', []), ('命题', '中性', 0.0, '是这些宏大命题下的out', []), ('旁观者', '中性', 0.0, 'der。（旁观者视角的一点', []), ('视角', '中性', 0.0, '。（旁观者视角的一点感悟', []), ('李雪健', '中性', 0.0, '一点感悟：李雪健的角色真的', []), ('角色', '中性', 0.0, '：李雪健的角色真的太有那', []), ('实际', '中性', 0.0, '凡别人提出实际问题必用一', []), ('问题', '中性', 0.0, '人提出实际问题必用一堆旁', []), ('实则', '中性', 0.0, '引亘古亘今实则假大空的大', []), ('假大空', '中性', 0.0, '古亘今实则假大空的大道理来', []), ('大道理', '中性', 0.0, '则假大空的大道理来放大屁，', []), ('情怀', '中性', 0.0, '，他跟你讲情怀；你告诉他', []), ('化石', '中性', 0.0, '五千年前的化石，闹呢）', [])]",无,无,无,无,无,无,中性,无,无,无,0.004463255980056734,0.9821219510081621,（旁观者视角的一点感悟：李雪健的角色真的太有那味了，凡别人提出实际问题必用一堆旁征博引亘古亘今实则假大空的大道理来放大屁，你跟他讲困难，他跟你讲情怀；你告诉他实验失败，他跟你扯黎明前的黑暗和一万五千年前的化石，闹呢）。
豆瓣电影,不需要多说。核心理念，吊打《阿凡达》系列的殖民思想。,5,吴佳禧,2023-01-23 22:49:33,35267208,不需要多说。核心理念，吊打《阿凡达》系列的殖民思想。,"['需要', '核心理念', '吊打', '阿凡', '系列', '殖民', '思想']",7,2,0.463958591222763,正面,"[('。', 'OTHER', 5, 6), ('，', 'OTHER', 10, 11), ('《', 'OTHER', 13, 14), ('阿凡达', 'PERSON', 14, 17), ('》', 'OTHER', 17, 18), ('。', 'OTHER', 25, 26)]",['阿凡达'],[],[],[],"[('吊打', 2.42178363654), ('核心理念', 2.28315420044), ('殖民', 1.5889680565020001), ('思想', 1.117512189832), ('需要', 0.8688961287)]","['吊打', '核心理念', '殖民', '思想', '需要']",False,0.025059018420193452,0.025004156886632725,0.025073027482324012,3,"[('核心理念', '中性', 0.0, '需要多说。核心理念，吊打《阿', []), ('阿凡达', '中性', 0.0, '念，吊打《阿凡达》系列的殖', []), ('殖民', '中性', 0.0, '达》系列的殖民思想。', []), ('思想', '中性', 0.0, '系列的殖民思想。', [])]",无,无,无,无,无,无,无,无,无,无,0.89978816200804,0.025075635202809796,
豆瓣电影,"科幻工业美学很震撼，特别是太空电梯的视效让人惊喜。
不知道是时间不够，还是逻辑bug，有些地方感觉没有讲清楚，比如移山计划和数字生命明明可以互补，为什么双方搞得不死不休。其次关于生命形式、人工智能等探讨只是浅浅带过，整部片子看起来有点赶。
整体来说，这部片子讲述的人类迁徙史诗不单单只是勇敢的赞歌，它流露出的是渺小的人类文明挣扎求生的透骨悲凉和努力前行的微末希望的交织。适当的小幽默贯穿其中，又不会显得过分沉重，是非常独特的科幻叙事，希望后续更加精彩。",4,南吕十雀,2023-01-22 18:41:51,35267208,科幻工业美学很震撼，特别是太空电梯的视效让人惊喜。 不知道是时间不够，还是逻辑bug，有些地方感觉没有讲清楚，比如移山计划和数字生命明明可以互补，为什么双方搞得不死不休。其次关于生命形式、人工智能等探讨只是浅浅带过，整部片子看起来有点赶。 整体来说，这部片子讲述的人类迁徙史诗不单单只是勇敢的赞歌，它流露出的是渺小的人类文明挣扎求生的透骨悲凉和努力前行的微末希望的交织。适当的小幽默贯穿其中，又不会显得过分沉重，是非常独特的科幻叙事，希望后续更加精彩。,"['科幻', '工业', '美学', '震撼', '特别', '太空', '电梯', '视效', '惊喜', '知道', '时间', '不够', '逻辑', 'bug', '有些', '地方', '感觉', '讲清楚', '比如', '移山', '计划', '数字', '生命', '明明', '互补', '为什么', '双方', '死不休', '其次', '关于', '生命', '形式', '人工智能', '探讨', '浅浅', '整部', '片子', '看起来', '有点', '整体', '这部', '片子', '讲述', '人类', '迁徙', '史诗', '单单', '勇敢', '赞歌', '流露出', '渺小', '人类文明', '挣扎', '求生', '透骨', '悲凉', '努力', '前行', '微末', '希望', '交织', '适当', '幽默', '贯穿', '不会', '显得', '过分', '沉重', '非常', '独特', '科幻', '叙事', '希望', '后续', '更加', '精彩']",76,2,0.5987997651100159,正面,"[('，', 'OTHER', 9, 10), ('。', 'OTHER', 24, 25), (' ', 'OTHER', 25, 26), ('，', 'OTHER', 34, 35), ('，', 'OTHER', 42, 43), ('，', 'OTHER', 54, 55), ('明明', 'TIME', 66, 68), ('，', 'OTHER', 72, 73), ('。', 'OTHER', 84, 85), ('、', 'OTHER', 93, 94), ('，', 'MOVIE', 107, 108), ('。', 'OTHER', 118, 119), (' ', 'OTHER', 119, 120), ('，', 'MOVIE', 124, 125), ('史诗', 'PERSON', 136, 138), ('，', 'MUSIC', 148, 149), ('。', 'OTHER', 184, 185), ('，', 'OTHER', 195, 196), ('，', 'OTHER', 205, 206), ('，', 'OTHER', 216, 217), ('。', 'OTHER', 225, 226)]",['史诗'],[],[],[],"[('科幻', 0.42049505182745095), ('片子', 0.36452970454862743), ('生命', 0.24059249297568627), ('视效', 0.23440720593921568), ('微末', 0.2158883508647059), ('赞歌', 0.2094470946490196), ('移山', 0.20653689847058826), ('透骨', 0.20653689847058826), ('希望', 0.20413091275215686), ('整部', 0.20400333510784313), ('求生', 0.18688685881392156), ('人工智能', 0.1854514979507843), ('互补', 0.1786899197880392), ('电梯', 0.1736716183345098), ('叙事', 0.1694741623519608), ('太空', 0.16734709092058825), ('美学', 0.16422009240862745), ('震撼', 0.16360489392705882), ('交织', 0.1618672696927451), ('前行', 0.15939679468333334)]","['科幻', '片子', '生命', '视效', '微末', '赞歌', '移山', '透骨', '希望', '整部', '求生', '人工智能', '互补', '电梯', '叙事', '太空', '美学', '震撼', '交织', '前行']",True,0.0026275972667330347,0.0026164923947556615,0.9895109798224719,2,"[('科幻', '中性', 0.0, '科幻工业美学很', []), ('工业', '正面', 0.3333333333333333, '科幻工业美学很震撼', [('震撼', 1.0)]), ('美学', '正面', 0.3333333333333333, '科幻工业美学很震撼，特', [('震撼', 1.0)]), ('太空', '中性', 0.0, '撼，特别是太空电梯的视效', []), ('电梯', '中性', 0.0, '特别是太空电梯的视效让人', []), ('视效', '中性', 0.0, '太空电梯的视效让人惊喜。', []), ('时间', '中性', 0.0, ' 不知道是时间不够，还是', []), ('逻辑', '中性', 0.0, '不够，还是逻辑bug，有', []), ('地方', '中性', 0.0, 'ug，有些地方感觉没有讲', []), ('感觉', '中性', 0.0, '，有些地方感觉没有讲清楚', []), ('讲清楚', '中性', 0.0, '方感觉没有讲清楚，比如移山', []), ('移山', '中性', 0.0, '清楚，比如移山计划和数字', []), ('计划', '中性', 0.0, '，比如移山计划和数字生命', []), ('数字', '中性', 0.0, '移山计划和数字生命明明可', []), ('双方', '中性', 0.0, '补，为什么双方搞得不死不', []), ('形式', '中性', 0.0, '次关于生命形式、人工智能', []), ('人工智能', '中性', 0.0, '生命形式、人工智能等探讨只是', []), ('整部', '中性', 0.0, '浅浅带过，整部片子看起来', []), ('片子', '中性', 0.0, '带过，整部片子看起来有点', []), ('有点', '中性', 0.0, '片子看起来有点赶。 整体', []), ('整体', '中性', 0.0, '有点赶。 整体来说，这部', []), ('片子', '中性', 0.0, '带过，整部片子看起来有点', []), ('人类', '中性', 0.0, '片子讲述的人类迁徙史诗不', []), ('史诗', '中性', 0.0, '的人类迁徙史诗不单单只是', []), ('人类文明', '中性', 0.0, '的是渺小的人类文明挣扎求生的', []), ('透骨', '中性', 0.0, '挣扎求生的透骨悲凉和努力', []), ('微末', '中性', 0.0, '努力前行的微末希望的交织', []), ('交织', '中性', 0.0, '微末希望的交织。适当的小', []), ('过分', '中性', 0.0, '又不会显得过分沉重，是非', []), ('科幻', '中性', 0.0, '科幻工业美学很', []), ('精彩', '正面', 0.3333333333333333, '望后续更加精彩。', [('精彩', 1.0)])]",无,无,中性,中性,无,无,无,无,无,无,0.0026193736162013837,0.002625556899837993,适当的小幽默贯穿其中，又不会显得过分沉重，是非常独特的科幻叙事，希望后续更加精彩。
豆瓣电影,4星。比第一部少了很多sb角色就赢大了。1.阵容无解，过去十年内地+香港最能扛票房的两个男人合体，吴京+刘德华卖票房，李雪健+吴孟达卖情怀。选择老戏骨想必是导演对老一辈演员的敬意。2.吴京和华仔两个部分双线并进，吴京负责搞笑，华仔负责提升本片科幻人文高度。3.把沙溢的演技给突出来了，非常自然的东北派演技。4.华仔角色继续点题第一部名台词：行车不规范，亲人两行泪。5.中俄一家亲，给美国留了体面。6.前半段联合基地防御无人机那段超级炸，太空电梯的细节和真实感无可挑剔，某段配乐很“环太平洋”。7.“人类把最精密的系统都用到了彼此毁灭之上。”非常贴合当今世界现实了。8.AI技术大量运用，让吴京回春，修复李雪健老爷子的声音，“复活”吴孟达，达叔的面貌还可以再精雕下。,4,what'swilliam,2023-01-22 19:52:45,35267208,星。比第一部少了很多sb角色就赢大了。阵容无解，过去十年内地香港最能扛票房的两个男人合体，吴京刘德华卖票房，李雪健吴孟达卖情怀。选择老戏骨想必是导演对老一辈演员的敬意。吴京和华仔两个部分双线并进，吴京负责搞笑，华仔负责提升本片科幻人文高度。把沙溢的演技给突出来了，非常自然的东北派演技。华仔角色继续点题第一部名台词：行车不规范，亲人两行泪。中俄一家亲，给美国留了体面。前半段联合基地防御无人机那段超级炸，太空电梯的细节和真实感无可挑剔，某段配乐很环太平洋。人类把最精密的系统都用到了彼此毁灭之上。非常贴合当今世界现实了。AI技术大量运用，让吴京回春，修复李雪健老爷子的声音，复活吴孟达，达叔的面貌还可以再精雕下。,"['第一部', '很多', 'sb', '角色', '阵容', '过去', '十年', '内地', '香港', '最能', '票房', '两个', '男人', '合体', '吴京', '刘德华', '票房', '李雪健', '吴孟达', '情怀', '选择', '老戏骨', '想必', '导演', '老一辈', '演员', '敬意', '吴京', '华仔', '两个', '部分', '双线', '并进', '吴京', '负责', '搞笑', '华仔', '负责', '提升', '本片', '科幻', '人文', '高度', '沙溢', '演技', '突出', '非常', '自然', '东北', '演技', '华仔', '角色', '继续', '点题', '第一部', '台词', '行车', '规范', '亲人', '两行', '一家亲', '美国', '体面', '前半段', '联合', '基地', '防御', '无人机', '那段', '超级', '太空', '电梯', '细节', '真实感', '无可挑剔', '某段', '配乐', '很环', '太平洋', '人类', '精密', '系统', '用到', '彼此', '毁灭', '之上', '非常', '贴合', '当今世界', '现实', 'AI', '技术', '大量', '运用', '吴京', '回春', '修复', '李雪健', '老爷子', '声音', '复活', '吴孟达', '达叔', '面貌', '精雕']",105,2,0.5794752836227417,正面,"[('。', 'OTHER', 1, 2), ('。', 'OTHER', 18, 19), ('，', 'OTHER', 23, 24), ('过去', 'TIME', 24, 26), ('香港', 'LOCATION', 30, 32), ('，', 'OTHER', 44, 45), ('吴京', 'LOCATION', 45, 47), ('刘德华', 'PERSON', 47, 50), ('，', 'OTHER', 53, 54), ('李雪健', 'PERSON', 54, 57), ('吴孟达', 'PERSON', 57, 60), ('。', 'OTHER', 63, 64), ('。', 'OTHER', 83, 84), ('吴京', 'LOCATION', 84, 86), ('华仔', 'OTHER', 87, 89), ('，', 'OTHER', 97, 98), ('吴京', 'LOCATION', 98, 100), ('，', 'OTHER', 104, 105), ('华仔', 'OTHER', 105, 107), ('。', 'OTHER', 119, 120), ('沙溢', 'PERSON', 121, 123), ('，', 'OTHER', 131, 132), ('东北', 'LOCATION', 137, 139), ('。', 'OTHER', 142, 143), ('华仔', 'OTHER', 143, 145), ('：', 'OTHER', 157, 158), ('，', 'OTHER', 163, 164), ('。', 'OTHER', 169, 170), ('，', 'OTHER', 175, 176), ('美国', 'LOCATION', 177, 179), ('。', 'OTHER', 183, 184), ('前半段', 'TIME', 184, 187), ('，', 'OTHER', 201, 202), ('，', 'OTHER', 217, 218), ('太平洋', 'LOCATION', 224, 227), ('。', 'OTHER', 227, 228), ('。', 'OTHER', 247, 248), ('。', 'OTHER', 259, 260), ('，', 'OTHER', 268, 269), ('吴京', 'LOCATION', 270, 272), ('，', 'OTHER', 274, 275), ('李雪健', 'PERSON', 277, 280), ('，', 'OTHER', 286, 287), ('吴孟达', 'PERSON', 289, 292), ('，', 'OTHER', 292, 293), ('达叔', 'PERSON', 293, 295), ('。', 'OTHER', 305, 306)]","['刘德华', '李雪健', '吴孟达', '沙溢', '李雪健', '吴孟达', '达叔']","['香港', '吴京', '吴京', '吴京', '东北', '美国', '太平洋', '吴京']",[],[],"[('吴京', 0.8058363856231885), ('演技', 0.2913197116028986), ('票房', 0.26031005003333335), ('角色', 0.2035464111211594), ('一家亲', 0.18553717917826087), ('本片', 0.18136787378115943), ('点题', 0.17813390926811595), ('老戏骨', 0.17325750004202897), ('精雕', 0.17325750004202897), ('负责', 0.1675043545742029), ('回春', 0.1632118887304348), ('贴合', 0.16127665115507248), ('科幻', 0.1554003452405797), ('真实感', 0.1554003452405797), ('搞笑', 0.1526577075652174), ('老一辈', 0.14505590367971014), ('并进', 0.14391863389014492), ('配乐', 0.1428641504947826), ('合体', 0.14212076941666665), ('老爷子', 0.13988670159318842)]","['吴京', '演技', '票房', '角色', '一家亲', '本片', '点题', '老戏骨', '精雕', '负责', '回春', '贴合', '科幻', '真实感', '搞笑', '老一辈', '并进', '配乐', '合体', '老爷子']",True,0.0019062810168475354,0.001898563709776075,0.0019021937507688374,3,"[('角色', '中性', 0.0, '了很多sb角色就赢大了。', []), ('阵容', '中性', 0.0, '就赢大了。阵容无解，过去', []), ('内地', '中性', 0.0, '，过去十年内地香港最能扛', []), ('香港', '中性', 0.0, '去十年内地香港最能扛票房', []), ('票房', '中性', 0.0, '香港最能扛票房的两个男人', []), ('男人', '中性', 0.0, '票房的两个男人合体，吴京', []), ('合体', '中性', 0.0, '的两个男人合体，吴京刘德', []), ('吴京', '中性', 0.0, '男人合体，吴京刘德华卖票', []), ('刘德华', '中性', 0.0, '合体，吴京刘德华卖票房，李', []), ('票房', '中性', 0.0, '香港最能扛票房的两个男人', []), ('李雪健', '中性', 0.0, '华卖票房，李雪健吴孟达卖情', []), ('吴孟达', '中性', 0.0, '房，李雪健吴孟达卖情怀。选', []), ('情怀', '中性', 0.0, '健吴孟达卖情怀。选择老戏', []), ('老戏骨', '中性', 0.0, '情怀。选择老戏骨想必是导演', []), ('老一辈', '中性', 0.0, '必是导演对老一辈演员的敬意', []), ('演员', '中性', 0.0, '演对老一辈演员的敬意。吴', []), ('吴京', '中性', 0.0, '男人合体，吴京刘德华卖票', []), ('华仔', '中性', 0.0, '意。吴京和华仔两个部分双', []), ('部分', '中性', 0.0, '和华仔两个部分双线并进，', []), ('双线', '中性', 0.0, '仔两个部分双线并进，吴京', []), ('吴京', '中性', 0.0, '男人合体，吴京刘德华卖票', []), ('华仔', '中性', 0.0, '意。吴京和华仔两个部分双', []), ('本片', '中性', 0.0, '仔负责提升本片科幻人文高', []), ('科幻', '中性', 0.0, '责提升本片科幻人文高度。', []), ('人文', '中性', 0.0, '升本片科幻人文高度。把沙', []), ('高度', '中性', 0.0, '片科幻人文高度。把沙溢的', []), ('沙溢', '中性', 0.0, '文高度。把沙溢的演技给突', []), ('演技', '中性', 0.0, '。把沙溢的演技给突出来了', []), ('东北', '中性', 0.0, '非常自然的东北派演技。华', []), ('演技', '中性', 0.0, '。把沙溢的演技给突出来了', []), ('华仔', '中性', 0.0, '意。吴京和华仔两个部分双', []), ('角色', '中性', 0.0, '了很多sb角色就赢大了。', []), ('点题', '中性', 0.0, '仔角色继续点题第一部名台', []), ('台词', '中性', 0.0, '题第一部名台词：行车不规', []), ('行车', '中性', 0.0, '部名台词：行车不规范，亲', []), ('规范', '中性', 0.0, '词：行车不规范，亲人两行', []), ('亲人', '中性', 0.0, '车不规范，亲人两行泪。中', []), ('一家亲', '中性', 0.0, '行泪。中俄一家亲，给美国留', []), ('美国', '中性', 0.0, '一家亲，给美国留了体面。', []), ('体面', '中性', 0.0, '给美国留了体面。前半段联', []), ('基地', '中性', 0.0, '前半段联合基地防御无人机', []), ('无人机', '中性', 0.0, '合基地防御无人机那段超级炸', []), ('太空', '中性', 0.0, '段超级炸，太空电梯的细节', []), ('电梯', '中性', 0.0, '级炸，太空电梯的细节和真', []), ('细节', '中性', 0.0, '太空电梯的细节和真实感无', []), ('真实感', '中性', 0.0, '梯的细节和真实感无可挑剔，', []), ('无可挑剔', '中性', 0.0, '节和真实感无可挑剔，某段配乐', []), ('太平洋', '中性', 0.0, '段配乐很环太平洋。人类把最', []), ('人类', '中性', 0.0, '环太平洋。人类把最精密的', []), ('系统', '中性', 0.0, '把最精密的系统都用到了彼', []), ('现实', '中性', 0.0, '合当今世界现实了。AI技', []), ('技术', '中性', 0.0, '实了。AI技术大量运用，', []), ('大量', '中性', 0.0, '。AI技术大量运用，让吴', []), ('吴京', '中性', 0.0, '男人合体，吴京刘德华卖票', []), ('李雪健', '中性', 0.0, '华卖票房，李雪健吴孟达卖情', []), ('老爷子', '中性', 0.0, '修复李雪健老爷子的声音，复', []), ('声音', '中性', 0.0, '健老爷子的声音，复活吴孟', []), ('吴孟达', '中性', 0.0, '房，李雪健吴孟达卖情怀。选', []), ('达叔', '中性', 0.0, '活吴孟达，达叔的面貌还可', []), ('面貌', '中性', 0.0, '达，达叔的面貌还可以再精', []), ('精雕', '中性', 0.0, '貌还可以再精雕下。', [])]",无,无,中性,中性,无,无,中性,无,中性,无,0.9923944040067301,0.0018985575158775082,吴京和华仔两个部分双线并进，吴京负责搞笑，华仔负责提升本片科幻人文高度。
豆瓣电影,中间真的又长又无聊，跟朋友在电影院快睡着了，看到最后只觉得“太多男的了”🥱,3,略略略,2023-02-06 01:40:01,35267208,中间真的又长又无聊，跟朋友在电影院快睡着了，看到最后只觉得太多男的了,"['中间', '真的', '无聊', '朋友', '电影院', '睡着', '看到', '最后', '觉得', '太多']",10,2,0.4308730065822601,正面,"[('，', 'MOVIE', 9, 10), ('，', 'MOVIE', 21, 22), ('太多男', 'PERSON', 29, 32)]",['太多男'],[],[],[],"[('电影院', 1.8531897327500002), ('睡着', 1.490357651566), ('朋友', 1.169421696568), ('看到', 0.97296194437), ('觉得', 0.965781985972)]","['电影院', '睡着', '朋友', '看到', '觉得']",False,0.018365838811874296,0.01832625611389618,0.9266401876417311,2,"[('朋友', '负面', 0.3333333333333333, '又无聊，跟朋友在电影院快', [('无聊', -1.0)]), ('电影院', '中性', 0.0, '，跟朋友在电影院快睡着了，', []), ('太多男', '中性', 0.0, '最后只觉得太多男的了', [])]",无,无,无,无,无,无,无,无,无,无,0.018364091952075397,0.018303625480423136,
豆瓣电影,电影所有的优点都来自原著提供的创意本身，整个制作只能用“吵闹”来形容，功能化且生硬的情感线看的我尴尬癌都要犯了，当最后只剩我们的电力系统没有打开，李雪健斩钉截铁的喊道我们的人一定能完成任务的时候，我真想问他是谁给你的勇气和自信说出这种话？战狼式自我意淫还没玩腻吗？,3,观影者,2023-02-11 20:24:38,35267208,电影所有的优点都来自原著提供的创意本身，整个制作只能用吵闹来形容，功能化且生硬的情感线看的我尴尬癌都要犯了，当最后只剩我们的电力系统没有打开，李雪健斩钉截铁的喊道我们的人一定能完成任务的时候，我真想问他是谁给你的勇气和自信说出这种话？战狼式自我意淫还没玩腻吗？,"['电影', '所有', '优点', '原著', '提供', '创意', '本身', '整个', '制作', '只能', '吵闹', '形容', '功能化', '生硬', '情感', '尴尬', '要犯', '最后', '我们', '电力系统', '打开', '李雪健', '斩钉截铁', '喊道', '我们', '一定', '完成', '任务', '时候', '真想', '勇气', '自信', '说出', '这种', '战狼式', '自我', '意淫', '玩腻']",38,2,0.4734895527362823,正面,"[('，', 'OTHER', 19, 20), ('，', 'OTHER', 32, 33), ('，', 'OTHER', 53, 54), ('当', 'TIME', 54, 55), ('，', 'OTHER', 70, 71), ('李雪健', 'PERSON', 71, 74), ('，', 'OTHER', 95, 96), ('？', 'OTHER', 116, 117), ('？', 'OTHER', 129, 130)]",['李雪健'],[],[],[],"[('战狼式', 0.47819070011599996), ('玩腻', 0.45342913178000005), ('意淫', 0.445123557188), ('功能化', 0.440412235764), ('要犯', 0.40748422341199997), ('原著', 0.40652032134800004), ('吵闹', 0.37063794655000004), ('创意', 0.339205706108), ('自信', 0.3113914210596), ('形容', 0.3092426767792), ('喊道', 0.3081693409672), ('勇气', 0.3072034992752), ('情感', 0.2980082891932), ('优点', 0.29744357393160004), ('电影', 0.2663151891672), ('说出', 0.2662580054548), ('制作', 0.263873377068), ('打开', 0.24265141396280002), ('任务', 0.22492045964479998), ('来自', 0.2209098611156)]","['战狼式', '玩腻', '意淫', '功能化', '要犯', '原著', '吵闹', '创意', '自信', '形容', '喊道', '勇气', '情感', '优点', '电影', '说出', '制作', '打开', '任务', '来自']",True,0.9792313412575688,0.005205784569938897,0.005191109956216239,0,"[('电影', '中性', 0.0, '电影所有的优点', []), ('优点', '中性', 0.0, '电影所有的优点都来自原著', []), ('原著', '中性', 0.0, '优点都来自原著提供的创意', []), ('形容', '中性', 0.0, '能用吵闹来形容，功能化且', []), ('功能化', '负面', 0.3333333333333333, '闹来形容，功能化且生硬的情', [('生硬', -1.0)]), ('情感', '负面', 0.3333333333333333, '化且生硬的情感线看的我尴', [('生硬', -1.0)]), ('电力系统', '中性', 0.0, '只剩我们的电力系统没有打开，', []), ('李雪健', '中性', 0.0, '没有打开，李雪健斩钉截铁的', []), ('任务', '中性', 0.0, '一定能完成任务的时候，我', []), ('时候', '中性', 0.0, '完成任务的时候，我真想问', []), ('勇气', '中性', 0.0, '是谁给你的勇气和自信说出', []), ('战狼式', '中性', 0.0, '出这种话？战狼式自我意淫还', []), ('玩腻', '中性', 0.0, '我意淫还没玩腻吗？', [])]",中性,无,无,无,无,无,无,无,无,无,0.005193839709331906,0.00517792450694411,电影所有的优点都来自原著提供的创意本身，整个制作只能用吵闹来形容，功能化且生硬的情感线看的我尴尬癌都要犯了，当最后只剩我们的电力系统没有打开，李雪健斩钉截铁的喊道我们的人一定能完成任务的时候，我真想问他是谁给你的勇气和自信说出这种话。
豆瓣电影,三颗星全给特效（难得的made in china吧）but情节拖沓建议时长缩减一半（左边观众睡着右边观众看一半离场了），战狼味直冲云霄我以为我在看《流浪地球（战狼版）》，女性角色全是为了成全大男子英雄主义，年轻演员台词念的有点太差，幽默也太硬了点，煽情也太套路了点，直男视角下的玫瑰浪漫和爱情、慈父视角下的钢铁父女情都好典哦，像被喂了一碗沉甸甸的杂交水稻，看得我发齁,3,荒岛米饭,2023-01-26 02:46:23,35267208,三颗星全给特效（难得的made in china吧）but情节拖沓建议时长缩减一半（左边观众睡着右边观众看一半离场了），战狼味直冲云霄我以为我在看《流浪地球（战狼版）》，女性角色全是为了成全大男子英雄主义，年轻演员台词念的有点太差，幽默也太硬了点，煽情也太套路了点，直男视角下的玫瑰浪漫和爱情、慈父视角下的钢铁父女情都好典哦，像被喂了一碗沉甸甸的杂交水稻，看得我发齁,"['三颗', '星全', '特效', '难得', 'made', 'in', 'china', 'but', '情节', '拖沓', '建议', '缩减', '一半', '左边', '观众', '睡着', '右边', '观众', '一半', '离场', '战狼味', '直冲', '云霄', '以为', '流浪', '地球', '战狼版', '女性', '角色', '全是', '为了', '成全', '男子', '英雄主义', '年轻', '演员', '台词', '有点', '幽默', '煽情', '套路', '视角', '玫瑰', '浪漫', '爱情', '慈父', '视角', '钢铁', '父女情', '好典', '一碗', '沉甸甸', '杂交', '水稻', '看得', '我发']",56,2,0.5457664132118225,正面,"[('（', 'OTHER', 7, 8), (' ', 'OTHER', 15, 16), (' ', 'OTHER', 18, 19), ('）', 'OTHER', 25, 26), ('（', 'OTHER', 41, 42), ('）', 'OTHER', 58, 59), ('，', 'OTHER', 59, 60), ('云霄', 'PERSON', 65, 67), ('《', 'OTHER', 73, 74), ('（', 'OTHER', 78, 79), ('）', 'OTHER', 82, 83), ('》', 'OTHER', 83, 84), ('，', 'OTHER', 84, 85), ('英雄主义', 'OTHER', 98, 102), ('，', 'OTHER', 102, 103), ('，', 'OTHER', 115, 116), ('，', 'OTHER', 123, 124), ('，', 'OTHER', 132, 133), ('、', 'OTHER', 146, 147), ('，', 'OTHER', 162, 163), ('，', 'OTHER', 177, 178)]",['云霄'],[],[],[],"[('视角', 0.6075457272793333), ('观众', 0.4903551994426667), ('父女情', 0.44025101571333336), ('战狼味', 0.39849225009666667), ('战狼', 0.39849225009666667), ('煽情', 0.3709362976566667), ('套路', 0.32173941366433334), ('成全', 0.3152675465163333), ('台词', 0.3082239100606667), ('直冲', 0.30790795192866666), ('流浪', 0.29216264049766666), ('离场', 0.29138741175866667), ('杂交', 0.29062980338933336), ('玫瑰', 0.28194199804833336), ('缩减', 0.2686678664866667), ('看得', 0.250855094405), ('情节', 0.24887103777300001), ('睡着', 0.24839294192766664), ('演员', 0.23624110174866667), ('角色', 0.23407837278933333)]","['视角', '观众', '父女情', '战狼味', '战狼', '煽情', '套路', '成全', '台词', '直冲', '流浪', '离场', '杂交', '玫瑰', '缩减', '看得', '情节', '睡着', '演员', '角色']",True,0.9858873556454549,0.0035329266254010365,0.00352651408872844,0,"[('情节', '中性', 0.0, '吧）but情节拖沓建议时', []), ('建议', '中性', 0.0, 't情节拖沓建议时长缩减一', []), ('观众', '中性', 0.0, '一半（左边观众睡着右边观', []), ('观众', '中性', 0.0, '一半（左边观众睡着右边观', []), ('离场', '中性', 0.0, '观众看一半离场了），战狼', []), ('战狼味', '中性', 0.0, '离场了），战狼味直冲云霄我', []), ('云霄', '中性', 0.0, '战狼味直冲云霄我以为我在', []), ('流浪', '中性', 0.0, '为我在看《流浪地球（战狼', []), ('地球', '中性', 0.0, '在看《流浪地球（战狼版）', []), ('战狼', '中性', 0.0, '离场了），战狼味直冲云霄', []), ('女性', '中性', 0.0, '狼版）》，女性角色全是为', []), ('角色', '中性', 0.0, '）》，女性角色全是为了成', []), ('男子', '中性', 0.0, '为了成全大男子英雄主义，', []), ('英雄主义', '中性', 0.0, '成全大男子英雄主义，年轻演员', []), ('演员', '中性', 0.0, '主义，年轻演员台词念的有', []), ('台词', '中性', 0.0, '，年轻演员台词念的有点太', []), ('有点', '中性', 0.0, '员台词念的有点太差，幽默', [('差', -1.0), ('幽默', 1.0)]), ('套路', '中性', 0.0, '，煽情也太套路了点，直男', []), ('视角', '中性', 0.0, '了点，直男视角下的玫瑰浪', []), ('玫瑰', '中性', 0.0, '男视角下的玫瑰浪漫和爱情', []), ('爱情', '中性', 0.0, '玫瑰浪漫和爱情、慈父视角', []), ('慈父', '中性', 0.0, '漫和爱情、慈父视角下的钢', []), ('视角', '中性', 0.0, '了点，直男视角下的玫瑰浪', []), ('钢铁', '正面', 0.3333333333333333, '父视角下的钢铁父女情都好', [('好', 1.0)]), ('父女情', '中性', 0.0, '角下的钢铁父女情都好典哦，', []), ('杂交', '中性', 0.0, '碗沉甸甸的杂交水稻，看得', []), ('水稻', '中性', 0.0, '甸甸的杂交水稻，看得我发', [])]",无,无,无,无,中性,无,中性,中性,无,中性,0.0035256069896626315,0.0035275966507529663,三颗星全给特效（难得的made in china吧）but情节拖沓建议时长缩减一半（左边观众睡着右边观众看一半离场了），战狼味直冲云霄我以为我在看《流浪地球（战狼版）》，女性角色全是为了成全大男子英雄主义，年轻演员台词念的有点太差，幽默也太硬了点，煽情也太套路了点，直男视角下的玫瑰浪漫和爱情、慈父视角下的钢铁父女情都好典哦，像被喂了一碗沉甸甸的杂交水稻，看得我发齁。
豆瓣电影,个人感觉唯一缺点是一旦意识形态味太浓了会把人物变得标签化脸谱化，牺牲一些合理性。探讨人类文明存亡议题却跳不出红色逻辑，甚至几乎没有女性参与，显得很小气。这点上，第一部比第二部强，虽然故事简单但更自洽。图马那条线，比主线好些。,4,水熊,2023-01-24 01:09:31,35267208,个人感觉唯一缺点是一旦意识形态味太浓了会把人物变得标签化脸谱化，牺牲一些合理性。探讨人类文明存亡议题却跳不出红色逻辑，甚至几乎没有女性参与，显得很小气。这点上，第一部比第二部强，虽然故事简单但更自洽。图马那条线，比主线好些。,"['个人感觉', '唯一', '缺点', '一旦', '意识形态', '人物', '变得', '标签', '脸谱化', '牺牲', '一些', '合理性', '探讨', '人类文明', '存亡', '议题', '不出', '红色', '逻辑', '甚至', '几乎', '女性', '参与', '显得', '很小', '这点', '第一部', '第二部', '虽然', '故事', '简单', '自洽', '图马', '那条', '主线', '好些']",36,2,0.6645864248275757,正面,"[('，', 'OTHER', 31, 32), ('。', 'OTHER', 39, 40), ('，', 'OTHER', 58, 59), ('，', 'OTHER', 69, 70), ('。', 'OTHER', 75, 76), ('，', 'OTHER', 79, 80), ('，', 'OTHER', 88, 89), ('。', 'OTHER', 99, 100), ('，', 'OTHER', 105, 106), ('。', 'OTHER', 111, 112)]",[],[],[],[],"[('脸谱化', 0.5819120619681818), ('自洽', 0.5433985228590908), ('图马', 0.5433985228590908), ('个人感觉', 0.5087557932227272), ('存亡', 0.418605898625), ('标签', 0.41819078573545454), ('合理性', 0.40658411792590904), ('议题', 0.3716860250009091), ('缺点', 0.34663252866954547), ('主线', 0.3444596550931818), ('探讨', 0.32300413959545454), ('逻辑', 0.3198579209327273), ('牺牲', 0.3183169413113636), ('不出', 0.31119218153818184), ('女性', 0.30418533245545454), ('红色', 0.29964249338363635), ('故事', 0.2781988438213636), ('显得', 0.26873339405636365), ('人物', 0.26319320065454543), ('变得', 0.26283957284409093)]","['脸谱化', '自洽', '图马', '个人感觉', '存亡', '标签', '合理性', '议题', '缺点', '主线', '探讨', '逻辑', '牺牲', '不出', '女性', '红色', '故事', '显得', '人物', '变得']",True,0.005445626835825794,0.005437168755554239,0.9782482958564028,2,"[('个人感觉', '中性', 0.0, '个人感觉唯一缺点是', []), ('缺点', '中性', 0.0, '人感觉唯一缺点是一旦意识', []), ('意识形态', '中性', 0.0, '缺点是一旦意识形态味太浓了会', []), ('人物', '中性', 0.0, '太浓了会把人物变得标签化', []), ('标签', '中性', 0.0, '把人物变得标签化脸谱化，', []), ('脸谱化', '中性', 0.0, '变得标签化脸谱化，牺牲一些', []), ('合理性', '中性', 0.0, '，牺牲一些合理性。探讨人类', []), ('人类文明', '中性', 0.0, '理性。探讨人类文明存亡议题却', []), ('议题', '中性', 0.0, '类文明存亡议题却跳不出红', []), ('红色', '中性', 0.0, '题却跳不出红色逻辑，甚至', []), ('逻辑', '中性', 0.0, '跳不出红色逻辑，甚至几乎', []), ('女性', '中性', 0.0, '至几乎没有女性参与，显得', []), ('故事', '中性', 0.0, '部强，虽然故事简单但更自', []), ('图马', '中性', 0.0, '但更自洽。图马那条线，比', []), ('主线', '中性', 0.0, '那条线，比主线好些。', [])]",无,无,无,无,无,中性,无,中性,无,无,0.005431096327390151,0.005437812224826937,这点上，第一部比第二部强，虽然故事简单但更自洽。
