platform,content,score,user,time,song_id,clean_content,words,word_count,sentiment_label,sentiment_prob,sentiment_text,entities,person_entities,location_entities,organization_entities,product_entities,keywords,keyword_list,is_long,summary,topic_0,topic_1,topic_2,topic_3,topic_4,dominant_topic,aspect_results,aspect_晚安,aspect_时候,aspect_朋友,aspect_世界,aspect_我会,aspect_感觉,aspect_流泪,aspect_首歌,aspect_我爱你,aspect_爱心
网易云音乐,是吗，那我们谈吧,1,伪練,2025-04-24 23:39:51,1359356908,是吗，那我们谈吧,['我们'],1,2,0.4241762459278106,正面,"[('，', 'OTHER', 2, 3)]",[],[],[],[],[],[],False,,0.0,0.0,0.0,0.0,0.0,0,[],无,无,无,无,无,无,无,无,无,无
网易云音乐,给时间点时间 让时间说真话。,1,拥抱在那年winter,2025-04-24 23:39:01,1359356908,给时间点时间 让时间说真话。,"['时间', '时间', '时间', '真话']",4,1,0.427656888961792,中性,"[(' ', 'OTHER', 6, 7), ('。', 'OTHER', 13, 14)]",[],[],[],[],"[('时间', 3.059654724345), ('真话', 2.1912198037325)]","['时间', '真话']",False,,0.0,0.0,0.0,0.0,0.0,0,"[('时间', '中性', 0.0, '给时间点时间 让', []), ('时间', '中性', 0.0, '给时间点时间 让', []), ('时间', '中性', 0.0, '给时间点时间 让', []), ('真话', '中性', 0.0, ' 让时间说真话。', [])]",无,无,无,无,无,无,无,无,无,无
网易云音乐,我一直在找一个跟你很像的人 最后我才发现我和你最像,1,劣_质谎,2025-04-24 23:32:37,1359356908,我一直在找一个跟你很像的人 最后我才发现我和你最像,"['一直', '最后', '发现']",3,2,0.5199675559997559,正面,"[(' ', 'OTHER', 13, 14)]",[],[],[],[],"[('发现', 4.3730478628)]",['发现'],False,,0.0,0.0,0.0,0.0,0.0,0,[],无,无,无,无,无,无,无,无,无,无
网易云音乐,晚安不会再有我的消息了,1,抒写草稿纸,2025-04-24 23:32:27,1359356908,晚安不会再有我的消息了,"['晚安', '不会', '再有', '消息']",4,2,0.3968725204467773,正面,[],[],[],[],[],"[('晚安', 2.8154050806), ('再有', 1.927078790625), ('消息', 1.2599736890425), ('不会', 1.10293029489)]","['晚安', '再有', '消息', '不会']",False,,0.0,0.0,0.0,0.0,0.0,0,"[('晚安', '中性', 0.0, '晚安不会再有我', []), ('消息', '中性', 0.0, '会再有我的消息了', [])]",中性,无,无,无,无,无,无,无,无,无
网易云音乐,发现你还是有让我鼻酸的能力 但我们已经没有好好过的机会了,1,以慧慧为名的春,2025-04-24 23:31:08,1359356908,发现你还是有让我鼻酸的能力 但我们已经没有好好过的机会了,"['发现', '鼻酸', '能力', '我们', '已经', '好好', '机会']",7,2,0.5192014575004578,正面,"[(' ', 'OTHER', 13, 14)]",[],[],[],[],"[('鼻酸', 2.50287665818), ('机会', 1.00349068434), ('能力', 0.987068615634), ('发现', 0.87460957256), ('没有', 0.6225647130299999)]","['鼻酸', '机会', '能力', '发现', '没有']",False,,0.0,0.0,0.0,0.0,0.0,0,"[('鼻酸', '中性', 0.0, '还是有让我鼻酸的能力 但', []), ('能力', '中性', 0.0, '让我鼻酸的能力 但我们已', []), ('机会', '中性', 0.0, '有好好过的机会了', [])]",无,无,无,无,无,无,无,无,无,无
网易云音乐,后来我不再羡慕那些谈了很久的恋爱 因为我知道长久的感情需要无数个原谅来维持,1,以慧慧为名的春,2025-04-24 23:30:53,1359356908,后来我不再羡慕那些谈了很久的恋爱 因为我知道长久的感情需要无数个原谅来维持,"['后来', '不再', '羡慕', '那些', '恋爱', '因为', '知道', '长久', '感情', '需要', '无数个', '原谅', '维持']",13,2,0.5347148776054382,正面,"[('后来', 'TIME', 0, 2), (' ', 'OTHER', 16, 17), ('原谅', 'PERSON', 32, 34)]",['原谅'],[],[],[],"[('羡慕', 1.3362258772483333), ('恋爱', 1.30927872299), ('感情', 1.062596150975), ('维持', 0.8958863163149999), ('需要', 0.7240801072499999), ('知道', 0.6623514233333333)]","['羡慕', '恋爱', '感情', '维持', '需要', '知道']",False,,0.0,0.0,0.0,0.0,0.0,0,"[('感情', '中性', 0.0, '知道长久的感情需要无数个', []), ('原谅', '中性', 0.0, '需要无数个原谅来维持', [])]",无,无,无,无,无,无,无,无,无,无
网易云音乐,晚安(˘ω˘)✩,1,以慧慧为名的春,2025-04-24 23:30:36,1359356908,晚安ω,['晚安'],1,2,0.3871974050998688,正面,"[('ω', 'OTHER', 2, 3)]",[],[],[],[],"[('晚安', 11.2616203224)]",['晚安'],False,,0.0,0.0,0.0,0.0,0.0,0,"[('晚安', '中性', 0.0, '晚安ω', [])]",中性,无,无,无,无,无,无,无,无,无
网易云音乐,不喜欢的时候,1,梳个丸子头a,2025-04-24 23:22:50,1359356908,不喜欢的时候,"['喜欢', '时候']",2,2,0.444201648235321,正面,[],[],[],[],[],"[('喜欢', 2.85129420151), ('时候', 2.14437316672)]","['喜欢', '时候']",False,,0.0,0.0,0.0,0.0,0.0,0,"[('时候', '正面', 0.3333333333333333, '不喜欢的时候', [('喜欢', 1.0)])]",无,正面,无,无,无,无,无,无,无,无
网易云音乐,来啦,1,梳个丸子头a,2025-04-24 23:18:09,1359356908,来啦,[],0,1,0.3894240260124206,中性,[],[],[],[],[],[],[],False,,0.0,0.0,0.0,0.0,0.0,0,[],无,无,无,无,无,无,无,无,无,无
网易云音乐,生着病发烧。身上一点钱都没有了。才开始工作，工资也还没有支出来 快两天都没吃什么了   一个人躺在出租屋里好无力  感觉自己快坚持不下去了  我能讨碗饭吃吗…,1,还没吃柠檬a,2025-04-24 23:11:00,1359356908,生着病发烧。身上一点钱都没有了。才开始工作，工资也还没有支出来 快两天都没吃什么了 一个人躺在出租屋里好无力 感觉自己快坚持不下去了 我能讨碗饭吃吗,"['生着', '发烧', '身上', '一点', '开始', '工作', '工资', '支出', '两天', '出租', '屋里', '无力', '感觉', '坚持', '下去', '我能', '碗饭']",17,2,0.5691059231758118,正面,"[('。', 'OTHER', 5, 6), ('。', 'OTHER', 15, 16), ('，', 'OTHER', 21, 22), (' ', 'OTHER', 31, 32), (' ', 'OTHER', 41, 42), (' ', 'OTHER', 54, 55), ('下去', 'TIME', 63, 65), (' ', 'OTHER', 66, 67)]",[],[],[],[],"[('碗饭', 0.8229438301033333), ('发烧', 0.7207003519941666), ('出租', 0.6937273790691667), ('无力', 0.5979703341508333), ('支出', 0.564348475525), ('工资', 0.5322473670116666), ('没有', 0.5188039275249999), ('坚持', 0.4845479263591667), ('感觉', 0.47012319077583337), ('工作', 0.35022827852916666), ('开始', 0.32041892567)]","['碗饭', '发烧', '出租', '无力', '支出', '工资', '没有', '坚持', '感觉', '工作', '开始']",False,,0.0,0.0,0.0,0.0,0.0,0,"[('无力', '正面', 0.3333333333333333, '出租屋里好无力 感觉自己', [('好', 1.0)]), ('感觉', '正面', 0.3333333333333333, '里好无力 感觉自己快坚持', [('好', 1.0)]), ('碗饭', '中性', 0.0, '了 我能讨碗饭吃吗', [])]",无,无,无,无,无,正面,无,无,无,无
网易云音乐,借你吉言,1,爱佳欣不伤心,2025-04-24 23:06:56,1359356908,借你吉言,['吉言'],1,2,0.4414868950843811,正面,[],[],[],[],[],"[('吉言', 11.7034530746)]",['吉言'],False,,0.0,0.0,0.0,0.0,0.0,0,"[('吉言', '中性', 0.0, '借你吉言', [])]",无,无,无,无,无,无,无,无,无,无
网易云音乐,加油,1,叫主人就对了hh,2025-04-24 23:02:11,1359356908,加油,['加油'],1,1,0.3995487689971924,中性,[],[],[],[],[],"[('加油', 8.80692745117)]",['加油'],False,,0.0,0.0,0.0,0.0,0.0,0,[],无,无,无,无,无,无,无,无,无,无
网易云音乐,争气一点,1,小菡降临我身边,2025-04-24 22:55:25,1359356908,争气一点,"['争气', '一点']",2,1,0.4129373729228973,中性,[],[],[],[],[],"[('争气', 9.98865464655)]",['争气'],False,,0.0,0.0,0.0,0.0,0.0,0,"[('争气', '中性', 0.0, '争气一点', [])]",无,无,无,无,无,无,无,无,无,无
网易云音乐,生着病发烧。身上一点钱都没有了。才开始工作，工资也还没有支出来 快两天都没吃什么了   一个人躺在出租屋里好无力  感觉自己快坚持不下去了  我能讨碗饭吃吗…,1,山茶红_9,2025-04-24 22:53:51,1359356908,生着病发烧。身上一点钱都没有了。才开始工作，工资也还没有支出来 快两天都没吃什么了 一个人躺在出租屋里好无力 感觉自己快坚持不下去了 我能讨碗饭吃吗,"['生着', '发烧', '身上', '一点', '开始', '工作', '工资', '支出', '两天', '出租', '屋里', '无力', '感觉', '坚持', '下去', '我能', '碗饭']",17,2,0.5691059231758118,正面,"[('。', 'OTHER', 5, 6), ('。', 'OTHER', 15, 16), ('，', 'OTHER', 21, 22), (' ', 'OTHER', 31, 32), (' ', 'OTHER', 41, 42), (' ', 'OTHER', 54, 55), ('下去', 'TIME', 63, 65), (' ', 'OTHER', 66, 67)]",[],[],[],[],"[('碗饭', 0.8229438301033333), ('发烧', 0.7207003519941666), ('出租', 0.6937273790691667), ('无力', 0.5979703341508333), ('支出', 0.564348475525), ('工资', 0.5322473670116666), ('没有', 0.5188039275249999), ('坚持', 0.4845479263591667), ('感觉', 0.47012319077583337), ('工作', 0.35022827852916666), ('开始', 0.32041892567)]","['碗饭', '发烧', '出租', '无力', '支出', '工资', '没有', '坚持', '感觉', '工作', '开始']",False,,0.0,0.0,0.0,0.0,0.0,0,"[('无力', '正面', 0.3333333333333333, '出租屋里好无力 感觉自己', [('好', 1.0)]), ('感觉', '正面', 0.3333333333333333, '里好无力 感觉自己快坚持', [('好', 1.0)]), ('碗饭', '中性', 0.0, '了 我能讨碗饭吃吗', [])]",无,无,无,无,无,正面,无,无,无,无
网易云音乐,@媛是我的一切 晚安,1,可我不善言表,2025-04-24 22:49:58,1359356908,媛是我的一切 晚安,"['一切', '晚安']",2,2,0.448348194360733,正面,"[('媛', 'OTHER', 0, 1), (' ', 'OTHER', 6, 7)]",[],[],[],[],"[('晚安', 11.2616203224)]",['晚安'],False,,0.0,0.0,0.0,0.0,0.0,0,"[('晚安', '中性', 0.0, '我的一切 晚安', [])]",中性,无,无,无,无,无,无,无,无,无
网易云音乐,晚安,1,hwy平安,2025-04-24 22:49:58,1359356908,晚安,['晚安'],1,2,0.4150713980197906,正面,[],[],[],[],[],"[('晚安', 11.2616203224)]",['晚安'],False,,0.0,0.0,0.0,0.0,0.0,0,"[('晚安', '中性', 0.0, '晚安', [])]",中性,无,无,无,无,无,无,无,无,无
网易云音乐,接接接！,1,_y-h-_-,2025-04-24 22:47:47,1359356908,接接接！,['接接'],1,2,0.35623899102211,正面,"[('！', 'OTHER', 3, 4)]",[],[],[],[],"[('接接', 12.8020653633)]",['接接'],False,,0.0,0.0,0.0,0.0,0.0,0,[],无,无,无,无,无,无,无,无,无,无
网易云音乐,实际上是做朋友也同样内耗，除非后来不喜欢了,1,psz_987,2025-04-24 22:44:21,1359356908,实际上是做朋友也同样内耗，除非后来不喜欢了,"['实际上', '朋友', '同样', '内耗', '除非', '后来', '喜欢']",7,2,0.4680486619472503,正面,"[('，', 'OTHER', 12, 13), ('后来', 'TIME', 15, 17)]",[],[],[],[],"[('内耗', 3.6349817928), ('朋友', 1.9490361609466669), ('喜欢', 1.9008628010066666)]","['内耗', '朋友', '喜欢']",False,,0.0,0.0,0.0,0.0,0.0,0,"[('朋友', '中性', 0.0, '实际上是做朋友也同样内耗', []), ('内耗', '中性', 0.0, '朋友也同样内耗，除非后来', [])]",无,无,中性,无,无,无,无,无,无,无
网易云音乐,"这个世界除了我自己我没有依靠了

我总拿离开试探爱以为你不会放开我的手

那些你刺痛我的事我连你一起丢掉

委屈就像刺扎在心里拔不出来又疼得厉害

想哭的时候最想念的还是你

",1,FailureLMR,2025-04-24 22:44:04,1359356908,这个世界除了我自己我没有依靠了 我总拿离开试探爱以为你不会放开我的手 那些你刺痛我的事我连你一起丢掉 委屈就像刺扎在心里拔不出来又疼得厉害 想哭的时候最想念的还是你,"['这个', '世界', '除了', '依靠', '离开', '试探', '以为', '不会', '放开', '那些', '刺痛', '一起', '丢掉', '委屈', '刺扎', '心里', '出来', '厉害', '时候', '想念']",20,2,0.5127893090248108,正面,"[(' ', 'OTHER', 15, 16), (' ', 'OTHER', 34, 35), (' ', 'OTHER', 50, 51), (' ', 'OTHER', 69, 70)]",[],[],[],[],"[('刺扎', 0.85347102422), ('想哭', 0.7969845001933333), ('刺痛', 0.608666201834), ('想念', 0.59401633768), ('丢掉', 0.585114244838), ('试探', 0.5411234979766667), ('放开', 0.5114777765586667), ('委屈', 0.5071505582086666), ('依靠', 0.42072240931933336), ('离开', 0.36405317091066663), ('不会', 0.294114745304), ('出来', 0.29127975025333336), ('世界', 0.291168627038), ('时候', 0.28591642222933333), ('没有', 0.20752157101)]","['刺扎', '想哭', '刺痛', '想念', '丢掉', '试探', '放开', '委屈', '依靠', '离开', '不会', '出来', '世界', '时候', '没有']",False,,0.0,0.0,0.0,0.0,0.0,0,"[('世界', '中性', 0.0, '这个世界除了我自己', []), ('时候', '中性', 0.0, '害 想哭的时候最想念的还', [])]",无,中性,无,中性,无,无,无,无,无,无
网易云音乐,生着病发烧。身上一点钱都没有了。才开始工作，工资也还没有支出来 快两天都没吃什么了   一个人躺在出租屋里好无力  感觉自己快坚持不下去了  我能讨碗饭吃吗…,1,还没吃柠檬a,2025-04-24 22:43:25,1359356908,生着病发烧。身上一点钱都没有了。才开始工作，工资也还没有支出来 快两天都没吃什么了 一个人躺在出租屋里好无力 感觉自己快坚持不下去了 我能讨碗饭吃吗,"['生着', '发烧', '身上', '一点', '开始', '工作', '工资', '支出', '两天', '出租', '屋里', '无力', '感觉', '坚持', '下去', '我能', '碗饭']",17,2,0.5691059231758118,正面,"[('。', 'OTHER', 5, 6), ('。', 'OTHER', 15, 16), ('，', 'OTHER', 21, 22), (' ', 'OTHER', 31, 32), (' ', 'OTHER', 41, 42), (' ', 'OTHER', 54, 55), ('下去', 'TIME', 63, 65), (' ', 'OTHER', 66, 67)]",[],[],[],[],"[('碗饭', 0.8229438301033333), ('发烧', 0.7207003519941666), ('出租', 0.6937273790691667), ('无力', 0.5979703341508333), ('支出', 0.564348475525), ('工资', 0.5322473670116666), ('没有', 0.5188039275249999), ('坚持', 0.4845479263591667), ('感觉', 0.47012319077583337), ('工作', 0.35022827852916666), ('开始', 0.32041892567)]","['碗饭', '发烧', '出租', '无力', '支出', '工资', '没有', '坚持', '感觉', '工作', '开始']",False,,0.0,0.0,0.0,0.0,0.0,0,"[('无力', '正面', 0.3333333333333333, '出租屋里好无力 感觉自己', [('好', 1.0)]), ('感觉', '正面', 0.3333333333333333, '里好无力 感觉自己快坚持', [('好', 1.0)]), ('碗饭', '中性', 0.0, '了 我能讨碗饭吃吗', [])]",无,无,无,无,无,正面,无,无,无,无
网易云音乐,替你们试过了，能做朋友就别做恋人，尽管认识很久了，千万别，如果我们没有分手的话，现在是我们的第190天，如果当时我没有同意表白的话，我们还是朋友,1,情不知所琪,2025-04-24 22:41:46,1359356908,替你们试过了，能做朋友就别做恋人，尽管认识很久了，千万别，如果我们没有分手的话，现在是我们的第天，如果当时我没有同意表白的话，我们还是朋友,"['你们', '试过', '朋友', '就别', '恋人', '尽管', '认识', '很久', '千万别', '我们', '分手', '的话', '现在', '我们', '第天', '当时', '同意', '表白', '的话', '我们', '朋友']",21,2,0.4765805006027221,正面,"[('，', 'OTHER', 6, 7), ('，', 'OTHER', 16, 17), ('，', 'OTHER', 24, 25), ('，', 'OTHER', 28, 29), ('，', 'OTHER', 39, 40), ('现在', 'TIME', 40, 42), ('，', 'OTHER', 48, 49), ('当时', 'TIME', 51, 53), ('，', 'OTHER', 62, 63)]",[],[],[],[],"[('朋友', 1.2993574406311112), ('试过', 1.1914026468444443), ('恋人', 1.0483077259244444), ('表白', 1.0144436697233334), ('分手', 0.8939561921966666), ('没有', 0.6917385700333333), ('认识', 0.6310519508944444)]","['朋友', '试过', '恋人', '表白', '分手', '没有', '认识']",False,,0.0,0.0,0.0,0.0,0.0,0,"[('朋友', '中性', 0.0, '过了，能做朋友就别做恋人', []), ('恋人', '中性', 0.0, '朋友就别做恋人，尽管认识', []), ('朋友', '中性', 0.0, '过了，能做朋友就别做恋人', [])]",无,无,中性,无,无,无,无,无,无,无
网易云音乐,我想把这个空房间画满鲜花，可是我没有颜料和笔，我也不会画花。,1,司图南aid,2025-04-24 22:41:12,1359356908,我想把这个空房间画满鲜花，可是我没有颜料和笔，我也不会画花。,"['这个', '空房间', '满鲜花', '颜料', '不会', '画花']",6,2,0.4941524863243103,正面,"[('满鲜花', 'OTHER', 9, 12), ('，', 'OTHER', 12, 13), ('，', 'OTHER', 22, 23), ('。', 'OTHER', 29, 30)]",[],[],[],[],"[('空房间', 2.42178363654), ('画花', 2.39095350058), ('颜料', 1.779346269206), ('不会', 0.882344235912), ('没有', 0.6225647130299999)]","['空房间', '画花', '颜料', '不会', '没有']",False,,0.0,0.0,0.0,0.0,0.0,0,"[('空房间', '中性', 0.0, '我想把这个空房间画满鲜花，', []), ('满鲜花', '中性', 0.0, '个空房间画满鲜花，可是我没', []), ('颜料', '中性', 0.0, '可是我没有颜料和笔，我也', []), ('画花', '中性', 0.0, '，我也不会画花。', [])]",无,无,无,无,无,无,无,无,无,无
网易云音乐,晚安,1,Music-Otter,2025-04-24 22:40:58,1359356908,晚安,['晚安'],1,2,0.4150713980197906,正面,[],[],[],[],[],"[('晚安', 11.2616203224)]",['晚安'],False,,0.0,0.0,0.0,0.0,0.0,0,"[('晚安', '中性', 0.0, '晚安', [])]",中性,无,无,无,无,无,无,无,无,无
网易云音乐,4.24和对象闹矛盾，哭的很伤心，她给我发了一起听，听完和我说了晚安，是我不够成熟稳重不够优秀，才让她这么难受 ，我恨自己不争气，看到的无论什么时间都提醒我看一遍让我争气一点，让她过上好日子,1,爱佳欣不伤心,2025-04-24 22:39:40,1359356908,和对象闹矛盾，哭的很伤心，她给我发了一起听，听完和我说了晚安，是我不够成熟稳重不够优秀，才让她这么难受 ，我恨自己不争气，看到的无论什么时间都提醒我看一遍让我争气一点，让她过上好日子,"['对象', '闹矛盾', '伤心', '给我发', '一起', '晚安', '不够', '成熟', '稳重', '不够', '优秀', '这么', '难受', '不争气', '看到', '无论', '时间', '提醒', '看一遍', '争气', '一点', '好日子']",22,2,0.5846855640411377,正面,"[('，', 'OTHER', 6, 7), ('，', 'OTHER', 12, 13), ('，', 'OTHER', 21, 22), ('，', 'OTHER', 30, 31), ('，', 'OTHER', 43, 44), (' ', 'OTHER', 51, 52), ('，', 'OTHER', 52, 53), ('，', 'OTHER', 60, 61), ('，', 'OTHER', 83, 84), ('过上', 'TIME', 86, 88)]",[],[],[],[],"[('不够', 0.9286668764014285), ('听完', 0.8539119644928571), ('晚安', 0.8044014516000001), ('给我发', 0.79053316485), ('看一遍', 0.7369399081071428), ('争气', 0.7134753318964285), ('不争气', 0.7004523635535714), ('难受', 0.5510335020057143), ('伤心', 0.5335247550028571), ('提醒', 0.45146344528785715), ('对象', 0.42135626241999996), ('看到', 0.34748640870357145), ('时间', 0.29139568803285715)]","['不够', '听完', '晚安', '给我发', '看一遍', '争气', '不争气', '难受', '伤心', '提醒', '对象', '看到', '时间']",False,,0.0,0.0,0.0,0.0,0.0,0,"[('对象', '中性', 0.0, '和对象闹矛盾，哭', []), ('闹矛盾', '中性', 0.0, '和对象闹矛盾，哭的很伤', []), ('伤心', '中性', 0.0, '盾，哭的很伤心，她给我发', []), ('给我发', '中性', 0.0, '很伤心，她给我发了一起听，', []), ('晚安', '中性', 0.0, '完和我说了晚安，是我不够', []), ('不争气', '中性', 0.0, '，我恨自己不争气，看到的无', []), ('时间', '中性', 0.0, '的无论什么时间都提醒我看', []), ('争气', '中性', 0.0, '我恨自己不争气，看到的无', []), ('好日子', '中性', 0.0, '，让她过上好日子', [])]",中性,无,无,无,无,无,无,无,无,无
网易云音乐,胡海威 晚安,1,爱暄小天才,2025-04-24 22:37:01,1359356908,胡海威 晚安,"['胡海威', '晚安']",2,1,0.4039324820041656,中性,"[('胡海威', 'PERSON', 0, 3), (' ', 'OTHER', 3, 4)]",['胡海威'],[],[],[],"[('晚安', 11.2616203224)]",['晚安'],False,,0.0,0.0,0.0,0.0,0.0,0,"[('胡海威', '中性', 0.0, '胡海威 晚安', []), ('晚安', '中性', 0.0, '胡海威 晚安', [])]",中性,无,无,无,无,无,无,无,无,无
网易云音乐,你要放下对完美伴侣的期待  学会去爱一个普通又具体的人  互相迁就才更长远   双向奔赴才有意义   这个世界上没有本来就般配的两个人  而是一个懂得包容和迁就   另一个懂得，适可而止  表白是表明心意  而不是索取关系  公开专一不暧昧  这是爱的一个基本项不是加分项,1,再吃一口鲷鱼烧z,2025-04-24 22:33:29,1359356908,你要放下对完美伴侣的期待 学会去爱一个普通又具体的人 互相迁就才更长远 双向奔赴才有意义 这个世界上没有本来就般配的两个人 而是一个懂得包容和迁就 另一个懂得，适可而止 表白是表明心意 而不是索取关系 公开专一不暧昧 这是爱的一个基本项不是加分项,"['放下', '完美', '伴侣', '期待', '学会', '普通', '具体', '互相', '迁就', '长远', '双向', '奔赴', '意义', '这个', '世界', '本来', '般配', '两个', '而是', '懂得', '包容', '迁就', '懂得', '适可而止', '表白', '表明', '心意', '不是', '索取', '关系', '公开', '专一', '暧昧', '基本', '不是', '分项']",36,2,0.5770502090454102,正面,"[(' ', 'OTHER', 12, 13), ('普通', 'OTHER', 19, 21), (' ', 'OTHER', 26, 27), (' ', 'OTHER', 35, 36), (' ', 'OTHER', 44, 45), ('本来', 'TIME', 52, 54), (' ', 'OTHER', 61, 62), (' ', 'OTHER', 73, 74), ('，', 'OTHER', 79, 80), (' ', 'OTHER', 84, 85), (' ', 'OTHER', 92, 93), (' ', 'OTHER', 100, 101), (' ', 'OTHER', 108, 109)]",[],[],[],[],"[('迁就', 0.956994431169), ('懂得', 0.699693039439), ('伴侣', 0.47116704187499997), ('包容', 0.47004339908250004), ('奔赴', 0.46046648848749994), ('表白', 0.4564996513755), ('索取', 0.448671198341), ('双向', 0.42558029610799997), ('心意', 0.408205267725), ('学会', 0.337538040792), ('期待', 0.335462416097), ('放下', 0.33045107213999997), ('表明', 0.280922379434), ('意义', 0.279995034556), ('基本', 0.240057855755), ('关系', 0.236777193642), ('世界', 0.2183764702785), ('没有', 0.15564117825749998)]","['迁就', '懂得', '伴侣', '包容', '奔赴', '表白', '索取', '双向', '心意', '学会', '期待', '放下', '表明', '意义', '基本', '关系', '世界', '没有']",True,你要放下对完美伴侣的期待 学会去爱一个普通又具体的人 互相迁就才更长远 双向奔赴才有意义 这个世界上没有本来就般配的两个人 而是一个懂得包容和迁就 另一个懂得，适可而止 表白是表明心意 而不是索取关系 公开专一不暧昧 这是爱的一个基本项不是加分项。,0.0,0.0,0.0,0.0,0.0,0,"[('伴侣', '正面', 0.3333333333333333, '放下对完美伴侣的期待 学', [('完美', 1.0)]), ('学会', '中性', 0.0, '侣的期待 学会去爱一个普', []), ('普通', '中性', 0.0, '会去爱一个普通又具体的人', []), ('双向', '中性', 0.0, '才更长远 双向奔赴才有意', []), ('意义', '中性', 0.0, '向奔赴才有意义 这个世界', []), ('世界', '中性', 0.0, '意义 这个世界上没有本来', []), ('心意', '中性', 0.0, '表白是表明心意 而不是索', []), ('关系', '中性', 0.0, '而不是索取关系 公开专一', []), ('基本', '中性', 0.0, '是爱的一个基本项不是加分', [])]",无,无,无,中性,无,无,无,无,无,无
网易云音乐,来了,1,雨巷_nR7i,2025-04-24 22:30:19,1359356908,来了,[],0,2,0.4005726873874664,正面,[],[],[],[],[],[],[],False,,0.0,0.0,0.0,0.0,0.0,0,[],无,无,无,无,无,无,无,无,无,无
网易云音乐,晚安,1,她有胃病也爱哭_,2025-04-24 22:29:45,1359356908,晚安,['晚安'],1,2,0.4150713980197906,正面,[],[],[],[],[],"[('晚安', 11.2616203224)]",['晚安'],False,,0.0,0.0,0.0,0.0,0.0,0,"[('晚安', '中性', 0.0, '晚安', [])]",中性,无,无,无,无,无,无,无,无,无
网易云音乐,z我想听你说一句晚安,1,长腿妹妹阿,2025-04-24 22:18:52,1359356908,z我想听你说一句晚安,"['一句', '晚安']",2,1,0.4176356494426727,中性,[],[],[],[],[],"[('晚安', 11.2616203224)]",['晚安'],False,,0.0,0.0,0.0,0.0,0.0,0,"[('晚安', '中性', 0.0, '听你说一句晚安', [])]",中性,无,无,无,无,无,无,无,无,无
网易云音乐,喜欢听这首歌的人一定很喜欢听这首歌吧,1,Gr1y_dust,2025-04-24 22:13:00,1359356908,喜欢听这首歌的人一定很喜欢听这首歌吧,"['喜欢', '首歌', '一定', '喜欢', '首歌']",5,2,0.51434326171875,正面,[],[],[],[],[],"[('首歌', 5.3613119108), ('喜欢', 2.85129420151)]","['首歌', '喜欢']",False,,0.0,0.0,0.0,0.0,0.0,0,"[('首歌', '正面', 0.3333333333333333, '喜欢听这首歌的人一定很', [('喜欢', 1.0)]), ('首歌', '正面', 0.3333333333333333, '喜欢听这首歌的人一定很', [('喜欢', 1.0)])]",无,无,无,无,无,无,无,正面,无,无
网易云音乐,努力抓紧每一段珍贵的关系 直到再也抓不住,1,小羊_QvQ,2025-04-24 22:11:21,1359356908,努力抓紧每一段珍贵的关系 直到再也抓不住,"['努力', '抓紧', '一段', '珍贵', '关系', '直到', '再也', '抓不住']",8,2,0.4137305319309234,正面,"[(' ', 'OTHER', 12, 13)]",[],[],[],[],"[('抓不住', 2.52350379055), ('抓紧', 2.0568385962), ('直到', 1.419531003395), ('关系', 1.18388596821)]","['抓不住', '抓紧', '直到', '关系']",False,,0.0,0.0,0.0,0.0,0.0,0,"[('关系', '中性', 0.0, '一段珍贵的关系 直到再也', [])]",无,无,无,无,无,无,无,无,无,无
网易云音乐,我愿意做那个引导性恋人(>^ω^<),1,iouTuT,2025-04-24 22:09:28,1359356908,我愿意做那个引导性恋人ω,"['愿意', '那个', '引导性', '恋人']",4,2,0.4477395415306091,正面,"[('ω', 'OTHER', 11, 12)]",[],[],[],[],"[('引导性', 4.097079913166667), ('恋人', 3.1449231777733337), ('愿意', 1.9672234795766668)]","['引导性', '恋人', '愿意']",False,,0.0,0.0,0.0,0.0,0.0,0,"[('引导性', '中性', 0.0, '愿意做那个引导性恋人ω', []), ('恋人', '中性', 0.0, '那个引导性恋人ω', [])]",无,无,无,无,无,无,无,无,无,无
网易云音乐,我还是会晚睡，唯独少了你的晚安,1,xin今天快乐了吗,2025-04-24 22:04:20,1359356908,我还是会晚睡，唯独少了你的晚安,"['晚睡', '唯独', '晚安']",3,1,0.4079749584197998,中性,"[('，', 'OTHER', 6, 7)]",[],[],[],[],"[('晚睡', 5.97738375145), ('晚安', 5.6308101612)]","['晚睡', '晚安']",False,,0.0,0.0,0.0,0.0,0.0,0,"[('晚安', '中性', 0.0, '独少了你的晚安', [])]",中性,无,无,无,无,无,无,无,无,无
网易云音乐,我好想你 晚安,1,留恋心绪,2025-04-24 22:03:45,1359356908,我好想你 晚安,"['好想你', '晚安']",2,1,0.3987514674663543,中性,"[(' ', 'OTHER', 4, 5)]",[],[],[],[],"[('晚安', 11.2616203224)]",['晚安'],False,,0.0,0.0,0.0,0.0,0.0,0,"[('好想你', '中性', 0.0, '我好想你 晚安', []), ('晚安', '中性', 0.0, '我好想你 晚安', [])]",中性,无,无,无,无,无,无,无,无,无
网易云音乐,刚上班不久还没有发工资，突然感冒发烧了  现在身上一些钱都没有剩了  饿一天头更晕了觉得… 能不能有朋友支 瑗一下   我度过去这些天…,1,晚风揉碎月光l,2025-04-24 22:00:05,1359356908,刚上班不久还没有发工资，突然感冒发烧了 现在身上一些钱都没有剩了 饿一天头更晕了觉得 能不能有朋友支 瑗一下 我度过去这些天,"['上班', '不久', '发工资', '突然', '感冒', '发烧', '现在', '身上', '一些', '一天', '觉得', '不能', '朋友', '一下', '度过', '这些']",16,2,0.5166977643966675,正面,"[('，', 'OTHER', 11, 12), (' ', 'OTHER', 19, 20), ('现在', 'TIME', 20, 22), (' ', 'OTHER', 32, 33), (' ', 'OTHER', 42, 43), (' ', 'OTHER', 50, 51), (' ', 'OTHER', 54, 55)]",[],[],[],[],"[('发烧', 0.9609338026588888), ('感冒', 0.8604109629322223), ('度过', 0.8310061537966666), ('上班', 0.8219875117844445), ('没有', 0.6917385700333333), ('朋友', 0.6496787203155556), ('觉得', 0.5365455477622222), ('不能', 0.44335164827777773)]","['发烧', '感冒', '度过', '上班', '没有', '朋友', '觉得', '不能']",False,,0.0,0.0,0.0,0.0,0.0,0,"[('发工资', '中性', 0.0, '不久还没有发工资，突然感冒', []), ('朋友', '中性', 0.0, ' 能不能有朋友支 瑗一下', [])]",无,无,中性,无,无,无,无,无,无,无
网易云音乐,生着病发烧。身上一点钱都没有了。才开始工作，工资也还没有支出来 快两天都没吃什么了   一个人躺在出租屋里好无力  感觉自己快坚持不下去了  我能讨碗饭吃吗…,1,鲸鱼灰_c,2025-04-24 21:55:30,1359356908,生着病发烧。身上一点钱都没有了。才开始工作，工资也还没有支出来 快两天都没吃什么了 一个人躺在出租屋里好无力 感觉自己快坚持不下去了 我能讨碗饭吃吗,"['生着', '发烧', '身上', '一点', '开始', '工作', '工资', '支出', '两天', '出租', '屋里', '无力', '感觉', '坚持', '下去', '我能', '碗饭']",17,2,0.5691059231758118,正面,"[('。', 'OTHER', 5, 6), ('。', 'OTHER', 15, 16), ('，', 'OTHER', 21, 22), (' ', 'OTHER', 31, 32), (' ', 'OTHER', 41, 42), (' ', 'OTHER', 54, 55), ('下去', 'TIME', 63, 65), (' ', 'OTHER', 66, 67)]",[],[],[],[],"[('碗饭', 0.8229438301033333), ('发烧', 0.7207003519941666), ('出租', 0.6937273790691667), ('无力', 0.5979703341508333), ('支出', 0.564348475525), ('工资', 0.5322473670116666), ('没有', 0.5188039275249999), ('坚持', 0.4845479263591667), ('感觉', 0.47012319077583337), ('工作', 0.35022827852916666), ('开始', 0.32041892567)]","['碗饭', '发烧', '出租', '无力', '支出', '工资', '没有', '坚持', '感觉', '工作', '开始']",False,,0.0,0.0,0.0,0.0,0.0,0,"[('无力', '正面', 0.3333333333333333, '出租屋里好无力 感觉自己', [('好', 1.0)]), ('感觉', '正面', 0.3333333333333333, '里好无力 感觉自己快坚持', [('好', 1.0)]), ('碗饭', '中性', 0.0, '了 我能讨碗饭吃吗', [])]",无,无,无,无,无,正面,无,无,无,无
网易云音乐,晚安,1,Kz7丶,2025-04-24 21:54:17,1359356908,晚安,['晚安'],1,2,0.4150713980197906,正面,[],[],[],[],[],"[('晚安', 11.2616203224)]",['晚安'],False,,0.0,0.0,0.0,0.0,0.0,0,"[('晚安', '中性', 0.0, '晚安', [])]",中性,无,无,无,无,无,无,无,无,无
网易云音乐,但是更希望你平安~,1,Nik-China,2025-04-24 21:53:49,1359356908,但是更希望你平安,"['希望', '平安']",2,2,0.4717813432216644,正面,[],[],[],[],[],"[('希望', 5.20533827518)]",['希望'],False,,0.0,0.0,0.0,0.0,0.0,0,[],无,无,无,无,无,无,无,无,无,无
网易云音乐,醒来万物皆是沉寂，唯有你是世间的一抹旖旎，他人困于山中晨雾，我困于你。,1,谁又懂得遗憾,2025-04-24 21:37:37,1359356908,醒来万物皆是沉寂，唯有你是世间的一抹旖旎，他人困于山中晨雾，我困于你。,"['醒来', '万物', '沉寂', '唯有', '世间', '一抹', '旖旎', '他人', '困于', '山中', '晨雾', '困于']",12,1,0.4028117060661316,中性,"[('，', 'OTHER', 8, 9), ('，', 'OTHER', 20, 21), ('，', 'OTHER', 29, 30), ('。', 'OTHER', 34, 35)]",[],[],[],[],"[('困于', 3.4123720019333335), ('晨雾', 1.755563637), ('世间', 1.38247926428), ('万物', 1.2923913990516667), ('醒来', 1.2800145803133334)]","['困于', '晨雾', '世间', '万物', '醒来']",False,,0.0,0.0,0.0,0.0,0.0,0,"[('万物', '中性', 0.0, '醒来万物皆是沉寂，', []), ('世间', '中性', 0.0, '，唯有你是世间的一抹旖旎', []), ('晨雾', '中性', 0.0, '人困于山中晨雾，我困于你', [])]",无,无,无,无,无,无,无,无,无,无
网易云音乐,晚安 我爱你,1,capper的歌好好听,2025-04-24 21:36:28,1359356908,晚安 我爱你,"['晚安', '我爱你']",2,1,0.4281195104122162,中性,"[(' ', 'OTHER', 2, 3)]",[],[],[],[],"[('晚安', 11.2616203224)]",['晚安'],False,,0.0,0.0,0.0,0.0,0.0,0,"[('晚安', '中性', 0.0, '晚安 我爱你', []), ('我爱你', '中性', 0.0, '晚安 我爱你', [])]",中性,无,无,无,无,无,无,无,中性,无
网易云音乐,嘴上说着要翻篇   其实心里还是偷偷折了个角,1,小欣思绪如风,2025-04-24 21:36:22,1359356908,嘴上说着要翻篇 其实心里还是偷偷折了个角,"['嘴上', '翻篇', '心里', '偷偷']",4,2,0.4239949882030487,正面,"[(' ', 'OTHER', 7, 8)]",[],[],[],[],"[('个角', 11.9547675029)]",['个角'],False,,0.0,0.0,0.0,0.0,0.0,0,"[('个角', '中性', 0.0, '是偷偷折了个角', [])]",无,无,无,无,无,无,无,无,无,无
网易云音乐,"""后来 和你有点像的人 我都会多看上几眼”",1,小欣思绪如风,2025-04-24 21:36:02,1359356908,后来 和你有点像的人 我都会多看上几眼,"['后来', '有点像', '几眼']",3,2,0.5722350478172302,正面,"[('后来', 'TIME', 0, 2), (' ', 'OTHER', 2, 3), (' ', 'OTHER', 10, 11)]",[],[],[],[],"[('有点像', 8.9308643524)]",['有点像'],False,,0.0,0.0,0.0,0.0,0.0,0,[],无,无,无,无,无,无,无,无,无,无
网易云音乐,睡个好觉比爱重要,1,聆漫冬,2025-04-24 21:28:29,1359356908,睡个好觉比爱重要,"['睡个', '好觉', '比爱', '重要']",4,1,0.4346990287303924,中性,[],[],[],[],[],"[('觉比', 11.9547675029)]",['觉比'],False,,0.0,0.0,0.0,0.0,0.0,0,[],无,无,无,无,无,无,无,无,无,无
网易云音乐,晚安,1,咖啡加点苦07,2025-04-24 21:27:14,1359356908,晚安,['晚安'],1,2,0.4150713980197906,正面,[],[],[],[],[],"[('晚安', 11.2616203224)]",['晚安'],False,,0.0,0.0,0.0,0.0,0.0,0,"[('晚安', '中性', 0.0, '晚安', [])]",中性,无,无,无,无,无,无,无,无,无
网易云音乐,找个人98年4月27日的四川女孩子,1,摇滚Art,2025-04-24 21:25:36,1359356908,找个人年月日的四川女孩子,"['个人', '年月日', '四川', '女孩子']",4,2,0.4552047550678253,正面,"[('年月日', 'TIME', 3, 6), ('四川', 'LOCATION', 7, 9)]",[],['四川'],[],[],"[('女孩子', 2.5819398526533335), ('四川', 2.050164496573333), ('个人', 1.7927659779566667)]","['女孩子', '四川', '个人']",False,,0.0,0.0,0.0,0.0,0.0,0,"[('个人', '中性', 0.0, '找个人年月日的四', []), ('四川', '中性', 0.0, '人年月日的四川女孩子', []), ('女孩子', '中性', 0.0, '月日的四川女孩子', [])]",无,无,无,无,无,无,无,无,无,无
网易云音乐,😭,1,用户5084440546,2025-04-24 21:21:32,1359356908,,[],0,0,0.0,负面,[],[],[],[],[],[],[],False,,0.0,0.0,0.0,0.0,0.0,0,[],无,无,无,无,无,无,无,无,无,无
网易云音乐,"我要乖乖睡觉觉啦。
",1,忏悔有用吗,2025-04-24 21:18:50,1359356908,我要乖乖睡觉觉啦。,"['我要', '乖乖', '睡觉觉']",3,1,0.4275159239768982,中性,"[('。', 'OTHER', 8, 9)]",[],[],[],[],"[('睡觉觉', 11.9547675029)]",['睡觉觉'],False,,0.0,0.0,0.0,0.0,0.0,0,"[('睡觉觉', '中性', 0.0, '我要乖乖睡觉觉啦。', [])]",无,无,无,无,无,无,无,无,无,无
网易云音乐,生着病发烧。身上一点钱都没有了。才开始工作，工资也还没有支出来 快两天都没吃什么了   一个人躺在出租屋里好无力  感觉自己快坚持不下去了  我能讨碗饭吃吗…,1,西红柿_0lvQ,2025-04-24 21:12:17,1359356908,生着病发烧。身上一点钱都没有了。才开始工作，工资也还没有支出来 快两天都没吃什么了 一个人躺在出租屋里好无力 感觉自己快坚持不下去了 我能讨碗饭吃吗,"['生着', '发烧', '身上', '一点', '开始', '工作', '工资', '支出', '两天', '出租', '屋里', '无力', '感觉', '坚持', '下去', '我能', '碗饭']",17,2,0.5691059231758118,正面,"[('。', 'OTHER', 5, 6), ('。', 'OTHER', 15, 16), ('，', 'OTHER', 21, 22), (' ', 'OTHER', 31, 32), (' ', 'OTHER', 41, 42), (' ', 'OTHER', 54, 55), ('下去', 'TIME', 63, 65), (' ', 'OTHER', 66, 67)]",[],[],[],[],"[('碗饭', 0.8229438301033333), ('发烧', 0.7207003519941666), ('出租', 0.6937273790691667), ('无力', 0.5979703341508333), ('支出', 0.564348475525), ('工资', 0.5322473670116666), ('没有', 0.5188039275249999), ('坚持', 0.4845479263591667), ('感觉', 0.47012319077583337), ('工作', 0.35022827852916666), ('开始', 0.32041892567)]","['碗饭', '发烧', '出租', '无力', '支出', '工资', '没有', '坚持', '感觉', '工作', '开始']",False,,0.0,0.0,0.0,0.0,0.0,0,"[('无力', '正面', 0.3333333333333333, '出租屋里好无力 感觉自己', [('好', 1.0)]), ('感觉', '正面', 0.3333333333333333, '里好无力 感觉自己快坚持', [('好', 1.0)]), ('碗饭', '中性', 0.0, '了 我能讨碗饭吃吗', [])]",无,无,无,无,无,正面,无,无,无,无
网易云音乐,与家里人吵架出来了 身上一点钱都没有了。才开始工作，工资也还没有支出来 快两天都没吃什么了   一个人躺在出租屋里好无力  感觉自己快坚持不下去了  我能讨碗饭吃吗…,1,抹茶布丁Ii,2025-04-24 21:04:09,1359356908,与家里人吵架出来了 身上一点钱都没有了。才开始工作，工资也还没有支出来 快两天都没吃什么了 一个人躺在出租屋里好无力 感觉自己快坚持不下去了 我能讨碗饭吃吗,"['家里人', '吵架', '出来', '身上', '一点', '开始', '工作', '工资', '支出', '两天', '出租', '屋里', '无力', '感觉', '坚持', '下去', '我能', '碗饭']",18,2,0.5850853323936462,正面,"[(' ', 'OTHER', 9, 10), ('。', 'OTHER', 19, 20), ('，', 'OTHER', 25, 26), (' ', 'OTHER', 35, 36), (' ', 'OTHER', 45, 46), (' ', 'OTHER', 58, 59), ('下去', 'TIME', 67, 69), (' ', 'OTHER', 70, 71)]",[],[],[],[],"[('碗饭', 0.7596404585569231), ('吵架', 0.66288260948), ('出租', 0.6403637345253846), ('无力', 0.5519726161392308), ('支出', 0.5209370543307692), ('工资', 0.4913052618569231), ('没有', 0.47889593309999995), ('坚持', 0.4472750089469231), ('感觉', 0.43395986840846157), ('出来', 0.33609201952307693), ('工作', 0.3232876417192308), ('开始', 0.29577131600307693)]","['碗饭', '吵架', '出租', '无力', '支出', '工资', '没有', '坚持', '感觉', '出来', '工作', '开始']",False,,0.0,0.0,0.0,0.0,0.0,0,"[('家里人', '中性', 0.0, '与家里人吵架出来了', []), ('无力', '正面', 0.3333333333333333, '出租屋里好无力 感觉自己', [('好', 1.0)]), ('感觉', '正面', 0.3333333333333333, '里好无力 感觉自己快坚持', [('好', 1.0)]), ('碗饭', '中性', 0.0, '了 我能讨碗饭吃吗', [])]",无,无,无,无,无,正面,无,无,无,无
网易云音乐,太贪心要进黑名单的阿[大哭],1,真的是服了呢,2025-04-24 20:55:04,1359356908,太贪心要进黑名单的阿大哭,"['贪心', '要进', '黑名单', '大哭']",4,2,0.4180492460727691,正面,"[('黑名单', 'PERSON', 5, 8)]",['黑名单'],[],[],[],"[('贪心', 5.382591718), ('大哭', 4.072467719195)]","['贪心', '大哭']",False,,0.0,0.0,0.0,0.0,0.0,0,"[('黑名单', '中性', 0.0, '太贪心要进黑名单的阿大哭', [])]",无,无,无,无,无,无,无,无,无,无
网易云音乐,晚是全世界的晚 安是只给你的安,1,若我及时止损-,2025-04-24 20:44:48,1359356908,晚是全世界的晚 安是只给你的安,"['晚是', '全世界', '安是']",3,1,0.4243413507938385,中性,"[(' ', 'OTHER', 7, 8)]",[],[],[],[],"[('全世界', 6.80147590842)]",['全世界'],False,,0.0,0.0,0.0,0.0,0.0,0,"[('全世界', '中性', 0.0, '晚是全世界的晚 安是', [])]",无,无,无,无,无,无,无,无,无,无
网易云音乐,从泷泷那里转过来的这首也很好听哦[VIP],1,我不颠-,2025-04-24 20:41:11,1359356908,从泷泷那里转过来的这首也很好听哦VIP,"['那里', '转过', '这首', '好听', 'VIP']",5,2,0.5283491611480713,正面,[],[],[],[],[],"[('好听', 4.33478451756), ('转过', 3.601821702155)]","['好听', '转过']",False,,0.0,0.0,0.0,0.0,0.0,0,[],无,无,无,无,无,无,无,无,无,无
网易云音乐,嗨👋,1,瀑布悠然自得黑熊,2025-04-24 20:39:50,1359356908,嗨,[],0,2,0.3642547130584717,正面,[],[],[],[],[],[],[],False,,0.0,0.0,0.0,0.0,0.0,0,[],无,无,无,无,无,无,无,无,无,无
网易云音乐,赶紧听吧，以后要vip就老实了,1,听喵笨,2025-04-24 20:27:38,1359356908,赶紧听吧，以后要vip就老实了,"['赶紧', '以后', 'vip', '老实']",4,1,0.4079680442810058,中性,"[('，', 'OTHER', 4, 5)]",[],[],[],[],"[('老实', 7.66626692626)]",['老实'],False,,0.0,0.0,0.0,0.0,0.0,0,"[('老实', '中性', 0.0, '要vip就老实了', [])]",无,无,无,无,无,无,无,无,无,无
网易云音乐,晚安,1,恰亿小口,2025-04-24 20:11:14,1359356908,晚安,['晚安'],1,2,0.4150713980197906,正面,[],[],[],[],[],"[('晚安', 11.2616203224)]",['晚安'],False,,0.0,0.0,0.0,0.0,0.0,0,"[('晚安', '中性', 0.0, '晚安', [])]",中性,无,无,无,无,无,无,无,无,无
网易云音乐,你不在的日子里我真的好想你,1,我爱小泽lyz,2025-04-24 20:07:57,1359356908,你不在的日子里我真的好想你,"['日子', '真的', '好想你']",3,2,0.4162225723266601,正面,[],[],[],[],[],"[('日子', 5.92786686785)]",['日子'],False,,0.0,0.0,0.0,0.0,0.0,0,"[('日子', '正面', 0.3333333333333333, '你不在的日子里我真的好', [('好', 1.0)]), ('好想你', '中性', 0.0, '子里我真的好想你', [])]",无,无,无,无,无,无,无,无,无,无
网易云音乐,真的不可以吗,1,拜托微辣,2025-04-24 20:06:49,1359356908,真的不可以吗,['真的'],1,1,0.3876356780529022,中性,[],[],[],[],[],[],[],False,,0.0,0.0,0.0,0.0,0.0,0,[],无,无,无,无,无,无,无,无,无,无
网易云音乐,那一张张截图是我们回不去的永远.,1,痛诉軒泪,2025-04-24 20:06:17,1359356908,那一张张截图是我们回不去的永远,"['一张', '截图', '我们', '回不去', '永远']",5,2,0.3552766144275665,正面,[],[],[],[],[],"[('截图', 5.7513911896), ('回不去', 5.09355279265)]","['截图', '回不去']",False,,0.0,0.0,0.0,0.0,0.0,0,[],无,无,无,无,无,无,无,无,无,无
网易云音乐,那场不久的恋爱你谈了多久.,1,小妤语,2025-04-24 19:48:14,1359356908,那场不久的恋爱你谈了多久,"['那场', '不久', '恋爱', '多久']",4,2,0.4610995054244995,正面,[],[],[],[],[],"[('恋爱', 7.85567233794)]",['恋爱'],False,,0.0,0.0,0.0,0.0,0.0,0,[],无,无,无,无,无,无,无,无,无,无
网易云音乐,那就一起睡吧！（手动狗头）,1,ins图研所,2025-04-24 19:42:46,1359356908,那就一起睡吧！（手动狗头）,"['一起', '手动', '狗头']",3,2,0.4588752090930938,正面,"[('！', 'OTHER', 6, 7), ('（', 'OTHER', 7, 8), ('）', 'OTHER', 12, 13)]",[],[],[],[],"[('狗头', 5.06973876815), ('手动', 4.22267826831)]","['狗头', '手动']",False,,0.0,0.0,0.0,0.0,0.0,0,"[('手动', '中性', 0.0, '起睡吧！（手动狗头）', []), ('狗头', '中性', 0.0, '吧！（手动狗头）', [])]",无,无,无,无,无,无,无,无,无,无
网易云音乐,我也是！每次听歌的时候都会想到这首歌,1,期末不进前十不改网名略略,2025-04-24 19:40:47,1359356908,我也是！每次听歌的时候都会想到这首歌,"['每次', '听歌', '时候', '想到', '首歌']",5,2,0.5127211809158325,正面,"[('！', 'MUSIC', 3, 4)]",[],[],[],[],"[('听歌', 2.988691875725), ('首歌', 2.6806559554), ('想到', 1.4020322845), ('时候', 1.07218658336)]","['听歌', '首歌', '想到', '时候']",False,,0.0,0.0,0.0,0.0,0.0,0,"[('时候', '中性', 0.0, '每次听歌的时候都会想到这', []), ('首歌', '中性', 0.0, '都会想到这首歌', [])]",无,中性,无,无,无,无,无,中性,无,无
网易云音乐,妥协是我最后的无奈,1,再难掩饰悲痛,2025-04-24 19:40:46,1359356908,妥协是我最后的无奈,"['妥协', '最后', '无奈']",3,1,0.3568133115768432,中性,[],[],[],[],[],"[('妥协', 7.93967231235)]",['妥协'],False,,0.0,0.0,0.0,0.0,0.0,0,[],无,无,无,无,无,无,无,无,无,无
网易云音乐,晚安💤大家,1,yii_14,2025-04-24 19:40:30,1359356908,晚安大家,"['晚安', '大家']",2,1,0.4310711324214935,中性,[],[],[],[],[],"[('晚安', 5.6308101612), ('大家', 2.435749754535)]","['晚安', '大家']",False,,0.0,0.0,0.0,0.0,0.0,0,"[('晚安', '中性', 0.0, '晚安大家', []), ('大家', '中性', 0.0, '晚安大家', [])]",中性,无,无,无,无,无,无,无,无,无
网易云音乐,我也这样，但慢慢释怀吧，你值得更好的,1,孤生剑锋,2025-04-24 19:33:36,1359356908,我也这样，但慢慢释怀吧，你值得更好的,"['慢慢', '释怀', '值得', '更好']",4,1,0.4040003418922424,中性,"[('，', 'OTHER', 4, 5), ('释怀', 'PERSON', 8, 10), ('，', 'OTHER', 11, 12)]",['释怀'],[],[],[],"[('值得', 6.01760830067)]",['值得'],False,,0.0,0.0,0.0,0.0,0.0,0,"[('释怀', '中性', 0.0, '样，但慢慢释怀吧，你值得', [])]",无,无,无,无,无,无,无,无,无,无
网易云音乐,在这,1,讫尔,2025-04-24 19:31:47,1359356908,在这,[],0,2,0.4103144705295563,正面,[],[],[],[],[],[],[],False,,0.0,0.0,0.0,0.0,0.0,0,[],无,无,无,无,无,无,无,无,无,无
网易云音乐,有些人该忘记了 我一直在等待那个对的人出现,1,jay北辰,2025-04-24 19:29:55,1359356908,有些人该忘记了 我一直在等待那个对的人出现,"['有些', '人该', '忘记', '一直', '等待', '那个', '出现']",7,1,0.3833507895469665,中性,"[(' ', 'OTHER', 7, 8)]",[],[],[],[],"[('忘记', 2.28121355676), ('等待', 2.048303493956667), ('出现', 1.2809893311966667)]","['忘记', '等待', '出现']",False,,0.0,0.0,0.0,0.0,0.0,0,[],无,无,无,无,无,无,无,无,无,无
网易云音乐,因为得不到，所以有所期待,1,狂三最爱kuv,2025-04-24 19:26:27,1359356908,因为得不到，所以有所期待,"['因为', '得不到', '所以', '有所', '期待']",5,1,0.4074631929397583,中性,"[('，', 'OTHER', 5, 6)]",[],[],[],[],"[('得不到', 2.5986281398533335), ('期待', 2.236416107313333), ('有所', 1.7978449321366667)]","['得不到', '期待', '有所']",False,,0.0,0.0,0.0,0.0,0.0,0,"[('有所', '中性', 0.0, '不到，所以有所期待', [])]",无,无,无,无,无,无,无,无,无,无
网易云音乐,我来了2025嘟[爱心][鬼脸],1,一起听歌的蔓,2025-04-24 19:18:59,1359356908,我来了嘟爱心鬼脸,"['我来', '爱心', '鬼脸']",3,1,0.412711501121521,中性,[],[],[],[],[],"[('鬼脸', 4.8405849734), ('爱心', 4.262699622145)]","['鬼脸', '爱心']",False,,0.0,0.0,0.0,0.0,0.0,0,"[('爱心', '中性', 0.0, '我来了嘟爱心鬼脸', []), ('鬼脸', '中性', 0.0, '来了嘟爱心鬼脸', [])]",无,无,无,无,无,无,无,无,无,中性
网易云音乐,不是双向奔赴的爱意毫无意义,1,帅气哥xny,2025-04-24 19:13:23,1359356908,不是双向奔赴的爱意毫无意义,"['不是', '双向', '奔赴', '爱意', '毫无意义']",5,2,0.430657148361206,正面,[],[],[],[],[],"[('爱意', 3.6891547693), ('奔赴', 3.0697765899166662), ('双向', 2.837201974053333)]","['爱意', '奔赴', '双向']",False,,0.0,0.0,0.0,0.0,0.0,0,"[('双向', '中性', 0.0, '不是双向奔赴的爱意', []), ('爱意', '中性', 0.0, '双向奔赴的爱意毫无意义', []), ('毫无意义', '中性', 0.0, '奔赴的爱意毫无意义', [])]",无,无,无,无,无,无,无,无,无,无
网易云音乐,可以可以的,1,浮尘豆绿作家,2025-04-24 19:11:31,1359356908,可以可以的,[],0,2,0.4538081288337707,正面,[],[],[],[],[],[],[],False,,0.0,0.0,0.0,0.0,0.0,0,[],无,无,无,无,无,无,无,无,无,无
网易云音乐,不要做那种被丢下过一次就不敢再爱的人了[多多难过],1,你滴土豆,2025-04-24 19:09:51,1359356908,不要做那种被丢下过一次就不敢再爱的人了多多难过,"['不要', '那种', '丢下', '一次', '不敢', '多多', '难过']",7,2,0.3945053219795227,正面,[],[],[],[],[],"[('丢下', 4.15112784649), ('难过', 3.76112573416)]","['丢下', '难过']",False,,0.0,0.0,0.0,0.0,0.0,0,[],无,无,无,无,无,无,无,无,无,无
网易云音乐,你漂亮的眼睛，要流幸福的眼泪,1,季妘,2025-04-24 19:01:55,1359356908,你漂亮的眼睛，要流幸福的眼泪,"['漂亮', '眼睛', '要流', '幸福', '眼泪']",5,2,0.4697653353214264,正面,"[('，', 'OTHER', 6, 7)]",[],[],[],[],"[('眼泪', 3.24154862478), ('眼睛', 2.56683001533)]","['眼泪', '眼睛']",False,,0.0,0.0,0.0,0.0,0.0,0,"[('眼睛', '中性', 0.0, '你漂亮的眼睛，要流幸福', []), ('眼泪', '中性', 0.0, '要流幸福的眼泪', [])]",无,无,无,无,无,无,无,无,无,无
网易云音乐,总让你不开心 但也总在夜深人静时 下定决心要和你走最远的路,1,妳也听郑润泽吗_,2025-04-24 19:01:40,1359356908,总让你不开心 但也总在夜深人静时 下定决心要和你走最远的路,"['总让', '开心', '夜深人静', '下定决心', '最远']",5,2,0.4897263050079345,正面,"[(' ', 'OTHER', 6, 7), (' ', 'OTHER', 16, 17)]",[],[],[],[],"[('开心', 8.13235665618)]",['开心'],False,,0.0,0.0,0.0,0.0,0.0,0,"[('下定决心', '中性', 0.0, '深人静时 下定决心要和你走最', [])]",无,无,无,无,无,无,无,无,无,无
网易云音乐,最近过的好不好 不好的话我们和好,1,X-竹柳,2025-04-24 19:00:37,1359356908,最近过的好不好 不好的话我们和好,"['最近', '好不好', '不好', '的话', '我们']",5,2,0.5138856172561646,正面,"[(' ', 'OTHER', 7, 8)]",[],[],[],[],[],[],False,,0.0,0.0,0.0,0.0,0.0,0,"[('好不好', '中性', 0.0, '最近过的好不好 不好的话', [])]",无,无,无,无,无,无,无,无,无,无
网易云音乐,这里[亲亲],1,L-xxx08,2025-04-24 18:57:05,1359356908,这里亲亲,"['这里', '亲亲']",2,2,0.3785017132759094,正面,[],[],[],[],[],"[('亲亲', 10.2117981979)]",['亲亲'],False,,0.0,0.0,0.0,0.0,0.0,0,"[('亲亲', '中性', 0.0, '这里亲亲', [])]",无,无,无,无,无,无,无,无,无,无
网易云音乐,我们唯一需要担心的就是担心本身,1,夜色萌珑,2025-04-24 18:47:42,1359356908,我们唯一需要担心的就是担心本身,"['我们', '唯一', '需要', '担心', '担心', '本身']",6,1,0.4485384821891784,中性,[],[],[],[],[],"[('担心', 3.7670532662666667), ('需要', 1.4481602144999999)]","['担心', '需要']",False,,0.0,0.0,0.0,0.0,0.0,0,[],无,无,无,无,无,无,无,无,无,无
网易云音乐,会想起你 但不会想和你有任何关系了,1,安兹莉亚,2025-04-24 18:43:27,1359356908,会想起你 但不会想和你有任何关系了,"['想起', '不会', '任何', '关系']",4,2,0.5222004652023315,正面,"[(' ', 'OTHER', 4, 5)]",[],[],[],[],"[('想起', 2.00851945698), ('关系', 1.5785146242800001), ('不会', 1.4705737265199998)]","['想起', '关系', '不会']",False,,0.0,0.0,0.0,0.0,0.0,0,"[('关系', '中性', 0.0, '和你有任何关系了', [])]",无,无,无,无,无,无,无,无,无,无
网易云音乐,好像所有的新鲜感都不过半年,1,飞火连城刘畅,2025-04-24 18:41:08,1359356908,好像所有的新鲜感都不过半年,"['好像', '所有', '新鲜感', '不过', '半年']",5,2,0.4668651521205902,正面,[],[],[],[],[],"[('新鲜感', 5.2174708746), ('好像', 2.808465452435)]","['新鲜感', '好像']",False,,0.0,0.0,0.0,0.0,0.0,0,"[('新鲜感', '中性', 0.0, '好像所有的新鲜感都不过半年', [])]",无,无,无,无,无,无,无,无,无,无
网易云音乐,我很喜欢枫叶，但枫叶红时，总多离别。,1,这里在下大雪,2025-04-24 18:39:05,1359356908,我很喜欢枫叶，但枫叶红时，总多离别。,"['喜欢', '枫叶', '枫叶', '红时', '总多', '离别']",6,1,0.3694180250167846,中性,"[('，', 'OTHER', 6, 7), ('，', 'OTHER', 12, 13), ('。', 'OTHER', 17, 18)]",[],[],[],[],"[('枫叶', 5.34090091355), ('离别', 2.280388539715), ('喜欢', 1.425647100755)]","['枫叶', '离别', '喜欢']",False,,0.0,0.0,0.0,0.0,0.0,0,"[('枫叶', '正面', 0.3333333333333333, '我很喜欢枫叶，但枫叶红', [('喜欢', 1.0)]), ('枫叶', '正面', 0.3333333333333333, '我很喜欢枫叶，但枫叶红', [('喜欢', 1.0)])]",无,无,无,无,无,无,无,无,无,无
网易云音乐,"以前特讨厌烟味 可烟是我发泄情绪的唯一
",1,X-竹柳,2025-04-24 18:37:42,1359356908,以前特讨厌烟味 可烟是我发泄情绪的唯一,"['以前', '讨厌', '烟味', '可烟', '发泄', '情绪', '唯一']",7,2,0.5549216270446777,正面,"[(' ', 'OTHER', 7, 8)]",[],[],[],[],"[('可烟', 2.39095350058), ('烟味', 2.0933380895), ('发泄', 1.712627914454), ('讨厌', 1.636073175074), ('情绪', 1.211365802764)]","['可烟', '烟味', '发泄', '讨厌', '情绪']",False,,0.0,0.0,0.0,0.0,0.0,0,"[('烟味', '中性', 0.0, '以前特讨厌烟味 可烟是我', []), ('情绪', '中性', 0.0, '烟是我发泄情绪的唯一', [])]",无,无,无,无,无,无,无,无,无,无
网易云音乐,现在只记得你曾经的好,1,乾天道祖,2025-04-24 18:32:08,1359356908,现在只记得你曾经的好,"['现在', '记得', '曾经']",3,2,0.4404462873935699,正面,"[('现在', 'TIME', 0, 2)]",[],[],[],[],"[('记得', 6.41014824992)]",['记得'],False,,0.0,0.0,0.0,0.0,0.0,0,[],无,无,无,无,无,无,无,无,无,无
网易云音乐,释怀吧 我的男孩 你会遇到更好的,1,汪晓迪wxd,2025-04-24 18:28:58,1359356908,释怀吧 我的男孩 你会遇到更好的,"['释怀', '男孩', '遇到', '更好']",4,2,0.4302103221416473,正面,"[('释怀', 'PERSON', 0, 2), (' ', 'OTHER', 3, 4), (' ', 'OTHER', 8, 9)]",['释怀'],[],[],[],"[('男孩', 4.134732935075), ('遇到', 3.085251428365)]","['男孩', '遇到']",False,,0.0,0.0,0.0,0.0,0.0,0,"[('释怀', '中性', 0.0, '释怀吧 我的男', []), ('男孩', '中性', 0.0, '怀吧 我的男孩 你会遇到', [])]",无,无,无,无,无,无,无,无,无,无
网易云音乐,可惜奶茶不会一直好喝 朋友也不会一直在一起,1,木易jtx,2025-04-24 18:24:03,1359356908,可惜奶茶不会一直好喝 朋友也不会一直在一起,"['可惜', '奶茶', '不会', '一直', '好喝', '朋友', '不会', '一直', '一起']",9,2,0.5201451182365417,正面,"[(' ', 'OTHER', 10, 11)]",[],[],[],[],"[('好喝', 1.7242215984166667), ('奶茶', 1.7105152487), ('不会', 1.4705737265199998), ('可惜', 1.1274983841583335), ('朋友', 0.9745180804733334)]","['好喝', '奶茶', '不会', '可惜', '朋友']",False,,0.0,0.0,0.0,0.0,0.0,0,"[('奶茶', '正面', 0.3333333333333333, '可惜奶茶不会一直好', [('好', 1.0)]), ('朋友', '中性', 0.0, '一直好喝 朋友也不会一直', [])]",无,无,中性,无,无,无,无,无,无,无
网易云音乐,动态自取,1,Umsoeng,2025-04-24 18:19:52,1359356908,动态自取,"['动态', '自取']",2,2,0.3779070377349853,正面,[],[],[],[],[],"[('自取', 5.10589909895), ('动态', 3.35500080882)]","['自取', '动态']",False,,0.0,0.0,0.0,0.0,0.0,0,"[('动态', '中性', 0.0, '动态自取', [])]",无,无,无,无,无,无,无,无,无,无
网易云音乐,生日快乐,1,Mo蜡笔小7_,2025-04-24 18:18:12,1359356908,生日快乐,['生日快乐'],1,2,0.4327114522457123,正面,[],[],[],[],[],[],[],False,,0.0,0.0,0.0,0.0,0.0,0,"[('生日快乐', '中性', 0.0, '生日快乐', [])]",无,无,无,无,无,无,无,无,无,无
网易云音乐,想你的夜,1,Mo蜡笔小7_,2025-04-24 18:17:58,1359356908,想你的夜,[],0,2,0.4372889399528503,正面,[],[],[],[],[],[],[],False,,0.0,0.0,0.0,0.0,0.0,0,[],无,无,无,无,无,无,无,无,无,无
网易云音乐,我需要你,1,Mo蜡笔小7_,2025-04-24 18:17:34,1359356908,我需要你,['需要'],1,2,0.4606409966945648,正面,[],[],[],[],[],"[('需要', 4.3444806435)]",['需要'],False,,0.0,0.0,0.0,0.0,0.0,0,[],无,无,无,无,无,无,无,无,无,无
网易云音乐,好听,1,小顺醒醒,2025-04-24 18:14:12,1359356908,好听,['好听'],1,1,0.4081085324287414,中性,[],[],[],[],[],"[('好听', 8.66956903512)]",['好听'],False,,0.0,0.0,0.0,0.0,0.0,0,[],无,无,无,无,无,无,无,无,无,无
网易云音乐,踹踹~,1,苓宝owo,2025-04-24 18:10:11,1359356908,踹踹,[],0,2,0.439981073141098,正面,[],[],[],[],[],[],[],False,,0.0,0.0,0.0,0.0,0.0,0,[],无,无,无,无,无,无,无,无,无,无
网易云音乐,最近有点累，想睡很久的觉,1,w斩破情绪束缚,2025-04-24 18:00:29,1359356908,最近有点累，想睡很久的觉,"['最近', '有点累']",2,2,0.4591564238071441,正面,"[('，', 'OTHER', 5, 6)]",[],[],[],[],"[('有点累', 11.5027823792)]",['有点累'],False,,0.0,0.0,0.0,0.0,0.0,0,[],无,无,无,无,无,无,无,无,无,无
网易云音乐,hzl我想你了,1,文青_MFKX,2025-04-24 17:55:09,1359356908,hzl我想你了,['hzl'],1,1,0.4047380983829498,中性,[],[],[],[],[],[],[],False,,0.0,0.0,0.0,0.0,0.0,0,[],无,无,无,无,无,无,无,无,无,无
网易云音乐,我也在努力让自己不回头了[多多难过],1,兰枫希彦,2025-04-24 17:47:36,1359356908,我也在努力让自己不回头了多多难过,"['努力', '回头', '多多', '难过']",4,2,0.3851196765899658,正面,[],[],[],[],[],"[('难过', 3.76112573416), ('回头', 3.17553424341)]","['难过', '回头']",False,,0.0,0.0,0.0,0.0,0.0,0,[],无,无,无,无,无,无,无,无,无,无
网易云音乐,乀′乀🚪ttft,1,尼古丁的救赎_Rodd,2025-04-24 17:47:25,1359356908,乀乀ttft,['ttft'],1,2,0.4546174108982086,正面,"[('乀', 'OTHER', 0, 1)]",[],[],[],[],[],[],False,,0.0,0.0,0.0,0.0,0.0,0,[],无,无,无,无,无,无,无,无,无,无
网易云音乐,乀′乀🚪ttft,1,尼古丁的救赎_Rodd,2025-04-24 17:47:20,1359356908,乀乀ttft,['ttft'],1,2,0.4546174108982086,正面,"[('乀', 'OTHER', 0, 1)]",[],[],[],[],[],[],False,,0.0,0.0,0.0,0.0,0.0,0,[],无,无,无,无,无,无,无,无,无,无
网易云音乐,抱抱你啊，希望你可以好好生活下去,1,希昂布楚莱-冥子,2025-04-24 17:41:16,1359356908,抱抱你啊，希望你可以好好生活下去,"['抱抱', '希望', '好好', '生活', '下去']",5,2,0.4645616412162781,正面,"[('，', 'OTHER', 4, 5), ('下去', 'TIME', 14, 16)]",[],[],[],[],"[('抱抱', 3.387669344566667), ('希望', 1.7351127583933332), ('生活', 1.5446208110233333)]","['抱抱', '希望', '生活']",False,,0.0,0.0,0.0,0.0,0.0,0,[],无,无,无,无,无,无,无,无,无,无
网易云音乐,你为我种下一棵许愿树 我们一起守护,1,叽咕_biubiubiu,2025-04-24 17:37:31,1359356908,你为我种下一棵许愿树 我们一起守护,"['我种', '一棵', '许愿树', '我们', '一起', '守护']",6,2,0.4057063162326813,正面,"[('许愿树', 'PERSON', 7, 10), (' ', 'OTHER', 10, 11)]",['许愿树'],[],[],[],"[('守护', 8.70218062071)]",['守护'],False,,0.0,0.0,0.0,0.0,0.0,0,"[('许愿树', '中性', 0.0, '我种下一棵许愿树 我们一起', [])]",无,无,无,无,无,无,无,无,无,无
网易云音乐,接了,1,银耳_VNHn,2025-04-24 17:22:44,1359356908,接了,[],0,2,0.4022000730037689,正面,[],[],[],[],[],[],[],False,,0.0,0.0,0.0,0.0,0.0,0,[],无,无,无,无,无,无,无,无,无,无
网易云音乐,"这次是真的再见了
虽然有些舍不得
[可爱]",1,-陪我听Jay_-,2025-04-24 17:10:37,1359356908,这次是真的再见了 虽然有些舍不得 可爱,"['这次', '真的', '再见', '虽然', '有些', '舍不得', '可爱']",7,2,0.4196036159992218,正面,"[(' ', 'OTHER', 8, 9), (' ', 'OTHER', 16, 17)]",[],[],[],[],"[('再见', 2.7674185643266664), ('舍不得', 2.6289874986433333), ('可爱', 2.5394703016933335)]","['再见', '舍不得', '可爱']",False,,0.0,0.0,0.0,0.0,0.0,0,[],无,无,无,无,无,无,无,无,无,无
网易云音乐,不要想太多啦，可能他根本就不爱你,1,叫姐姐斤斤计较斤斤计较斤,2025-04-24 17:10:13,1359356908,不要想太多啦，可能他根本就不爱你,"['不要', '想太多', '可能', '根本']",4,2,0.3911290764808655,正面,"[('，', 'OTHER', 6, 7)]",[],[],[],[],"[('可能', 3.74802798573)]",['可能'],False,,0.0,0.0,0.0,0.0,0.0,0,[],无,无,无,无,无,无,无,无,无,无
网易云音乐,我以前班主任说我是好好人格，哈哈,1,筱月魈,2025-04-24 17:09:47,1359356908,我以前班主任说我是好好人格，哈哈,"['以前', '班主任', '好好', '人格', '哈哈']",5,2,0.5185181498527527,正面,"[('，', 'OTHER', 13, 14)]",[],[],[],[],"[('班主任', 4.71738476666), ('人格', 4.141953277155)]","['班主任', '人格']",False,,0.0,0.0,0.0,0.0,0.0,0,"[('班主任', '中性', 0.0, '我以前班主任说我是好好', []), ('人格', '中性', 0.0, '说我是好好人格，哈哈', [])]",无,无,无,无,无,无,无,无,无,无
网易云音乐,"你又牵了谁的手和谁说了会永久.

你若珍惜我这条路多累我都陪你走.

我想成为一个很好的人但是好累.",1,失忆-小洁,2025-04-24 17:01:29,1359356908,你又牵了谁的手和谁说了会永久 你若珍惜我这条路多累我都陪你走 我想成为一个很好的人但是好累,"['永久', '珍惜', '条路', '多累', '陪你走', '成为']",6,2,0.4557001292705536,正面,"[(' ', 'OTHER', 14, 15), (' ', 'OTHER', 30, 31)]",[],[],[],[],"[('条路', 5.97738375145), ('成为', 1.93431049932)]","['条路', '成为']",False,,0.0,0.0,0.0,0.0,0.0,0,"[('条路', '中性', 0.0, '若珍惜我这条路多累我都陪', []), ('陪你走', '中性', 0.0, '路多累我都陪你走 我想成为', [])]",无,无,无,无,无,无,无,无,无,无
网易云音乐,那就祝我们以后都能成为自己想成为的人吧！[多多大笑],1,张昭_月影星魂,2025-04-24 16:46:24,1359356908,那就祝我们以后都能成为自己想成为的人吧！多多大笑,"['我们', '以后', '成为', '成为', '多多', '大笑']",6,1,0.4131876230239868,中性,"[('！', 'OTHER', 19, 20)]",[],[],[],[],"[('成为', 2.57908066576), ('大笑', 2.45903844861)]","['成为', '大笑']",False,,0.0,0.0,0.0,0.0,0.0,0,[],无,无,无,无,无,无,无,无,无,无
网易云音乐,若你真心想我 我也定不负你,1,丶转身泪倾城vid,2025-04-24 16:42:07,1359356908,若你真心想我 我也定不负你,"['心想', '不负']",2,1,0.4152789711952209,中性,"[(' ', 'OTHER', 6, 7)]",[],[],[],[],"[('不负', 4.35664592307), ('心想', 3.49099121648)]","['不负', '心想']",False,,0.0,0.0,0.0,0.0,0.0,0,"[('心想', '中性', 0.0, '若你真心想我 我也定', [])]",无,无,无,无,无,无,无,无,无,无
网易云音乐,这里,1,Dandelion-T2,2025-04-24 16:33:13,1359356908,这里,['这里'],1,2,0.4118743240833282,正面,[],[],[],[],[],[],[],False,,0.0,0.0,0.0,0.0,0.0,0,[],无,无,无,无,无,无,无,无,无,无
网易云音乐,晚安,1,-Nnnhh-,2025-04-24 16:27:04,1359356908,晚安,['晚安'],1,2,0.4150713980197906,正面,[],[],[],[],[],"[('晚安', 11.2616203224)]",['晚安'],False,,0.0,0.0,0.0,0.0,0.0,0,"[('晚安', '中性', 0.0, '晚安', [])]",中性,无,无,无,无,无,无,无,无,无
网易云音乐,泪失禁体质是遗传的[流泪],1,平凡人ops,2025-04-24 16:12:00,1359356908,泪失禁体质是遗传的流泪,"['失禁', '体质', '遗传', '流泪']",4,2,0.5437338352203369,正面,[],[],[],[],[],"[('失禁', 2.586332397625), ('流泪', 2.005036166395), ('体质', 2.0036434051325), ('遗传', 1.8940796723975)]","['失禁', '流泪', '体质', '遗传']",False,,0.0,0.0,0.0,0.0,0.0,0,"[('体质', '中性', 0.0, '泪失禁体质是遗传的流', []), ('流泪', '中性', 0.0, '质是遗传的流泪', [])]",无,无,无,无,无,无,中性,无,无,无
网易云音乐,可是真的有人可以忍住自己的情感吗？,1,凯旋凯旋凯旋呐i,2025-04-24 16:10:46,1359356908,可是真的有人可以忍住自己的情感吗？,"['真的', '有人', '忍住', '情感']",4,2,0.3602435290813446,正面,"[('？', 'OTHER', 16, 17)]",[],[],[],[],"[('忍住', 4.25125747523), ('情感', 3.725103614915)]","['忍住', '情感']",False,,0.0,0.0,0.0,0.0,0.0,0,"[('情感', '中性', 0.0, '忍住自己的情感吗？', [])]",无,无,无,无,无,无,无,无,无,无
网易云音乐,这边,1,VittOri0,2025-04-24 16:03:00,1359356908,这边,['这边'],1,2,0.4116973578929901,正面,[],[],[],[],[],[],[],False,,0.0,0.0,0.0,0.0,0.0,0,[],无,无,无,无,无,无,无,无,无,无
网易云音乐,放下吧！好好生活[多多可怜],1,谁是朕的菜,2025-04-24 16:01:44,1359356908,放下吧！好好生活多多可怜,"['放下', '好好', '生活', '多多', '可怜']",5,2,0.3809742629528045,正面,"[('！', 'OTHER', 3, 4)]",[],[],[],[],"[('可怜', 2.3010272229966664), ('放下', 2.2030071475999997), ('生活', 1.5446208110233333)]","['可怜', '放下', '生活']",False,,0.0,0.0,0.0,0.0,0.0,0,[],无,无,无,无,无,无,无,无,无,无
网易云音乐,曾经多少个牵肠拉扯不舍夜晚 到现在热情褪成陌路的感叹,1,Jay-kitty,2025-04-24 15:52:30,1359356908,曾经多少个牵肠拉扯不舍夜晚 到现在热情褪成陌路的感叹,"['曾经', '牵肠', '拉扯', '不舍', '夜晚', '现在', '热情', '褪成', '陌路', '感叹']",10,2,0.4185464680194855,正面,"[('夜晚', 'TIME', 11, 13), (' ', 'OTHER', 13, 14), ('现在', 'TIME', 15, 17)]",[],[],[],[],"[('褪成', 2.7801355304), ('陌路', 2.25232406448), ('拉扯', 1.749477211496), ('感叹', 1.53721391071), ('热情', 1.3140544880260001)]","['褪成', '陌路', '拉扯', '感叹', '热情']",False,,0.0,0.0,0.0,0.0,0.0,0,"[('热情', '正面', 0.3333333333333333, '晚 到现在热情褪成陌路的', [('热情', 1.0)]), ('陌路', '正面', 0.3333333333333333, '在热情褪成陌路的感叹', [('热情', 1.0)])]",无,无,无,无,无,无,无,无,无,无
网易云音乐,可是她连我的名字都不知道呀[心碎],1,爱可冷冷,2025-04-24 15:46:41,1359356908,可是她连我的名字都不知道呀心碎,"['名字', '知道', '心碎']",3,2,0.4839647710323334,正面,[],[],[],[],[],"[('心碎', 3.336285784633333), ('名字', 2.059628625053333), ('知道', 1.3247028466666666)]","['心碎', '名字', '知道']",False,,0.0,0.0,0.0,0.0,0.0,0,"[('名字', '中性', 0.0, '是她连我的名字都不知道呀', [])]",无,无,无,无,无,无,无,无,无,无
网易云音乐,同感！我第一次听到这首歌的时候也是这种感觉[多多捂脸],1,biliGayGay大绯闻,2025-04-24 15:42:02,1359356908,同感！我第一次听到这首歌的时候也是这种感觉多多捂脸,"['同感', '第一次', '听到', '首歌', '时候', '这种', '感觉', '多多', '捂脸']",9,2,0.4478884637355804,正面,"[('！', 'MUSIC', 2, 3)]",[],[],[],[],"[('首歌', 2.14452476432), ('同感', 2.0579519478600004), ('听到', 1.147860525756), ('感觉', 1.128295657862), ('时候', 0.857749266688)]","['首歌', '同感', '听到', '感觉', '时候']",False,,0.0,0.0,0.0,0.0,0.0,0,"[('同感', '中性', 0.0, '同感！我第一次', []), ('首歌', '中性', 0.0, '一次听到这首歌的时候也是', []), ('时候', '中性', 0.0, '到这首歌的时候也是这种感', []), ('感觉', '中性', 0.0, '候也是这种感觉多多捂脸', [])]",无,中性,无,无,无,中性,无,中性,无,无
网易云音乐,也许总有一天你也会明白我对你的好。,1,惗毅幂,2025-04-24 15:37:07,1359356908,也许总有一天你也会明白我对你的好。,"['也许', '总有一天', '明白']",3,1,0.3706556260585785,中性,"[('明白', 'PERSON', 9, 11), ('。', 'OTHER', 16, 17)]",['明白'],[],[],[],[],[],False,,0.0,0.0,0.0,0.0,0.0,0,"[('总有一天', '中性', 0.0, '也许总有一天你也会明白', []), ('明白', '正面', 0.3333333333333333, '一天你也会明白我对你的好', [('好', 1.0)])]",无,无,无,无,无,无,无,无,无,无
网易云音乐,你说的对 但我不甘心,1,蚂蚁gqi,2025-04-24 15:30:17,1359356908,你说的对 但我不甘心,['甘心'],1,2,0.4037103950977325,正面,"[(' ', 'OTHER', 4, 5)]",[],[],[],[],"[('甘心', 8.15128466607)]",['甘心'],False,,0.0,0.0,0.0,0.0,0.0,0,"[('甘心', '中性', 0.0, '对 但我不甘心', [])]",无,无,无,无,无,无,无,无,无,无
网易云音乐,加油哦，我也要中考了[大笑],1,一只小沐白i,2025-04-24 15:29:14,1359356908,加油哦，我也要中考了大笑,"['加油', '中考', '大笑']",3,1,0.4110733568668365,中性,"[('，', 'OTHER', 3, 4), ('中考', 'LOCATION', 7, 9)]",[],['中考'],[],[],"[('中考', 3.574207940533333), ('加油', 2.9356424837233335), ('大笑', 2.45903844861)]","['中考', '加油', '大笑']",False,,0.0,0.0,0.0,0.0,0.0,0,"[('中考', '中性', 0.0, '哦，我也要中考了大笑', [])]",无,无,无,无,无,无,无,无,无,无
网易云音乐,我们年级第一是个恋爱脑,1,长留此生clj,2025-04-24 15:20:14,1359356908,我们年级第一是个恋爱脑,"['我们', '年级', '第一', '恋爱']",4,2,0.5358396768569946,正面,[],[],[],[],[],"[('恋爱', 7.85567233794)]",['恋爱'],False,,0.0,0.0,0.0,0.0,0.0,0,[],无,无,无,无,无,无,无,无,无,无
网易云音乐,既然有缘为何不珍惜？既无缘又何必强求？,1,丐帮帮主肥宅月月,2025-04-24 15:11:53,1359356908,既然有缘为何不珍惜？既无缘又何必强求？,"['既然', '有缘', '为何', '珍惜', '无缘', '何必', '强求']",7,1,0.3691489398479461,中性,"[('？', 'OTHER', 9, 10), ('？', 'OTHER', 18, 19)]",[],[],[],[],"[('强求', 3.3721626727), ('有缘', 3.1226927196066665), ('无缘', 2.9769547841333335)]","['强求', '有缘', '无缘']",False,,0.0,0.0,0.0,0.0,0.0,0,"[('有缘', '中性', 0.0, '既然有缘为何不珍惜', []), ('无缘', '中性', 0.0, '不珍惜？既无缘又何必强求', [])]",无,无,无,无,无,无,无,无,无,无
网易云音乐,但是你不让我淋雨的话 我会感动的,1,皮皮的音乐笔记,2025-04-24 15:08:58,1359356908,但是你不让我淋雨的话 我会感动的,"['不让', '淋雨', '的话', '我会', '感动']",5,2,0.47653728723526,正面,"[(' ', 'OTHER', 10, 11)]",[],[],[],[],"[('淋雨', 2.85394275055), ('我会', 1.83526560362), ('感动', 1.7742930985925), ('不让', 1.6318258355175)]","['淋雨', '我会', '感动', '不让']",False,,0.0,0.0,0.0,0.0,0.0,0,"[('淋雨', '中性', 0.0, '是你不让我淋雨的话 我会', []), ('我会', '正面', 0.3333333333333333, '淋雨的话 我会感动的', [('感动', 1.0)])]",无,无,无,无,正面,无,无,无,无,无
网易云音乐,我好像在听他给我发的语音！好幸福啊[流泪],1,薄荷音王子o,2025-04-24 14:57:38,1359356908,我好像在听他给我发的语音！好幸福啊流泪,"['好像', '给我发', '语音', '幸福', '流泪']",5,2,0.5240723490715027,正面,"[('！', 'OTHER', 12, 13)]",[],[],[],[],"[('给我发', 2.766866076975), ('语音', 2.1134850700775), ('流泪', 2.005036166395), ('好像', 1.4042327262175)]","['给我发', '语音', '流泪', '好像']",False,,0.0,0.0,0.0,0.0,0.0,0,"[('给我发', '正面', 0.3333333333333333, '好像在听他给我发的语音！好', [('好', 1.0)]), ('语音', '正面', 0.3333333333333333, '他给我发的语音！好幸福啊', [('好', 1.0)]), ('流泪', '正面', 0.3333333333333333, '！好幸福啊流泪', [('好', 1.0)])]",无,无,无,无,无,无,正面,无,无,无
网易云音乐,可是我真的好想他啊[多多大哭],1,乾天道祖,2025-04-24 14:42:47,1359356908,可是我真的好想他啊多多大哭,"['真的', '多多', '大哭']",3,2,0.4780432879924774,正面,[],[],[],[],[],"[('大哭', 8.14493543839)]",['大哭'],False,,0.0,0.0,0.0,0.0,0.0,0,[],无,无,无,无,无,无,无,无,无,无
网易云音乐,你居然在20年后说时代眼泪[多多大哭],1,小狼狗M,2025-04-24 14:32:23,1359356908,你居然在年后说时代眼泪多多大哭,"['居然', '时代', '眼泪', '多多', '大哭']",5,2,0.4034922122955322,正面,[],[],[],[],[],"[('大哭', 2.7149784794633334), ('眼泪', 2.16103241652), ('时代', 1.8354434301866667)]","['大哭', '眼泪', '时代']",False,,0.0,0.0,0.0,0.0,0.0,0,"[('时代', '中性', 0.0, '然在年后说时代眼泪多多大', []), ('眼泪', '中性', 0.0, '年后说时代眼泪多多大哭', [])]",无,无,无,无,无,无,无,无,无,无
网易云音乐,我听过最美的情话是“你放心去飞 我负责追”,1,Ghoostskill,2025-04-24 14:31:20,1359356908,我听过最美的情话是你放心去飞 我负责追,"['最美', '情话', '放心', '负责']",4,2,0.4296069145202636,正面,"[(' ', 'OTHER', 14, 15)]",[],[],[],[],"[('情话', 3.5883944786666664), ('放心', 2.05830207013), ('负责', 1.9263000776033332)]","['情话', '放心', '负责']",False,,0.0,0.0,0.0,0.0,0.0,0,"[('情话', '中性', 0.0, '听过最美的情话是你放心去', [])]",无,无,无,无,无,无,无,无,无,无
网易云音乐,或许我们真的错过了,1,Insidenca,2025-04-24 14:29:22,1359356908,或许我们真的错过了,"['或许', '我们', '真的', '错过']",4,1,0.3497012257575989,中性,[],[],[],[],[],"[('错过', 8.30969067146)]",['错过'],False,,0.0,0.0,0.0,0.0,0.0,0,[],无,无,无,无,无,无,无,无,无,无
网易云音乐,来啦,1,金熯酃,2025-04-24 14:26:25,1359356908,来啦,[],0,1,0.3894240260124206,中性,[],[],[],[],[],[],[],False,,0.0,0.0,0.0,0.0,0.0,0,[],无,无,无,无,无,无,无,无,无,无
网易云音乐,晚安是对喜欢的人说的[可爱],1,木笙淋上雨,2025-04-24 14:18:18,1359356908,晚安是对喜欢的人说的可爱,"['晚安', '喜欢', '可爱']",3,2,0.5219454765319824,正面,[],[],[],[],[],"[('人说', 2.988691875725), ('晚安', 2.8154050806), ('可爱', 1.90460272627), ('喜欢', 1.425647100755)]","['人说', '晚安', '可爱', '喜欢']",False,,0.0,0.0,0.0,0.0,0.0,0,"[('晚安', '正面', 0.3333333333333333, '晚安是对喜欢的', [('喜欢', 1.0)]), ('人说', '正面', 0.3333333333333333, '是对喜欢的人说的可爱', [('喜欢', 1.0)])]",正面,无,无,无,无,无,无,无,无,无
网易云音乐,所以爱是什么 我不明白,1,笠是我捡的,2025-04-24 14:13:11,1359356908,所以爱是什么 我不明白,"['所以', '爱是', '明白']",3,1,0.404924064874649,中性,"[(' ', 'OTHER', 6, 7), ('明白', 'PERSON', 9, 11)]",['明白'],[],[],[],[],[],False,,0.0,0.0,0.0,0.0,0.0,0,"[('明白', '中性', 0.0, '什么 我不明白', [])]",无,无,无,无,无,无,无,无,无,无
网易云音乐,这,1,Elaine2106,2025-04-24 14:12:42,1359356908,这,[],0,1,0.394278734922409,中性,[],[],[],[],[],[],[],False,,0.0,0.0,0.0,0.0,0.0,0,[],无,无,无,无,无,无,无,无,无,无
网易云音乐,现在是午安[吐舌],1,ibi7o4o,2025-04-24 14:00:05,1359356908,现在是午安吐舌,"['现在', '午安', '吐舌']",3,2,0.4432360827922821,正面,"[('现在', 'TIME', 0, 2), ('午安', 'LOCATION', 3, 5)]",[],['午安'],[],[],"[('午安', 6.950338826), ('吐舌', 5.8517265373)]","['午安', '吐舌']",False,,0.0,0.0,0.0,0.0,0.0,0,"[('午安', '中性', 0.0, '现在是午安吐舌', []), ('吐舌', '中性', 0.0, '现在是午安吐舌', [])]",无,无,无,无,无,无,无,无,无,无
网易云音乐,晚安,1,小鱼听jay-,2025-04-24 13:57:11,1359356908,晚安,['晚安'],1,2,0.4150713980197906,正面,[],[],[],[],[],"[('晚安', 11.2616203224)]",['晚安'],False,,0.0,0.0,0.0,0.0,0.0,0,"[('晚安', '中性', 0.0, '晚安', [])]",中性,无,无,无,无,无,无,无,无,无
网易云音乐,你让我觉得 我在爱里没尊严,1,浅陌ozx,2025-04-24 13:56:05,1359356908,你让我觉得 我在爱里没尊严,"['觉得', '爱里', '尊严']",3,2,0.4356585144996643,正面,"[(' ', 'OTHER', 5, 6), ('爱里', 'LOCATION', 8, 10)]",[],['爱里'],[],[],"[('爱里', 5.97738375145), ('觉得', 2.41445496493)]","['爱里', '觉得']",False,,0.0,0.0,0.0,0.0,0.0,0,"[('爱里', '中性', 0.0, '觉得 我在爱里没尊严', [])]",无,无,无,无,无,无,无,无,无,无
网易云音乐,如果爱的话就不会 但是你不爱我所以会,1,莕仁宝宝,2025-04-24 13:55:41,1359356908,如果爱的话就不会 但是你不爱我所以会,"['的话', '不会', '所以']",3,2,0.4223635494709015,正面,"[(' ', 'OTHER', 8, 9)]",[],[],[],[],"[('不会', 4.41172117956)]",['不会'],False,,0.0,0.0,0.0,0.0,0.0,0,[],无,无,无,无,无,无,无,无,无,无
网易云音乐,我不需要解药 因为我有你,1,饿坏了吧世界,2025-04-24 13:50:26,1359356908,我不需要解药 因为我有你,"['需要', '解药', '因为']",3,1,0.4107527434825897,中性,"[(' ', 'OTHER', 6, 7)]",[],[],[],[],"[('解药', 5.6308101612), ('需要', 2.17224032175)]","['解药', '需要']",False,,0.0,0.0,0.0,0.0,0.0,0,[],无,无,无,无,无,无,无,无,无,无
网易云音乐,爱是什么我不清楚，我只知道有你在我不害怕，你在我身边我会安心，你不在我心烦,1,捌月念肆,2025-04-24 13:44:15,1359356908,爱是什么我不清楚，我只知道有你在我不害怕，你在我身边我会安心，你不在我心烦,"['爱是', '清楚', '知道', '害怕', '身边', '我会', '安心', '心烦']",8,1,0.4191232621669769,中性,"[('，', 'OTHER', 8, 9), ('，', 'OTHER', 20, 21), ('，', 'OTHER', 30, 31)]",[],[],[],[],"[('安心', 1.9766790561675), ('我会', 1.83526560362), ('害怕', 1.60875558546), ('知道', 0.993527135)]","['安心', '我会', '害怕', '知道']",False,,0.0,0.0,0.0,0.0,0.0,0,"[('我会', '中性', 0.0, '你在我身边我会安心，你不', [])]",无,无,无,无,中性,无,无,无,无,无
网易云音乐,“好模糊，我看不清你的爱，也看不清你”,1,淇屹,2025-04-24 13:33:18,1359356908,好模糊，我看不清你的爱，也看不清你,"['模糊', '看不清', '看不清']",3,1,0.3469638526439667,中性,"[('，', 'OTHER', 3, 4), ('，', 'OTHER', 11, 12)]",[],[],[],[],"[('看不清', 8.46695564842)]",['看不清'],False,,0.0,0.0,0.0,0.0,0.0,0,[],无,无,无,无,无,无,无,无,无,无
网易云音乐,听,1,嘴角上扬blue,2025-04-24 13:30:53,1359356908,听,[],0,2,0.4537101089954376,正面,[],[],[],[],[],[],[],False,,0.0,0.0,0.0,0.0,0.0,0,[],无,无,无,无,无,无,无,无,无,无
网易云音乐,"那些独自消化的情绪 才是我真正的生活

爱的最高境界是心疼可你始终不懂

往往是不经意间的温柔最能打动人

短暂出现的人是为了惩罚真诚的人

发文案是我唯一发泄情绪的方式了.

付出的真心是一种晦涩难懂的痛.

冷冰冰的字已经代表不了我的委屈.

我还是会偷偷去看你 不属于我的你",1,下1页幸福,2025-04-24 13:24:02,1359356908,那些独自消化的情绪 才是我真正的生活 爱的最高境界是心疼可你始终不懂 往往是不经意间的温柔最能打动人 短暂出现的人是为了惩罚真诚的人 发文案是我唯一发泄情绪的方式了 付出的真心是一种晦涩难懂的痛 冷冰冰的字已经代表不了我的委屈 我还是会偷偷去看你 不属于我的你,"['那些', '独自', '消化', '情绪', '真正', '生活', '最高', '境界', '心疼', '始终', '往往', '不经意', '温柔', '最能', '打动', '短暂', '出现', '为了', '惩罚', '真诚', '文案', '唯一', '发泄', '情绪', '方式', '付出', '真心', '一种', '晦涩', '难懂', '冷冰冰', '已经', '代表', '不了', '委屈', '偷偷', '属于']",37,2,0.485167533159256,正面,"[(' ', 'OTHER', 9, 10), (' ', 'OTHER', 18, 19), (' ', 'OTHER', 34, 35), ('往往', 'TIME', 35, 37), (' ', 'OTHER', 50, 51), (' ', 'OTHER', 66, 67), (' ', 'OTHER', 82, 83), (' ', 'OTHER', 97, 98), ('冷冰冰', 'PERSON', 98, 101), (' ', 'OTHER', 113, 114), (' ', 'OTHER', 123, 124)]",['冷冰冰'],[],[],[],"[('情绪', 0.7571036267275), ('文案', 0.63669409908125), ('发泄', 0.535196223266875), ('打动', 0.53430121990625), ('境界', 0.49753164995375), ('惩罚', 0.48808548561875), ('委屈', 0.475453648320625), ('付出', 0.452426431964375), ('消化', 0.43400826305125), ('不了', 0.377386278421875), ('属于', 0.3352423706825), ('代表', 0.309986661511875), ('方式', 0.300093270585625), ('生活', 0.289616402066875), ('出现', 0.240185499599375)]","['情绪', '文案', '发泄', '打动', '境界', '惩罚', '委屈', '付出', '消化', '不了', '属于', '代表', '方式', '生活', '出现']",True,那些独自消化的情绪 才是我真正的生活 爱的最高境界是心疼可你始终不懂 往往是不经意间的温柔最能打动人 短暂出现的人是为了惩罚真诚的人 发文案是我唯一发泄情绪的方式了 付出的真心是一种晦涩难懂的痛 冷冰冰的字已经代表不了我的委屈 我还是会偷偷去看你 不属于我的你。,0.0,0.0,0.0,0.0,0.0,0,"[('情绪', '中性', 0.0, '独自消化的情绪 才是我真', []), ('境界', '中性', 0.0, ' 爱的最高境界是心疼可你', []), ('不经意', '中性', 0.0, '懂 往往是不经意间的温柔最', []), ('文案', '中性', 0.0, '诚的人 发文案是我唯一发', []), ('情绪', '中性', 0.0, '独自消化的情绪 才是我真', []), ('方式', '中性', 0.0, '发泄情绪的方式了 付出的', []), ('冷冰冰', '中性', 0.0, '难懂的痛 冷冰冰的字已经代', []), ('代表', '中性', 0.0, '冰的字已经代表不了我的委', [])]",无,无,无,无,无,无,无,无,无,无
网易云音乐,"生活已经很痛了别再说刺痛我的话了.

能幸福我想一直幸福不能那我就一直不谈.

我开始信玄学知道我们是命中注定,

也许未来你也会找到懂你疼你更好的人.

若他不回应那并没必要继续纠缠了.

骗你呢 你看你还是这么好骗 就像他骗你一样 轻而易举

我站在清醒和麻木的边缘不能堕落也不能解脱.

",1,下1页幸福,2025-04-24 13:23:04,1359356908,生活已经很痛了别再说刺痛我的话了 能幸福我想一直幸福不能那我就一直不谈 我开始信玄学知道我们是命中注定 也许未来你也会找到懂你疼你更好的人 若他不回应那并没必要继续纠缠了 骗你呢 你看你还是这么好骗 就像他骗你一样 轻而易举 我站在清醒和麻木的边缘不能堕落也不能解脱,"['生活', '已经', '很痛', '再说', '刺痛', '的话', '幸福', '一直', '幸福', '不能', '一直', '不谈', '开始', '玄学', '知道', '我们', '命中注定', '也许', '未来', '找到', '更好', '回应', '必要', '继续', '纠缠', '这么', '好骗', '一样', '轻而易举', '清醒', '麻木', '边缘', '不能', '堕落', '不能', '解脱']",36,2,0.5101636648178101,正面,"[(' ', 'OTHER', 16, 17), (' ', 'OTHER', 35, 36), (' ', 'OTHER', 51, 52), ('未来', 'TIME', 54, 56), (' ', 'OTHER', 69, 70), (' ', 'OTHER', 85, 86), (' ', 'OTHER', 89, 90), (' ', 'OTHER', 99, 100), (' ', 'OTHER', 107, 108), (' ', 'OTHER', 112, 113), ('麻木', 'PERSON', 119, 121)]",['麻木'],[],[],[],"[('不能', 0.7980329668999999), ('玄学', 0.6238255246473333), ('刺痛', 0.608666201834), ('堕落', 0.5786881217933334), ('解脱', 0.5478065256426666), ('纠缠', 0.544921993626), ('回应', 0.49668048198866666), ('边缘', 0.43180728051466666), ('找到', 0.3774408213473333), ('生活', 0.3089241622046667), ('继续', 0.28449501721933335), ('知道', 0.2649405693333333), ('开始', 0.256335140536)]","['不能', '玄学', '刺痛', '堕落', '解脱', '纠缠', '回应', '边缘', '找到', '生活', '继续', '知道', '开始']",True,生活已经很痛了别再说刺痛我的话了 能幸福我想一直幸福不能那我就一直不谈 我开始信玄学知道我们是命中注定 也许未来你也会找到懂你疼你更好的人 若他不回应那并没必要继续纠缠了 骗你呢 你看你还是这么好骗 就像他骗你一样 轻而易举 我站在清醒和麻木的边缘不能堕落也不能解脱。,0.0,0.0,0.0,0.0,0.0,0,"[('玄学', '中性', 0.0, ' 我开始信玄学知道我们是', []), ('命中注定', '中性', 0.0, '知道我们是命中注定 也许未来', []), ('麻木', '中性', 0.0, '站在清醒和麻木的边缘不能', []), ('边缘', '中性', 0.0, '醒和麻木的边缘不能堕落也', [])]",无,无,无,无,无,无,无,无,无,无
网易云音乐,"发了很久的呆 想了很久的你

记住我的好或者记住我就好.

暧昧不清的朋友忽冷忽热的恋人.

可你那天并没有看见我泛红的双眼

喜欢上你的那天到现在我还记得

不是说 念念不忘必有回响吗

爱你的同时忘掉了自己.

往事清零重新开始又是自己一个人.",1,下1页幸福,2025-04-24 13:21:45,1359356908,发了很久的呆 想了很久的你 记住我的好或者记住我就好 暧昧不清的朋友忽冷忽热的恋人 可你那天并没有看见我泛红的双眼 喜欢上你的那天到现在我还记得 不是说 念念不忘必有回响吗 爱你的同时忘掉了自己 往事清零重新开始又是自己一个人,"['发了', '记住', '或者', '记住', '暧昧', '不清', '朋友', '忽冷忽热', '恋人', '那天', '看见', '泛红', '双眼', '喜欢', '那天', '现在', '记得', '不是', '念念不忘', '必有', '回响', '同时', '忘掉', '往事', '清零', '重新', '开始']",27,2,0.5241178870201111,正面,"[(' ', 'OTHER', 6, 7), (' ', 'OTHER', 13, 14), (' ', 'OTHER', 26, 27), (' ', 'OTHER', 41, 42), (' ', 'OTHER', 57, 58), ('现在', 'TIME', 66, 68), (' ', 'OTHER', 72, 73), (' ', 'OTHER', 76, 77), (' ', 'OTHER', 86, 87), (' ', 'OTHER', 97, 98)]",[],[],[],[],"[('记住', 1.1491302415446154), ('泛红', 0.8051300344230768), ('恋人', 0.725751502563077), ('回响', 0.7173820518053847), ('忘掉', 0.6966531204246155), ('往事', 0.6125493420684616), ('记得', 0.49308832691692306), ('朋友', 0.44977757560307696), ('喜欢', 0.4386606463861539), ('看见', 0.39117751161692305), ('开始', 0.29577131600307693), ('没有', 0.23944796654999997)]","['记住', '泛红', '恋人', '回响', '忘掉', '往事', '记得', '朋友', '喜欢', '看见', '开始', '没有']",True,发了很久的呆 想了很久的你 记住我的好或者记住我就好 暧昧不清的朋友忽冷忽热的恋人 可你那天并没有看见我泛红的双眼 喜欢上你的那天到现在我还记得 不是说 念念不忘必有回响吗 爱你的同时忘掉了自己 往事清零重新开始又是自己一个人。,0.0,0.0,0.0,0.0,0.0,0,"[('朋友', '中性', 0.0, '暧昧不清的朋友忽冷忽热的', []), ('恋人', '中性', 0.0, '忽冷忽热的恋人 可你那天', [])]",无,无,中性,无,无,无,无,无,无,无
网易云音乐,我的好 你后知后觉吗,1,不太乖Try,2025-04-24 13:17:11,1359356908,我的好 你后知后觉吗,['后知后觉'],1,2,0.4446255564689636,正面,"[(' ', 'OTHER', 3, 4)]",[],[],[],[],[],[],False,,0.0,0.0,0.0,0.0,0.0,0,[],无,无,无,无,无,无,无,无,无,无
网易云音乐,末班车啦,1,木讷_D,2025-04-24 13:06:32,1359356908,末班车啦,['末班车'],1,1,0.3947551250457763,中性,[],[],[],[],[],"[('末班车', 9.72629038208)]",['末班车'],False,,0.0,0.0,0.0,0.0,0.0,0,"[('末班车', '中性', 0.0, '末班车啦', [])]",无,无,无,无,无,无,无,无,无,无
网易云音乐,你不了解我 你也不了解你自己。 晚安啦 婷婷,1,月亮月亮_Dex,2025-04-24 12:56:21,1359356908,你不了解我 你也不了解你自己。 晚安啦 婷婷,"['了解', '了解', '晚安', '婷婷']",4,2,0.4527544975280761,正面,"[(' ', 'OTHER', 5, 6), ('。', 'OTHER', 14, 15), (' ', 'OTHER', 15, 16), (' ', 'OTHER', 19, 20)]",[],[],[],[],"[('晚安', 3.7538734408), ('了解', 3.3977684997066664)]","['晚安', '了解']",False,,0.0,0.0,0.0,0.0,0.0,0,"[('晚安', '中性', 0.0, '你自己。 晚安啦 婷婷', [])]",中性,无,无,无,无,无,无,无,无,无
网易云音乐,已婚当妈每次听颜人中的歌都想谈恋爱是咋回事[大哭],1,打翻醋坛子,2025-04-24 12:48:31,1359356908,已婚当妈每次听颜人中的歌都想谈恋爱是咋回事大哭,"['已婚', '当妈', '每次', '听颜人', '谈恋爱', '回事', '大哭']",7,2,0.4884352684020996,正面,[],[],[],[],[],"[('颜人', 2.39095350058), ('已婚', 1.9483589137239998), ('谈恋爱', 1.8846681674999999), ('大哭', 1.628987087678), ('回事', 1.58690618257)]","['颜人', '已婚', '谈恋爱', '大哭', '回事']",False,,0.0,0.0,0.0,0.0,0.0,0,"[('颜人', '中性', 0.0, '当妈每次听颜人中的歌都想', [])]",无,无,无,无,无,无,无,无,无,无
网易云音乐,她给我分享的这首歌 是什么意思,1,XxxzTn,2025-04-24 12:20:00,1359356908,她给我分享的这首歌 是什么意思,"['分享', '首歌', '意思']",3,2,0.4690950512886047,正面,"[(' ', 'MUSIC', 9, 10)]",[],[],[],[],"[('首歌', 3.574207940533333), ('分享', 2.5119756317066666), ('意思', 1.9361460817499998)]","['首歌', '分享', '意思']",False,,0.0,0.0,0.0,0.0,0.0,0,"[('首歌', '中性', 0.0, '我分享的这首歌 是什么意', []), ('意思', '中性', 0.0, '歌 是什么意思', [])]",无,无,无,无,无,无,无,中性,无,无
网易云音乐,上岸,1,眼在为你下雨,2025-04-24 12:14:52,1359356908,上岸,['上岸'],1,2,0.3916790783405304,正面,[],[],[],[],[],[],[],False,,0.0,0.0,0.0,0.0,0.0,0,[],无,无,无,无,无,无,无,无,无,无
网易云音乐,曾经多少次牵肠拉扯的夜晚 到现在热情褪成陌路的感叹,1,烂命我也认,2025-04-24 11:43:29,1359356908,曾经多少次牵肠拉扯的夜晚 到现在热情褪成陌路的感叹,"['曾经', '牵肠', '拉扯', '夜晚', '现在', '热情', '褪成', '陌路', '感叹']",9,2,0.4329627752304077,正面,"[('夜晚', 'TIME', 10, 12), (' ', 'OTHER', 12, 13), ('现在', 'TIME', 14, 16)]",[],[],[],[],"[('褪成', 2.7801355304), ('陌路', 2.25232406448), ('拉扯', 1.749477211496), ('感叹', 1.53721391071), ('热情', 1.3140544880260001)]","['褪成', '陌路', '拉扯', '感叹', '热情']",False,,0.0,0.0,0.0,0.0,0.0,0,"[('热情', '正面', 0.3333333333333333, '晚 到现在热情褪成陌路的', [('热情', 1.0)]), ('陌路', '正面', 0.3333333333333333, '在热情褪成陌路的感叹', [('热情', 1.0)])]",无,无,无,无,无,无,无,无,无,无
网易云音乐,晚安这个词太暧昧了 只准你对我讲,1,窝萌菲ovo,2025-04-24 11:15:25,1359356908,晚安这个词太暧昧了 只准你对我讲,"['晚安', '这个', '词太', '暧昧', '只准', '对我讲']",6,2,0.4002512693405151,正面,"[(' ', 'OTHER', 9, 10)]",[],[],[],[],"[('晚安', 5.6308101612), ('只准', 5.05824400905)]","['晚安', '只准']",False,,0.0,0.0,0.0,0.0,0.0,0,"[('晚安', '中性', 0.0, '晚安这个词太暧', []), ('对我讲', '中性', 0.0, '了 只准你对我讲', [])]",中性,无,无,无,无,无,无,无,无,无
网易云音乐,睡不着？来我主页听听dj,1,琪琪琪_YQ,2025-04-24 10:56:45,1359356908,睡不着？来我主页听听dj,"['睡不着', '主页', '听听', 'dj']",4,1,0.4550906717777252,中性,"[('？', 'OTHER', 3, 4)]",[],[],[],[],"[('主页', 3.560600609033333), ('睡不着', 2.7390326282133333), ('听听', 2.50855094405)]","['主页', '睡不着', '听听']",False,,0.0,0.0,0.0,0.0,0.0,0,"[('主页', '中性', 0.0, '不着？来我主页听听dj', [])]",无,无,无,无,无,无,无,无,无,无
网易云音乐,晚安,1,emotione_1,2025-04-24 10:29:53,1359356908,晚安,['晚安'],1,2,0.4150713980197906,正面,[],[],[],[],[],"[('晚安', 11.2616203224)]",['晚安'],False,,0.0,0.0,0.0,0.0,0.0,0,"[('晚安', '中性', 0.0, '晚安', [])]",中性,无,无,无,无,无,无,无,无,无
网易云音乐,回避型人格……,1,哦嚎l,2025-04-24 10:03:32,1359356908,回避型人格,"['回避', '人格']",2,2,0.535265326499939,正面,[],[],[],[],[],"[('人格', 4.141953277155), ('回避', 3.64701373289)]","['人格', '回避']",False,,0.0,0.0,0.0,0.0,0.0,0,"[('人格', '中性', 0.0, '回避型人格', [])]",无,无,无,无,无,无,无,无,无,无
网易云音乐,晚安是留给爱的人！朋友我都是安！,1,哦嚎l,2025-04-24 10:02:19,1359356908,晚安是留给爱的人！朋友我都是安！,"['晚安', '留给', '朋友']",3,1,0.3873176872730255,中性,"[('！', 'OTHER', 8, 9), ('！', 'OTHER', 15, 16)]",[],[],[],[],"[('晚安', 3.7538734408), ('留给', 2.57772038703), ('朋友', 1.9490361609466669)]","['晚安', '留给', '朋友']",False,,0.0,0.0,0.0,0.0,0.0,0,"[('晚安', '中性', 0.0, '晚安是留给爱的', []), ('朋友', '中性', 0.0, '给爱的人！朋友我都是安！', [])]",中性,无,中性,无,无,无,无,无,无,无
网易云音乐,不像啊🤔,1,小雨几时晴x,2025-04-24 09:43:19,1359356908,不像啊,['不像'],1,2,0.4518231451511383,正面,[],[],[],[],[],[],[],False,,0.0,0.0,0.0,0.0,0.0,0,[],无,无,无,无,无,无,无,无,无,无
网易云音乐,不像,1,救赎的白帆,2025-04-24 09:39:04,1359356908,不像,['不像'],1,2,0.3995964229106903,正面,[],[],[],[],[],[],[],False,,0.0,0.0,0.0,0.0,0.0,0,[],无,无,无,无,无,无,无,无,无,无
网易云音乐,这个歌咋有点像白羊,1,嘿大瑶,2025-04-24 08:47:21,1359356908,这个歌咋有点像白羊,"['这个', '有点像', '白羊']",3,2,0.4674822390079498,正面,"[('白羊', 'PERSON', 7, 9)]",['白羊'],[],[],[],"[('有点像', 8.9308643524)]",['有点像'],False,,0.0,0.0,0.0,0.0,0.0,0,"[('白羊', '中性', 0.0, '歌咋有点像白羊', [])]",无,无,无,无,无,无,无,无,无,无
网易云音乐,2025.4.24,1,東京記雨,2025-04-24 08:21:51,1359356908,,[],0,0,0.0,负面,[],[],[],[],[],[],[],False,,0.0,0.0,0.0,0.0,0.0,0,[],无,无,无,无,无,无,无,无,无,无
网易云音乐,非要变得那么坏才能立足世界吗 可是我想当一辈子的小孩,1,从不对我说_ui,2025-04-24 08:05:35,1359356908,非要变得那么坏才能立足世界吗 可是我想当一辈子的小孩,"['变得', '那么', '才能', '立足', '世界', '一辈子', '小孩']",7,2,0.561680018901825,正面,"[(' ', 'OTHER', 14, 15)]",[],[],[],[],"[('小孩', 1.88398172378), ('变得', 1.4456176506425), ('才能', 1.33891868998), ('世界', 1.0918823513925)]","['小孩', '变得', '才能', '世界']",False,,0.0,0.0,0.0,0.0,0.0,0,"[('世界', '中性', 0.0, '坏才能立足世界吗 可是我', []), ('小孩', '中性', 0.0, '当一辈子的小孩', [])]",无,无,无,中性,无,无,无,无,无,无
网易云音乐,有时候也怪自己明明很想你却没有和你好好说话,1,从不对我说_ui,2025-04-24 08:05:01,1359356908,有时候也怪自己明明很想你却没有和你好好说话,"['有时候', '明明', '好好', '说话']",4,2,0.5008522272109985,正面,"[('明明', 'TIME', 7, 9)]",[],[],[],[],"[('说话', 2.63267296627), ('没有', 1.556411782575)]","['说话', '没有']",False,,0.0,0.0,0.0,0.0,0.0,0,"[('有时候', '中性', 0.0, '有时候也怪自己明', [])]",无,无,无,无,无,无,无,无,无,无
网易云音乐,来了,1,江遇可爱鬼,2025-04-24 07:57:27,1359356908,来了,[],0,2,0.4005726873874664,正面,[],[],[],[],[],[],[],False,,0.0,0.0,0.0,0.0,0.0,0,[],无,无,无,无,无,无,无,无,无,无
网易云音乐,待我耗完这最后的爱 就放过自己,1,让雨停止,2025-04-24 07:49:24,1359356908,待我耗完这最后的爱 就放过自己,"['我耗', '最后', '放过']",3,1,0.3896527886390686,中性,"[(' ', 'OTHER', 9, 10)]",[],[],[],[],"[('耗完', 5.97738375145), ('放过', 4.199709720715)]","['耗完', '放过']",False,,0.0,0.0,0.0,0.0,0.0,0,[],无,无,无,无,无,无,无,无,无,无
网易云音乐,[多多大笑],1,笑笑爱笑Ya,2025-04-24 07:27:08,1359356908,多多大笑,"['多多', '大笑']",2,2,0.4042034745216369,正面,[],[],[],[],[],"[('大笑', 7.37711534583)]",['大笑'],False,,0.0,0.0,0.0,0.0,0.0,0,[],无,无,无,无,无,无,无,无,无,无
网易云音乐,可不可以爱我 只爱我,1,捌月念肆,2025-04-24 07:02:30,1359356908,可不可以爱我 只爱我,['可不可以'],1,1,0.4030852019786834,中性,"[(' ', 'OTHER', 6, 7)]",[],[],[],[],[],[],False,,0.0,0.0,0.0,0.0,0.0,0,[],无,无,无,无,无,无,无,无,无,无
网易云音乐,可我后悔了，怎么办,1,大厦研究冥想音乐,2025-04-24 06:47:12,1359356908,可我后悔了，怎么办,"['后悔', '怎么办']",2,2,0.3641150593757629,正面,"[('，', 'OTHER', 5, 6)]",[],[],[],[],"[('后悔', 7.32142643997)]",['后悔'],False,,0.0,0.0,0.0,0.0,0.0,0,"[('怎么办', '负面', 0.3333333333333333, '我后悔了，怎么办', [('后悔', -1.0)])]",无,无,无,无,无,无,无,无,无,无
网易云音乐,晚安啦King婷！,1,BHWBH,2025-04-24 05:29:38,1359356908,晚安啦King婷！,"['晚安', 'King']",2,2,0.4021842181682586,正面,"[('婷', 'OTHER', 7, 8), ('！', 'OTHER', 8, 9)]",[],[],[],[],"[('晚安', 11.2616203224)]",['晚安'],False,,0.0,0.0,0.0,0.0,0.0,0,"[('晚安', '中性', 0.0, '晚安啦King', [])]",中性,无,无,无,无,无,无,无,无,无
网易云音乐,是梦都会醒,1,_阿景i,2025-04-24 05:13:31,1359356908,是梦都会醒,['会醒'],1,1,0.4340424835681915,中性,[],[],[],[],[],[],[],False,,0.0,0.0,0.0,0.0,0.0,0,[],无,无,无,无,无,无,无,无,无,无
网易云音乐,你好啊 亲爱的陌生人,1,想念就說想念,2025-04-24 05:09:34,1359356908,你好啊 亲爱的陌生人,"['你好', '亲爱', '陌生人']",3,2,0.5129769444465637,正面,"[(' ', 'OTHER', 3, 4)]",[],[],[],[],"[('陌生人', 8.77077893705)]",['陌生人'],False,,0.0,0.0,0.0,0.0,0.0,0,"[('你好', '中性', 0.0, '你好啊 亲爱的', []), ('陌生人', '中性', 0.0, '啊 亲爱的陌生人', [])]",无,无,无,无,无,无,无,无,无,无
网易云音乐,早点睡,1,晓晓困_Tfvi,2025-04-24 05:06:55,1359356908,早点睡,['早点'],1,1,0.421712189912796,中性,[],[],[],[],[],[],[],False,,0.0,0.0,0.0,0.0,0.0,0,[],无,无,无,无,无,无,无,无,无,无
网易云音乐,生日快乐,1,唉萌命难改,2025-04-24 04:51:24,1359356908,生日快乐,['生日快乐'],1,2,0.4327114522457123,正面,[],[],[],[],[],[],[],False,,0.0,0.0,0.0,0.0,0.0,0,"[('生日快乐', '中性', 0.0, '生日快乐', [])]",无,无,无,无,无,无,无,无,无,无
网易云音乐,晚安,1,唉萌命难改,2025-04-24 04:50:41,1359356908,晚安,['晚安'],1,2,0.4150713980197906,正面,[],[],[],[],[],"[('晚安', 11.2616203224)]",['晚安'],False,,0.0,0.0,0.0,0.0,0.0,0,"[('晚安', '中性', 0.0, '晚安', [])]",中性,无,无,无,无,无,无,无,无,无
网易云音乐,忽冷忽热是喜欢还是不喜欢...,1,唉萌命难改,2025-04-24 04:50:33,1359356908,忽冷忽热是喜欢还是不喜欢,"['忽冷忽热', '喜欢', '喜欢']",3,1,0.4298122525215149,中性,[],[],[],[],[],"[('喜欢', 5.70258840302)]",['喜欢'],False,,0.0,0.0,0.0,0.0,0.0,0,[],无,无,无,无,无,无,无,无,无,无
网易云音乐,晚安,1,猫泪印,2025-04-24 04:31:07,1359356908,晚安,['晚安'],1,2,0.4150713980197906,正面,[],[],[],[],[],"[('晚安', 11.2616203224)]",['晚安'],False,,0.0,0.0,0.0,0.0,0.0,0,"[('晚安', '中性', 0.0, '晚安', [])]",中性,无,无,无,无,无,无,无,无,无
网易云音乐,商雨菡 晚安 祝你有个好梦,1,之后会想起我吗,2025-04-24 03:18:05,1359356908,商雨菡 晚安 祝你有个好梦,"['商雨菡', '晚安']",2,2,0.4368513226509094,正面,"[('商雨菡', 'PERSON', 0, 3), (' ', 'OTHER', 3, 4), (' ', 'OTHER', 6, 7)]",['商雨菡'],[],[],[],"[('晚安', 11.2616203224)]",['晚安'],False,,0.0,0.0,0.0,0.0,0.0,0,"[('商雨菡', '中性', 0.0, '商雨菡 晚安 祝', []), ('晚安', '中性', 0.0, '商雨菡 晚安 祝你有个', [])]",中性,无,无,无,无,无,无,无,无,无
网易云音乐,你不需要向任何人证明，你真的很棒很棒,1,小Yi同学--,2025-04-24 02:57:49,1359356908,你不需要向任何人证明，你真的很棒很棒,"['需要', '任何人', '证明', '真的', '很棒', '很棒']",6,2,0.4577136635780334,正面,"[('，', 'OTHER', 10, 11)]",[],[],[],[],"[('证明', 2.988664720025), ('需要', 2.17224032175)]","['证明', '需要']",False,,0.0,0.0,0.0,0.0,0.0,0,"[('证明', '中性', 0.0, '要向任何人证明，你真的很', [])]",无,无,无,无,无,无,无,无,无,无
网易云音乐,再见啦,1,JJJimLinjn,2025-04-24 02:57:21,1359356908,再见啦,['再见'],1,1,0.414926528930664,中性,[],[],[],[],[],"[('再见', 8.30225569298)]",['再见'],False,,0.0,0.0,0.0,0.0,0.0,0,[],无,无,无,无,无,无,无,无,无,无
网易云音乐,妈咪小狗想你惹qaq,1,Hello天赋,2025-04-24 02:57:19,1359356908,妈咪小狗想你惹qaq,"['妈咪', '小狗', 'qaq']",3,1,0.4317083954811096,中性,"[('小狗', 'PERSON', 2, 4)]",['小狗'],[],[],[],"[('妈咪', 11.7034530746)]",['妈咪'],False,,0.0,0.0,0.0,0.0,0.0,0,"[('妈咪', '中性', 0.0, '妈咪小狗想你惹', []), ('小狗', '中性', 0.0, '妈咪小狗想你惹qa', [])]",无,无,无,无,无,无,无,无,无,无
网易云音乐,如果眼泪比爱多 那我们走到这里就可以了,1,小葵好困o,2025-04-24 02:28:05,1359356908,如果眼泪比爱多 那我们走到这里就可以了,"['眼泪', '爱多', '我们', '这里']",4,2,0.4631236493587494,正面,"[('爱多', 'LOCATION', 5, 7), (' ', 'OTHER', 7, 8)]",[],['爱多'],[],[],"[('爱多', 6.25719164545), ('眼泪', 3.24154862478)]","['爱多', '眼泪']",False,,0.0,0.0,0.0,0.0,0.0,0,"[('眼泪', '中性', 0.0, '如果眼泪比爱多 那', []), ('爱多', '中性', 0.0, '如果眼泪比爱多 那我们走', [])]",无,无,无,无,无,无,无,无,无,无
网易云音乐,😄😄😄,1,要剪微分碎盖,2025-04-24 02:24:03,1359356908,,[],0,0,0.0,负面,[],[],[],[],[],[],[],False,,0.0,0.0,0.0,0.0,0.0,0,[],无,无,无,无,无,无,无,无,无,无
网易云音乐,郭梦红，晚安,1,蜉蝣梦丶,2025-04-24 02:23:53,1359356908,郭梦红，晚安,"['郭梦红', '晚安']",2,1,0.4086439907550812,中性,"[('郭梦红', 'PERSON', 0, 3), ('，', 'OTHER', 3, 4)]",['郭梦红'],[],[],[],"[('晚安', 11.2616203224)]",['晚安'],False,,0.0,0.0,0.0,0.0,0.0,0,"[('郭梦红', '中性', 0.0, '郭梦红，晚安', []), ('晚安', '中性', 0.0, '郭梦红，晚安', [])]",中性,无,无,无,无,无,无,无,无,无
网易云音乐,你喜欢的人现在也不跟你说晚安嘛？听完晚安就让 Ta 沉睡在你的记忆中吧…,1,凯迪尔_0215,2025-04-24 02:17:23,1359356908,你喜欢的人现在也不跟你说晚安嘛？听完晚安就让 Ta 沉睡在你的记忆中吧,"['喜欢', '现在', '晚安', '晚安', '就让', 'Ta', '沉睡', '记忆']",8,2,0.5146875977516174,正面,"[('现在', 'TIME', 5, 7), ('？', 'OTHER', 15, 16), (' ', 'OTHER', 22, 23), (' ', 'OTHER', 25, 26)]",[],[],[],[],"[('晚安', 3.7538734408), ('沉睡', 1.566811330275), ('记忆', 1.2435545468133333), ('就让', 1.1659878136683333), ('喜欢', 0.9504314005033333)]","['晚安', '沉睡', '记忆', '就让', '喜欢']",False,,0.0,0.0,0.0,0.0,0.0,0,"[('晚安', '中性', 0.0, '也不跟你说晚安嘛？听完晚', []), ('晚安', '中性', 0.0, '也不跟你说晚安嘛？听完晚', []), ('记忆', '中性', 0.0, '沉睡在你的记忆中吧', [])]",中性,无,无,无,无,无,无,无,无,无
网易云音乐,晚安,1,不如早点睡-_-p,2025-04-24 01:56:06,1359356908,晚安,['晚安'],1,2,0.4150713980197906,正面,[],[],[],[],[],"[('晚安', 11.2616203224)]",['晚安'],False,,0.0,0.0,0.0,0.0,0.0,0,"[('晚安', '中性', 0.0, '晚安', [])]",中性,无,无,无,无,无,无,无,无,无
网易云音乐,来了,1,雪糕姐姐-,2025-04-24 01:55:55,1359356908,来了,[],0,2,0.4005726873874664,正面,[],[],[],[],[],[],[],False,,0.0,0.0,0.0,0.0,0.0,0,[],无,无,无,无,无,无,无,无,无,无
网易云音乐,不真诚的人吞一万个银针,1,x卉-,2025-04-24 01:52:24,1359356908,不真诚的人吞一万个银针,"['真诚', '一万个', '银针']",3,2,0.4865698218345642,正面,[],[],[],[],[],"[('银针', 10.4994802703)]",['银针'],False,,0.0,0.0,0.0,0.0,0.0,0,"[('银针', '中性', 0.0, '人吞一万个银针', [])]",无,无,无,无,无,无,无,无,无,无
网易云音乐,陆……晚安，我真的真的真的好想回到以前…ʷᵒ ʰᵃᵒ ˣⁱᵃⁿᵍ ⁿⁱ ߹ᯅ߹，我真的好后悔遇见你，但又很高兴遇见你，我忘不了，真的真的忘不了与你最初那么那么快乐的时光…，我的生活是从有了你才一点都不空虚的，你知道吗？我真的很喜欢你，喜欢的可以为你放下一切，把一切都给你，喜欢的可以为你什么都全力以赴去做到…我真的好想念最初的那个你…,1,愛陸堅不棄,2025-04-24 01:52:02,1359356908,陆晚安，我真的真的真的好想回到以前ʷᵒ ʰᵃᵒ ˣⁱᵃⁿᵍ ⁿⁱ ᯅ，我真的好后悔遇见你，但又很高兴遇见你，我忘不了，真的真的忘不了与你最初那么那么快乐的时光，我的生活是从有了你才一点都不空虚的，你知道吗？我真的很喜欢你，喜欢的可以为你放下一切，把一切都给你，喜欢的可以为你什么都全力以赴去做到我真的好想念最初的那个你,"['晚安', '真的', '真的', '真的', '回到', '以前', '真的', '后悔', '遇见', '高兴', '遇见', '忘不了', '真的', '真的', '忘不了', '最初', '那么', '那么', '快乐', '时光', '生活', '是从', '一点', '空虚', '知道', '真的', '喜欢', '喜欢', '放下', '一切', '一切', '喜欢', '全力以赴', '做到', '真的', '想念', '最初', '那个']",38,2,0.3694306910037994,正面,"[('陆', 'PERSON', 0, 1), ('，', 'OTHER', 3, 4), ('ʷ', 'OTHER', 17, 18), ('ᵒ', 'OTHER', 18, 19), (' ', 'OTHER', 19, 20), ('ʰ', 'OTHER', 20, 21), ('ᵃ', 'OTHER', 21, 22), ('ᵒ', 'OTHER', 22, 23), (' ', 'OTHER', 23, 24), ('ˣ', 'OTHER', 24, 25), ('ⁱ', 'OTHER', 25, 26), ('ᵃ', 'OTHER', 26, 27), ('ⁿ', 'OTHER', 27, 28), ('ᵍ', 'OTHER', 28, 29), (' ', 'OTHER', 29, 30), ('ⁿ', 'OTHER', 30, 31), ('ⁱ', 'OTHER', 31, 32), (' ', 'OTHER', 32, 33), ('ᯅ', 'OTHER', 33, 34), ('，', 'OTHER', 34, 35), ('，', 'OTHER', 44, 45), ('，', 'OTHER', 53, 54), ('，', 'OTHER', 58, 59), ('最初', 'TIME', 68, 70), ('，', 'OTHER', 79, 80), ('，', 'OTHER', 97, 98), ('？', 'OTHER', 102, 103), ('，', 'OTHER', 110, 111), ('，', 'OTHER', 122, 123), ('，', 'OTHER', 129, 130), ('最初', 'TIME', 153, 155)]",['陆'],[],[],[],"[('忘不了', 1.0202420867422222), ('喜欢', 0.9504314005033334), ('遇见', 0.8682114361177777), ('晚安', 0.6256455734666667), ('想念', 0.49501361473333333), ('空虚', 0.4524964132438889), ('时光', 0.44729738177944445), ('后悔', 0.40674591333166665), ('做到', 0.3698822071766667), ('放下', 0.3671678579333333), ('是从', 0.3315930277561111), ('回到', 0.2990602522522222), ('生活', 0.25743680183722223), ('知道', 0.22078380777777779)]","['忘不了', '喜欢', '遇见', '晚安', '想念', '空虚', '时光', '后悔', '做到', '放下', '是从', '回到', '生活', '知道']",True,陆晚安，我真的真的真的好想回到以前ʷᵒ ʰᵃᵒ ˣⁱᵃⁿᵍ ⁿⁱ ᯅ，我真的好后悔遇见你，但又很高兴遇见你，我忘不了，真的真的忘不了与你最初那么那么快乐的时光，我的生活是从有了你才一点都不空虚的，你知道吗。我真的很喜欢你，喜欢的可以为你放下一切，把一切都给你，喜欢的可以为你什么都全力以赴去做到我真的好想念最初的那个你。,0.0,0.0,0.0,0.0,0.0,0,"[('晚安', '中性', 0.0, '陆晚安，我真的真', []), ('时光', '中性', 0.0, '那么快乐的时光，我的生活', []), ('空虚', '中性', 0.0, '才一点都不空虚的，你知道', [])]",中性,无,无,无,无,无,无,无,无,无
网易云音乐,晚安hzt ,1,曦崽_Xxx,2025-04-24 01:41:35,1359356908,晚安hzt,"['晚安', 'hzt']",2,1,0.4810084104537964,中性,[],[],[],[],[],"[('晚安', 11.2616203224)]",['晚安'],False,,0.0,0.0,0.0,0.0,0.0,0,"[('晚安', '中性', 0.0, '晚安hzt', [])]",中性,无,无,无,无,无,无,无,无,无
网易云音乐,晚安lyf ,1,曦崽_Xxx,2025-04-24 01:41:24,1359356908,晚安lyf,"['晚安', 'lyf']",2,2,0.3859741985797882,正面,[],[],[],[],[],"[('晚安', 11.2616203224)]",['晚安'],False,,0.0,0.0,0.0,0.0,0.0,0,"[('晚安', '中性', 0.0, '晚安lyf', [])]",中性,无,无,无,无,无,无,无,无,无
网易云音乐,晚安sjf,1,轩_1222,2025-04-24 01:41:07,1359356908,晚安sjf,"['晚安', 'sjf']",2,1,0.4240344762802124,中性,[],[],[],[],[],"[('晚安', 11.2616203224)]",['晚安'],False,,0.0,0.0,0.0,0.0,0.0,0,"[('晚安', '中性', 0.0, '晚安sjf', [])]",中性,无,无,无,无,无,无,无,无,无
网易云音乐,生日快乐,1,开封下起了小雨,2025-04-24 01:37:59,1359356908,生日快乐,['生日快乐'],1,2,0.4327114522457123,正面,[],[],[],[],[],[],[],False,,0.0,0.0,0.0,0.0,0.0,0,"[('生日快乐', '中性', 0.0, '生日快乐', [])]",无,无,无,无,无,无,无,无,无,无
网易云音乐,晚安💤,1,不用非死book,2025-04-24 01:35:21,1359356908,晚安,['晚安'],1,2,0.4150713980197906,正面,[],[],[],[],[],"[('晚安', 11.2616203224)]",['晚安'],False,,0.0,0.0,0.0,0.0,0.0,0,"[('晚安', '中性', 0.0, '晚安', [])]",中性,无,无,无,无,无,无,无,无,无
网易云音乐,今天生日，登上网易云，网易云给我放了生日快乐，,1,此账号已注销_7V6l,2025-04-24 01:33:03,1359356908,今天生日，登上网易云，网易云给我放了生日快乐，,"['今天', '生日', '登上', '网易', '网易', '云给', '生日快乐']",7,2,0.3971568644046783,正面,"[('今天', 'TIME', 0, 2), ('生日', 'TIME', 2, 4), ('，', 'OTHER', 4, 5), ('云', 'LOCATION', 9, 10), ('，', 'OTHER', 10, 11), ('，', 'OTHER', 22, 23)]",[],['云'],[],[],"[('网易', 5.6960609182), ('登上', 2.47150562101)]","['网易', '登上']",False,,0.0,0.0,0.0,0.0,0.0,0,"[('网易', '中性', 0.0, '生日，登上网易云，网易云', []), ('网易', '中性', 0.0, '生日，登上网易云，网易云', []), ('生日快乐', '中性', 0.0, '云给我放了生日快乐，', [])]",无,无,无,无,无,无,无,无,无,无
网易云音乐,你骗了我好多次 可我为了留住这份感情 也装傻充楞了好多好多次,1,雪下第一劍,2025-04-24 01:29:41,1359356908,你骗了我好多次 可我为了留住这份感情 也装傻充楞了好多好多次,"['多次', '为了', '留住', '这份', '感情', '装傻', '充楞', '好多好多']",8,2,0.4213146567344665,正面,"[(' ', 'OTHER', 7, 8), (' ', 'OTHER', 18, 19)]",[],[],[],[],"[('充楞', 2.988691875725), ('装傻', 2.64211828545), ('留住', 2.26412264138), ('感情', 1.5938942264625)]","['充楞', '装傻', '留住', '感情']",False,,0.0,0.0,0.0,0.0,0.0,0,"[('感情', '中性', 0.0, '了留住这份感情 也装傻充', [])]",无,无,无,无,无,无,无,无,无,无
网易云音乐,晚安,1,张星特不闭麦z,2025-04-24 01:25:37,1359356908,晚安,['晚安'],1,2,0.4150713980197906,正面,[],[],[],[],[],"[('晚安', 11.2616203224)]",['晚安'],False,,0.0,0.0,0.0,0.0,0.0,0,"[('晚安', '中性', 0.0, '晚安', [])]",中性,无,无,无,无,无,无,无,无,无
网易云音乐,会有人喜欢长相普通的我吗？,1,hill颖,2025-04-24 01:21:21,1359356908,会有人喜欢长相普通的我吗？,"['有人', '喜欢', '长相', '普通']",4,2,0.4283702671527862,正面,"[('普通', 'OTHER', 7, 9), ('？', 'OTHER', 12, 13)]",[],[],[],[],"[('喜欢', 5.70258840302)]",['喜欢'],False,,0.0,0.0,0.0,0.0,0.0,0,"[('普通', '正面', 0.3333333333333333, '人喜欢长相普通的我吗？', [('喜欢', 1.0)])]",无,无,无,无,无,无,无,无,无,无
网易云音乐,晚安,1,Nobob1,2025-04-24 01:19:48,1359356908,晚安,['晚安'],1,2,0.4150713980197906,正面,[],[],[],[],[],"[('晚安', 11.2616203224)]",['晚安'],False,,0.0,0.0,0.0,0.0,0.0,0,"[('晚安', '中性', 0.0, '晚安', [])]",中性,无,无,无,无,无,无,无,无,无
网易云音乐,人总是会变的 有一天我问你会不会陪我走很远的路 会不会接受我的幼稚 忍耐我的脾气 你说当然 后来你总说睡着了没看手机或者在忙 我发现人都是会变的 每个离开的人最初都会说坚定陪你走下去 可到最后远到提起往事都要说从前,1,-小璇一,2025-04-24 01:18:03,1359356908,人总是会变的 有一天我问你会不会陪我走很远的路 会不会接受我的幼稚 忍耐我的脾气 你说当然 后来你总说睡着了没看手机或者在忙 我发现人都是会变的 每个离开的人最初都会说坚定陪你走下去 可到最后远到提起往事都要说从前,"['总是', '会变', '一天', '不会', '不会', '接受', '幼稚', '忍耐', '脾气', '当然', '后来', '睡着', '手机', '或者', '发现', '每个', '离开', '最初', '坚定', '陪你走', '下去', '最后', '远到', '提起', '往事', '要说', '从前']",27,2,0.5344670414924622,正面,"[(' ', 'OTHER', 6, 7), (' ', 'OTHER', 23, 24), (' ', 'OTHER', 33, 34), (' ', 'OTHER', 40, 41), (' ', 'OTHER', 45, 46), ('后来', 'TIME', 46, 48), (' ', 'OTHER', 62, 63), (' ', 'OTHER', 72, 73), ('最初', 'TIME', 79, 81), ('下去', 'TIME', 89, 91), (' ', 'OTHER', 91, 92), ('从前', 'TIME', 105, 107)]",[],[],[],[],"[('会变', 0.9195975002230768), ('没看', 0.7817698487461539), ('不会', 0.6787263353169231), ('忍耐', 0.6461091878023077), ('往事', 0.6125493420684616), ('睡着', 0.5732144813715384), ('脾气', 0.5631866492284615), ('提起', 0.5354941312253846), ('手机', 0.47475552524), ('离开', 0.42006135105076925), ('接受', 0.40186622730846155), ('发现', 0.3363882971384615)]","['会变', '没看', '不会', '忍耐', '往事', '睡着', '脾气', '提起', '手机', '离开', '接受', '发现']",True,人总是会变的 有一天我问你会不会陪我走很远的路 会不会接受我的幼稚 忍耐我的脾气 你说当然 后来你总说睡着了没看手机或者在忙 我发现人都是会变的 每个离开的人最初都会说坚定陪你走下去 可到最后远到提起往事都要说从前。,0.0,0.0,0.0,0.0,0.0,0,"[('脾气', '中性', 0.0, ' 忍耐我的脾气 你说当然', []), ('手机', '中性', 0.0, '睡着了没看手机或者在忙 ', []), ('陪你走', '中性', 0.0, '都会说坚定陪你走下去 可到', [])]",无,无,无,无,无,无,无,无,无,无
网易云音乐,我不想内耗了，可我又舍不得，人呢还是那么矛盾，既然拒绝我表白，又为何和还有给我分享日常呢，啊啊啊啊啊，好不甘呢，“我不知道怎么谈恋爱”，好可笑的借口。[多多大笑][多多大笑][多多大笑][多多大笑],1,筱月魈,2025-04-24 01:14:19,1359356908,我不想内耗了，可我又舍不得，人呢还是那么矛盾，既然拒绝我表白，又为何和还有给我分享日常呢，啊啊啊啊啊，好不甘呢，我不知道怎么谈恋爱，好可笑的借口。多多大笑多多大笑多多大笑多多大笑,"['不想', '内耗', '舍不得', '那么', '矛盾', '既然', '拒绝', '表白', '为何', '分享', '日常', '啊啊啊', '不甘', '知道', '怎么', '谈恋爱', '可笑', '借口', '多多', '大笑', '多多', '大笑', '多多', '大笑', '多多', '大笑']",26,2,0.4802858829498291,正面,"[('，', 'OTHER', 6, 7), ('，', 'OTHER', 13, 14), ('，', 'OTHER', 22, 23), ('，', 'OTHER', 30, 31), ('，', 'OTHER', 44, 45), ('啊啊啊', 'PERSON', 45, 48), ('，', 'OTHER', 50, 51), ('，', 'OTHER', 55, 56), ('，', 'OTHER', 65, 66), ('。', 'OTHER', 72, 73)]",['啊啊啊'],[],[],[],"[('大笑', 1.8442788364575), ('内耗', 0.68155908615), ('谈恋爱', 0.58895880234375), ('表白', 0.570624564219375), ('不甘', 0.556466586138125), ('可笑', 0.504483252148125), ('舍不得', 0.492935155995625), ('分享', 0.470995430945), ('借口', 0.46417418472625), ('拒绝', 0.397736282650625), ('不想', 0.372773434923125), ('还有', 0.2517280816825), ('知道', 0.24838178375)]","['大笑', '内耗', '谈恋爱', '表白', '不甘', '可笑', '舍不得', '分享', '借口', '拒绝', '不想', '还有', '知道']",False,,0.0,0.0,0.0,0.0,0.0,0,"[('内耗', '中性', 0.0, '我不想内耗了，可我又', []), ('啊啊啊', '正面', 0.3333333333333333, '享日常呢，啊啊啊啊啊，好不', [('好', 1.0)]), ('借口', '正面', 0.3333333333333333, '，好可笑的借口。多多大笑', [('好', 1.0)])]",无,无,无,无,无,无,无,无,无,无
网易云音乐,晚安💤,1,天降云少,2025-04-24 01:14:01,1359356908,晚安,['晚安'],1,2,0.4150713980197906,正面,[],[],[],[],[],"[('晚安', 11.2616203224)]",['晚安'],False,,0.0,0.0,0.0,0.0,0.0,0,"[('晚安', '中性', 0.0, '晚安', [])]",中性,无,无,无,无,无,无,无,无,无
网易云音乐,喜欢你才说晚安的,1,熱帶雨林ii,2025-04-24 01:08:21,1359356908,喜欢你才说晚安的,"['喜欢', '晚安']",2,2,0.4489336013793945,正面,[],[],[],[],[],"[('晚安', 5.6308101612), ('喜欢', 2.85129420151)]","['晚安', '喜欢']",False,,0.0,0.0,0.0,0.0,0.0,0,"[('晚安', '正面', 0.3333333333333333, '喜欢你才说晚安的', [('喜欢', 1.0)])]",正面,无,无,无,无,无,无,无,无,无
网易云音乐,我真的只喜欢你  也只和你说晚安,1,Y喵少爷,2025-04-24 01:06:12,1359356908,我真的只喜欢你 也只和你说晚安,"['真的', '喜欢', '晚安']",3,2,0.4328226149082184,正面,"[(' ', 'OTHER', 7, 8)]",[],[],[],[],"[('晚安', 5.6308101612), ('喜欢', 2.85129420151)]","['晚安', '喜欢']",False,,0.0,0.0,0.0,0.0,0.0,0,"[('晚安', '中性', 0.0, '也只和你说晚安', [])]",中性,无,无,无,无,无,无,无,无,无
网易云音乐,当你焦虑内耗时，请一定记得，人生只是各种体验的叠加，只要你想，你就可以去做那些无意义的事，比如发呆，看日出，数星屋。你的体验，就是最大的意义。人生并不是一定要去做大家世俗认为有意义的事，意义是自己赋予的，人生是旷野不是轨道，只要当下你是享受的就是有意义的。,1,小析翊,2025-04-24 01:04:41,1359356908,当你焦虑内耗时，请一定记得，人生只是各种体验的叠加，只要你想，你就可以去做那些无意义的事，比如发呆，看日出，数星屋。你的体验，就是最大的意义。人生并不是一定要去做大家世俗认为有意义的事，意义是自己赋予的，人生是旷野不是轨道，只要当下你是享受的就是有意义的。,"['焦虑', '内耗', '一定', '记得', '人生', '各种', '体验', '叠加', '那些', '意义', '比如', '发呆', '日出', '数星屋', '体验', '最大', '意义', '人生', '不是', '一定', '大家', '世俗', '认为', '意义', '意义', '赋予', '人生', '旷野', '不是', '轨道', '当下', '享受', '意义']",33,2,0.3868734836578369,正面,"[('，', 'OTHER', 7, 8), ('，', 'OTHER', 13, 14), ('，', 'OTHER', 25, 26), ('，', 'OTHER', 30, 31), ('，', 'OTHER', 44, 45), ('，', 'OTHER', 49, 50), ('，', 'OTHER', 53, 54), ('。', 'OTHER', 57, 58), ('，', 'OTHER', 62, 63), ('。', 'OTHER', 70, 71), ('，', 'OTHER', 92, 93), ('，', 'OTHER', 101, 102), ('旷野', 'PERSON', 105, 107), ('，', 'OTHER', 111, 112), ('当下', 'TIME', 114, 116), ('。', 'OTHER', 127, 128)]",['旷野'],[],[],[],"[('意义', 1.2173697154608696), ('人生', 0.8932117307921739), ('体验', 0.646345993553913), ('数星', 0.5197725001260869), ('内耗', 0.47412805993043483), ('发呆', 0.38481833237956525), ('叠加', 0.3757905339108696), ('日出', 0.3746727792713044), ('世俗', 0.35440368113347825), ('赋予', 0.33131660056608697), ('轨道', 0.3015477089726087), ('享受', 0.2789699568995652), ('记得', 0.2787020978226087), ('比如', 0.25482066557565214), ('大家', 0.21180432648130437), ('认为', 0.16676256723652175)]","['意义', '人生', '体验', '数星', '内耗', '发呆', '叠加', '日出', '世俗', '赋予', '轨道', '享受', '记得', '比如', '大家', '认为']",True,当你焦虑内耗时，请一定记得，人生只是各种体验的叠加，只要你想，你就可以去做那些无意义的事，比如发呆，看日出，数星屋。你的体验，就是最大的意义。人生并不是一定要去做大家世俗认为有意义的事，意义是自己赋予的，人生是旷野不是轨道，只要当下你是享受的就是有意义的。,0.0,0.0,0.0,0.0,0.0,0,"[('内耗', '中性', 0.0, '当你焦虑内耗时，请一定', []), ('人生', '中性', 0.0, '一定记得，人生只是各种体', []), ('体验', '中性', 0.0, '生只是各种体验的叠加，只', []), ('意义', '中性', 0.0, '去做那些无意义的事，比如', []), ('数星', '中性', 0.0, '，看日出，数星屋。你的体', []), ('体验', '中性', 0.0, '生只是各种体验的叠加，只', []), ('意义', '中性', 0.0, '去做那些无意义的事，比如', []), ('人生', '中性', 0.0, '一定记得，人生只是各种体', []), ('大家', '中性', 0.0, '一定要去做大家世俗认为有', []), ('世俗', '中性', 0.0, '要去做大家世俗认为有意义', []), ('意义', '中性', 0.0, '去做那些无意义的事，比如', []), ('意义', '中性', 0.0, '去做那些无意义的事，比如', []), ('人生', '中性', 0.0, '一定记得，人生只是各种体', []), ('旷野', '中性', 0.0, '的，人生是旷野不是轨道，', []), ('轨道', '中性', 0.0, '是旷野不是轨道，只要当下', []), ('意义', '中性', 0.0, '去做那些无意义的事，比如', [])]",无,无,无,无,无,无,无,无,无,无
网易云音乐,(◍•ᴗ•◍),1,一只哄你开心的猫猫虫咧,2025-04-24 01:01:27,1359356908,ᴗ,[],0,2,0.3843994736671448,正面,"[('ᴗ', 'OTHER', 0, 1)]",[],[],[],[],[],[],False,,0.0,0.0,0.0,0.0,0.0,0,[],无,无,无,无,无,无,无,无,无,无
网易云音乐,摸摸,1,一只哄你开心的猫猫虫咧,2025-04-24 01:01:12,1359356908,摸摸,['摸摸'],1,2,0.426270842552185,正面,[],[],[],[],[],"[('摸摸', 8.66423568915)]",['摸摸'],False,,0.0,0.0,0.0,0.0,0.0,0,[],无,无,无,无,无,无,无,无,无,无
网易云音乐,晚安dyn,1,地狱是我家明白,2025-04-24 00:59:40,1359356908,晚安dyn,"['晚安', 'dyn']",2,1,0.4042842090129852,中性,[],[],[],[],[],"[('晚安', 11.2616203224)]",['晚安'],False,,0.0,0.0,0.0,0.0,0.0,0,"[('晚安', '中性', 0.0, '晚安dyn', [])]",中性,无,无,无,无,无,无,无,无,无
网易云音乐,晚安 咩咩,1,freezzzzzz,2025-04-24 00:56:03,1359356908,晚安 咩咩,['晚安'],1,1,0.4372579753398895,中性,"[(' ', 'OTHER', 2, 3)]",[],[],[],[],"[('晚安', 11.2616203224)]",['晚安'],False,,0.0,0.0,0.0,0.0,0.0,0,"[('晚安', '中性', 0.0, '晚安 咩咩', [])]",中性,无,无,无,无,无,无,无,无,无
网易云音乐,这里,1,戏腔boys,2025-04-24 00:56:01,1359356908,这里,['这里'],1,2,0.4118743240833282,正面,[],[],[],[],[],[],[],False,,0.0,0.0,0.0,0.0,0.0,0,[],无,无,无,无,无,无,无,无,无,无
网易云音乐,这里,1,戏腔boys,2025-04-24 00:56:00,1359356908,这里,['这里'],1,2,0.4118743240833282,正面,[],[],[],[],[],[],[],False,,0.0,0.0,0.0,0.0,0.0,0,[],无,无,无,无,无,无,无,无,无,无
网易云音乐,晚安 喵喵喵喵喵喵喵喵,1,我超浪漫的好吗,2025-04-24 00:55:41,1359356908,晚安 喵喵喵喵喵喵喵喵,['晚安'],1,2,0.4645806849002838,正面,"[(' ', 'OTHER', 2, 3)]",[],[],[],[],"[('晚安', 11.2616203224)]",['晚安'],False,,0.0,0.0,0.0,0.0,0.0,0,"[('晚安', '中性', 0.0, '晚安 喵喵喵喵', [])]",中性,无,无,无,无,无,无,无,无,无
网易云音乐,我不会回头的 但是我又不甘心 在这里没有人认识我 谁来听听我的故事,1,秋可寒,2025-04-24 00:54:06,1359356908,我不会回头的 但是我又不甘心 在这里没有人认识我 谁来听听我的故事,"['不会', '回头', '甘心', '这里', '认识', '听听', '故事']",7,2,0.4999583959579468,正面,"[(' ', 'OTHER', 6, 7), (' ', 'OTHER', 14, 15), (' ', 'OTHER', 24, 25)]",[],[],[],[],"[('甘心', 1.16446923801), ('听听', 1.0750932617357143), ('回头', 0.9072954981171428), ('故事', 0.8743392234385714), ('认识', 0.8113525082928571), ('不会', 0.6302458827942857), ('没有', 0.4446890807357143)]","['甘心', '听听', '回头', '故事', '认识', '不会', '没有']",False,,0.0,0.0,0.0,0.0,0.0,0,"[('甘心', '中性', 0.0, '但是我又不甘心 在这里没', []), ('故事', '中性', 0.0, '来听听我的故事', [])]",无,无,无,无,无,无,无,无,无,无
网易云音乐,"晚安 还有17天～
",1,烦如心糟,2025-04-24 00:53:56,1359356908,晚安 还有天～,['晚安'],1,1,0.4039007723331451,中性,"[(' ', 'OTHER', 2, 3), ('～', 'OTHER', 6, 7)]",[],[],[],[],"[('晚安', 5.6308101612), ('还有', 2.01382465346)]","['晚安', '还有']",False,,0.0,0.0,0.0,0.0,0.0,0,"[('晚安', '中性', 0.0, '晚安 还有天～', [])]",中性,无,无,无,无,无,无,无,无,无
网易云音乐,替你们试过了 能好好做朋友就别发展成恋人。,1,秋可寒,2025-04-24 00:53:04,1359356908,替你们试过了 能好好做朋友就别发展成恋人。,"['你们', '试过', '好好', '朋友', '就别', '发展', '恋人']",7,2,0.4593032002449035,正面,"[(' ', 'OTHER', 6, 7), ('。', 'OTHER', 20, 21)]",[],[],[],[],"[('试过', 2.6806559554), ('恋人', 2.35869238333), ('朋友', 1.46177712071), ('发展', 0.89376613761)]","['试过', '恋人', '朋友', '发展']",False,,0.0,0.0,0.0,0.0,0.0,0,"[('朋友', '中性', 0.0, ' 能好好做朋友就别发展成', []), ('恋人', '中性', 0.0, '就别发展成恋人。', [])]",无,无,中性,无,无,无,无,无,无,无
网易云音乐,"“几人份的畅谈 道三两句晚安，
惹多情的遐想 却轻易地走散。”",1,秋可寒,2025-04-24 00:52:52,1359356908,几人份的畅谈 道三两句晚安， 惹多情的遐想 却轻易地走散。,"['几人份', '畅谈', '三两句', '晚安', '多情', '遐想', '轻易', '走散']",8,2,0.3828847408294678,正面,"[(' ', 'OTHER', 6, 7), ('，', 'OTHER', 13, 14), (' ', 'OTHER', 14, 15), (' ', 'OTHER', 21, 22), ('。', 'OTHER', 28, 29)]",[],[],[],[],"[('晚安', 2.25232406448), ('走散', 2.1066763644), ('畅谈', 2.02329760362), ('遐想', 1.9823387210820003), ('多情', 1.845569763502)]","['晚安', '走散', '畅谈', '遐想', '多情']",False,,0.0,0.0,0.0,0.0,0.0,0,"[('晚安', '中性', 0.0, ' 道三两句晚安， 惹多情', []), ('多情', '中性', 0.0, '晚安， 惹多情的遐想 却', [])]",中性,无,无,无,无,无,无,无,无,无
网易云音乐,25年了，再来听一次吧,1,好喜欢猫咪老师呐,2025-04-24 00:51:59,1359356908,年了，再来听一次吧,"['再来', '一次']",2,2,0.392640471458435,正面,"[('，', 'OTHER', 2, 3)]",[],[],[],[],[],[],False,,0.0,0.0,0.0,0.0,0.0,0,[],无,无,无,无,无,无,无,无,无,无
网易云音乐,在这,1,好喜欢猫咪老师呐,2025-04-24 00:51:35,1359356908,在这,[],0,2,0.4103144705295563,正面,[],[],[],[],[],[],[],False,,0.0,0.0,0.0,0.0,0.0,0,[],无,无,无,无,无,无,无,无,无,无
网易云音乐,k 这是你当时最喜欢的歌 一听到这首就想起了当时的你 那时候的我们多好啊 现在却变成了最熟悉的陌生人 但是我不后悔 你教会了我很多事情 我长记性了 但是现在的我变了 不想了解其他人 也无法像以前一样热情了,1,秋可寒,2025-04-24 00:51:22,1359356908,k 这是你当时最喜欢的歌 一听到这首就想起了当时的你 那时候的我们多好啊 现在却变成了最熟悉的陌生人 但是我不后悔 你教会了我很多事情 我长记性了 但是现在的我变了 不想了解其他人 也无法像以前一样热情了,"['当时', '喜欢', '听到', '这首', '想起', '当时', '时候', '我们', '多好', '现在', '变成', '熟悉', '陌生人', '后悔', '教会', '很多', '事情', '我长', '记性', '现在', '不想', '了解', '其他人', '无法', '以前', '一样', '热情']",27,2,0.5230937004089355,正面,"[('k', 'OTHER', 0, 1), (' ', 'MUSIC', 1, 2), ('当时', 'TIME', 5, 7), (' ', 'MUSIC', 12, 13), ('当时', 'TIME', 22, 24), (' ', 'OTHER', 26, 27), (' ', 'OTHER', 36, 37), ('现在', 'TIME', 37, 39), (' ', 'OTHER', 50, 51), (' ', 'OTHER', 57, 58), (' ', 'OTHER', 67, 68), (' ', 'OTHER', 73, 74), ('现在', 'TIME', 76, 78), (' ', 'OTHER', 82, 83), (' ', 'OTHER', 90, 91)]",[],[],[],[],"[('记性', 0.625987876364), ('陌生人', 0.5847185958033333), ('教会', 0.5004724598686666), ('后悔', 0.488095095998), ('热情', 0.43801816267533333), ('熟悉', 0.434819595932), ('想起', 0.401703891396), ('不想', 0.3976249972513333), ('听到', 0.382620175252), ('变成', 0.381619070356), ('喜欢', 0.38017256020133333), ('无法', 0.3583413029486667), ('了解', 0.33977684997066665), ('事情', 0.32700938046933337), ('时候', 0.28591642222933333)]","['记性', '陌生人', '教会', '后悔', '热情', '熟悉', '想起', '不想', '听到', '变成', '喜欢', '无法', '了解', '事情', '时候']",True,k 这是你当时最喜欢的歌 一听到这首就想起了当时的你 那时候的我们多好啊 现在却变成了最熟悉的陌生人 但是我不后悔 你教会了我很多事情 我长记性了 但是现在的我变了 不想了解其他人 也无法像以前一样热情了。,0.0,0.0,0.0,0.0,0.0,0,"[('时候', '中性', 0.0, '时的你 那时候的我们多好', []), ('陌生人', '中性', 0.0, '了最熟悉的陌生人 但是我不', []), ('教会', '负面', 0.3333333333333333, '不后悔 你教会了我很多事', [('后悔', -1.0)]), ('事情', '中性', 0.0, '会了我很多事情 我长记性', []), ('记性', '中性', 0.0, '事情 我长记性了 但是现', []), ('无法', '中性', 0.0, '其他人 也无法像以前一样', []), ('热情', '正面', 0.3333333333333333, '像以前一样热情了', [('热情', 1.0)])]",无,中性,无,无,无,无,无,无,无,无
网易云音乐,晚安 阿福,1,我超浪漫的好吗,2025-04-24 00:48:48,1359356908,晚安 阿福,"['晚安', '阿福']",2,2,0.4188683331012726,正面,"[(' ', 'OTHER', 2, 3), ('阿福', 'PERSON', 3, 5)]",['阿福'],[],[],[],"[('晚安', 11.2616203224)]",['晚安'],False,,0.0,0.0,0.0,0.0,0.0,0,"[('晚安', '中性', 0.0, '晚安 阿福', []), ('阿福', '中性', 0.0, '晚安 阿福', [])]",中性,无,无,无,无,无,无,无,无,无
网易云音乐,晚安晚安是什么,1,AK--yy,2025-04-24 00:43:39,1359356908,晚安晚安是什么,"['晚安', '晚安']",2,2,0.459785908460617,正面,[],[],[],[],[],"[('晚安', 11.2616203224)]",['晚安'],False,,0.0,0.0,0.0,0.0,0.0,0,"[('晚安', '中性', 0.0, '晚安晚安是什么', []), ('晚安', '中性', 0.0, '晚安晚安是什么', [])]",中性,无,无,无,无,无,无,无,无,无
网易云音乐,明年四月我再来,1,汪庚弋,2025-04-24 00:41:16,1359356908,明年四月我再来,"['明年', '四月']",2,1,0.3908140659332275,中性,"[('明年', 'TIME', 0, 2)]",[],[],[],[],[],[],False,,0.0,0.0,0.0,0.0,0.0,0,[],无,无,无,无,无,无,无,无,无,无
网易云音乐,大宝晚安( ˘ω˘ ),1,-記l憶-,2025-04-24 00:41:09,1359356908,大宝晚安 ω,"['大宝', '晚安']",2,1,0.4210647940635681,中性,"[('大宝', 'OTHER', 0, 2), (' ', 'OTHER', 4, 5), ('ω', 'OTHER', 5, 6)]",[],[],[],[],"[('晚安', 11.2616203224)]",['晚安'],False,,0.0,0.0,0.0,0.0,0.0,0,"[('大宝', '中性', 0.0, '大宝晚安 ω', []), ('晚安', '中性', 0.0, '大宝晚安 ω', [])]",中性,无,无,无,无,无,无,无,无,无
网易云音乐,嘘 别吵 我在等一批2025年4月的人,1,酱香饼_McVe,2025-04-24 00:39:20,1359356908,嘘 别吵 我在等一批年月的人,"['别吵', '一批']",2,2,0.4770697355270386,正面,"[(' ', 'OTHER', 1, 2), ('别吵', 'PERSON', 2, 4), (' ', 'OTHER', 4, 5)]",['别吵'],[],[],[],[],[],False,,0.0,0.0,0.0,0.0,0.0,0,"[('别吵', '中性', 0.0, '嘘 别吵 我在等一', [])]",无,无,无,无,无,无,无,无,无,无
网易云音乐,hi,1,竹石-亚欧地区花样装B大赛第一名,2025-04-24 00:39:03,1359356908,hi,['hi'],1,2,0.4191814064979553,正面,[],[],[],[],[],[],[],False,,0.0,0.0,0.0,0.0,0.0,0,[],无,无,无,无,无,无,无,无,无,无
网易云音乐,陌生人晚安💤,1,鲨鱼0614,2025-04-24 00:31:55,1359356908,陌生人晚安,"['陌生人', '晚安']",2,1,0.4195863306522369,中性,[],[],[],[],[],"[('晚安', 5.6308101612), ('陌生人', 4.385389468525)]","['晚安', '陌生人']",False,,0.0,0.0,0.0,0.0,0.0,0,"[('陌生人', '中性', 0.0, '陌生人晚安', []), ('晚安', '中性', 0.0, '陌生人晚安', [])]",中性,无,无,无,无,无,无,无,无,无
网易云音乐,晚安,1,天天想周,2025-04-24 00:29:58,1359356908,晚安,['晚安'],1,2,0.4150713980197906,正面,[],[],[],[],[],"[('晚安', 11.2616203224)]",['晚安'],False,,0.0,0.0,0.0,0.0,0.0,0,"[('晚安', '中性', 0.0, '晚安', [])]",中性,无,无,无,无,无,无,无,无,无
网易云音乐,在这里呦,1,猴小宝宝宝,2025-04-24 00:28:35,1359356908,在这里呦,['这里'],1,2,0.4221868515014648,正面,[],[],[],[],[],[],[],False,,0.0,0.0,0.0,0.0,0.0,0,[],无,无,无,无,无,无,无,无,无,无
网易云音乐,她的晚安还在吗,1,予悦yy,2025-04-24 00:28:01,1359356908,她的晚安还在吗,['晚安'],1,2,0.4446084797382355,正面,[],[],[],[],[],"[('晚安', 11.2616203224)]",['晚安'],False,,0.0,0.0,0.0,0.0,0.0,0,"[('晚安', '中性', 0.0, '她的晚安还在吗', [])]",中性,无,无,无,无,无,无,无,无,无
网易云音乐,小乖要早点睡觉咯，晚安。,1,许江宜_,2025-04-24 00:27:40,1359356908,小乖要早点睡觉咯，晚安。,"['小乖', '早点', '睡觉', '晚安']",4,1,0.4891082644462585,中性,"[('，', 'OTHER', 8, 9), ('。', 'OTHER', 11, 12)]",[],[],[],[],"[('晚安', 5.6308101612), ('睡觉', 3.516351621505)]","['晚安', '睡觉']",False,,0.0,0.0,0.0,0.0,0.0,0,"[('晚安', '中性', 0.0, '点睡觉咯，晚安。', [])]",中性,无,无,无,无,无,无,无,无,无
网易云音乐,在呢在呢,1,佩皮尼昂霓虹紫西瓜,2025-04-24 00:24:23,1359356908,在呢在呢,[],0,2,0.470074862241745,正面,[],[],[],[],[],[],[],False,,0.0,0.0,0.0,0.0,0.0,0,[],无,无,无,无,无,无,无,无,无,无
网易云音乐,谢谢,1,慕川of网易云,2025-04-24 00:18:46,1359356908,谢谢,['谢谢'],1,2,0.3744980096817016,正面,"[('谢谢', 'PERSON', 0, 2)]",['谢谢'],[],[],[],[],[],False,,0.0,0.0,0.0,0.0,0.0,0,"[('谢谢', '中性', 0.0, '谢谢', [])]",无,无,无,无,无,无,无,无,无,无
网易云音乐,也愿你每次都平平安安,1,慕川of网易云,2025-04-24 00:18:36,1359356908,也愿你每次都平平安安,"['每次', '平平安安']",2,1,0.3965171277523041,中性,"[('平平安安', 'LOCATION', 6, 10)]",[],['平平安安'],[],[],"[('平平安安', 10.4994802703)]",['平平安安'],False,,0.0,0.0,0.0,0.0,0.0,0,"[('平平安安', '中性', 0.0, '愿你每次都平平安安', [])]",无,无,无,无,无,无,无,无,无,无
网易云音乐,非常伟大的梦想，加油，一定会成功的,1,慕川of网易云,2025-04-24 00:18:21,1359356908,非常伟大的梦想，加油，一定会成功的,"['非常', '伟大', '梦想', '加油', '一定', '成功']",6,2,0.4281924962997436,正面,"[('，', 'OTHER', 7, 8), ('，', 'OTHER', 10, 11)]",[],[],[],[],"[('加油', 4.403463725585), ('梦想', 3.875037441765)]","['加油', '梦想']",False,,0.0,0.0,0.0,0.0,0.0,0,"[('梦想', '中性', 0.0, '非常伟大的梦想，加油，一', [])]",无,无,无,无,无,无,无,无,无,无
网易云音乐,这,1,若幸福就不听歌,2025-04-24 00:15:38,1359356908,这,[],0,1,0.394278734922409,中性,[],[],[],[],[],[],[],False,,0.0,0.0,0.0,0.0,0.0,0,[],无,无,无,无,无,无,无,无,无,无
网易云音乐,逼一个人对你好真的很没意思,1,有丶些,2025-04-24 00:14:51,1359356908,逼一个人对你好真的很没意思,"['你好', '真的', '没意思']",3,2,0.4357025325298309,正面,[],[],[],[],[],[],[],False,,0.0,0.0,0.0,0.0,0.0,0,"[('你好', '中性', 0.0, '逼一个人对你好真的很没意', []), ('没意思', '中性', 0.0, '你好真的很没意思', [])]",无,无,无,无,无,无,无,无,无,无
网易云音乐,晚安,1,待雨如晴,2025-04-24 00:13:53,1359356908,晚安,['晚安'],1,2,0.4150713980197906,正面,[],[],[],[],[],"[('晚安', 11.2616203224)]",['晚安'],False,,0.0,0.0,0.0,0.0,0.0,0,"[('晚安', '中性', 0.0, '晚安', [])]",中性,无,无,无,无,无,无,无,无,无
网易云音乐,好棒啊,1,懂我的敏感-,2025-04-24 00:13:42,1359356908,好棒啊,[],0,2,0.4271312057971954,正面,[],[],[],[],[],[],[],False,,0.0,0.0,0.0,0.0,0.0,0,[],无,无,无,无,无,无,无,无,无,无
网易云音乐,好想出去淋雨哦～[憨笑][憨笑][憨笑],1,yangyang20_,2025-04-24 00:12:13,1359356908,好想出去淋雨哦～憨笑憨笑憨笑,"['出去', '淋雨', '憨笑', '憨笑', '憨笑']",5,2,0.5028753280639648,正面,"[('～', 'OTHER', 7, 8)]",[],[],[],[],"[('淋雨', 5.7078855011), ('出去', 2.81725660768)]","['淋雨', '出去']",False,,0.0,0.0,0.0,0.0,0.0,0,"[('淋雨', '正面', 0.3333333333333333, '好想出去淋雨哦～憨笑憨', [('好', 1.0)])]",无,无,无,无,无,无,无,无,无,无
网易云音乐,晚安,1,小_爱神,2025-04-24 00:11:34,1359356908,晚安,['晚安'],1,2,0.4150713980197906,正面,[],[],[],[],[],"[('晚安', 11.2616203224)]",['晚安'],False,,0.0,0.0,0.0,0.0,0.0,0,"[('晚安', '中性', 0.0, '晚安', [])]",中性,无,无,无,无,无,无,无,无,无
网易云音乐,@媛是我的一切 晚安,1,可我不善言表,2025-04-24 00:10:42,1359356908,媛是我的一切 晚安,"['一切', '晚安']",2,2,0.448348194360733,正面,"[('媛', 'OTHER', 0, 1), (' ', 'OTHER', 6, 7)]",[],[],[],[],"[('晚安', 11.2616203224)]",['晚安'],False,,0.0,0.0,0.0,0.0,0.0,0,"[('晚安', '中性', 0.0, '我的一切 晚安', [])]",中性,无,无,无,无,无,无,无,无,无
网易云音乐,在你眼中 我是什么样子的,1,x_睡個好覺叭,2025-04-24 00:10:11,1359356908,在你眼中 我是什么样子的,"['眼中', '样子']",2,2,0.4547836482524872,正面,"[(' ', 'OTHER', 4, 5)]",[],[],[],[],"[('样子', 5.73275828902)]",['样子'],False,,0.0,0.0,0.0,0.0,0.0,0,"[('样子', '中性', 0.0, ' 我是什么样子的', [])]",无,无,无,无,无,无,无,无,无,无
网易云音乐,接,1,小鹿uv,2025-04-24 00:09:01,1359356908,接,[],0,0,0.3542755842208862,负面,[],[],[],[],[],[],[],False,,0.0,0.0,0.0,0.0,0.0,0,[],无,无,无,无,无,无,无,无,无,无
网易云音乐,晚安💤,1,竹清清_,2025-04-24 00:06:14,1359356908,晚安,['晚安'],1,2,0.4150713980197906,正面,[],[],[],[],[],"[('晚安', 11.2616203224)]",['晚安'],False,,0.0,0.0,0.0,0.0,0.0,0,"[('晚安', '中性', 0.0, '晚安', [])]",中性,无,无,无,无,无,无,无,无,无
网易云音乐,说来奇怪 那天看到没有回复的信息以后我就真的开始新的生活了,1,-碎誓生锈-_,2025-04-24 00:05:39,1359356908,说来奇怪 那天看到没有回复的信息以后我就真的开始新的生活了,"['说来', '奇怪', '那天', '看到', '回复', '信息', '以后', '真的', '开始', '生活']",10,2,0.4994622766971588,正面,"[(' ', 'OTHER', 4, 5)]",[],[],[],[],"[('说来', 0.974485552445), ('回复', 0.91905731865125), ('奇怪', 0.80756637141375), ('信息', 0.65673258659625), ('看到', 0.60810121523125), ('生活', 0.57923280413375), ('开始', 0.480628388505), ('没有', 0.38910294564375)]","['说来', '回复', '奇怪', '信息', '看到', '生活', '开始', '没有']",False,,0.0,0.0,0.0,0.0,0.0,0,"[('信息', '中性', 0.0, '没有回复的信息以后我就真', [])]",无,无,无,无,无,无,无,无,无,无
网易云音乐,最近热榜怎么都是我以前爱听的[大笑],1,Witd_798,2025-04-24 00:01:08,1359356908,最近热榜怎么都是我以前爱听的大笑,"['最近', '热榜', '怎么', '以前', '大笑']",5,2,0.4225703477859497,正面,[],[],[],[],[],"[('大笑', 7.37711534583)]",['大笑'],False,,0.0,0.0,0.0,0.0,0.0,0,[],无,无,无,无,无,无,无,无,无,无
网易云音乐,"哪个网易云十二周年，让我突然发觉这个歌已经是19年了吗
",1,素月1803,2025-04-24 00:00:18,1359356908,哪个网易云十二周年，让我突然发觉这个歌已经是年了吗,"['哪个', '网易', '十二', '周年', '突然', '发觉', '这个', '已经']",8,2,0.4653269052505493,正面,"[('云', 'LOCATION', 4, 5), ('周年', 'TIME', 7, 9), ('，', 'MUSIC', 9, 10)]",[],['云'],[],[],"[('网易', 4.27204568865), ('发觉', 3.937405839075)]","['网易', '发觉']",False,,0.0,0.0,0.0,0.0,0.0,0,"[('网易', '中性', 0.0, '哪个网易云十二周年', [])]",无,无,无,无,无,无,无,无,无,无
网易云音乐,安瑞敏,1,恨俊痛,2025-04-23 23:59:09,1359356908,安瑞敏,['安瑞敏'],1,2,0.4360535442829132,正面,"[('安瑞敏', 'PERSON', 0, 3)]",['安瑞敏'],[],[],[],[],[],False,,0.0,0.0,0.0,0.0,0.0,0,"[('安瑞敏', '中性', 0.0, '安瑞敏', [])]",无,无,无,无,无,无,无,无,无,无
网易云音乐,一直都很火,1,9_7iuk,2025-04-23 23:58:50,1359356908,一直都很火,['一直'],1,2,0.4284213483333587,正面,[],[],[],[],[],[],[],False,,0.0,0.0,0.0,0.0,0.0,0,[],无,无,无,无,无,无,无,无,无,无
网易云音乐,晚安,1,9_7iuk,2025-04-23 23:58:26,1359356908,晚安,['晚安'],1,2,0.4150713980197906,正面,[],[],[],[],[],"[('晚安', 11.2616203224)]",['晚安'],False,,0.0,0.0,0.0,0.0,0.0,0,"[('晚安', '中性', 0.0, '晚安', [])]",中性,无,无,无,无,无,无,无,无,无
网易云音乐,曾经多少个牵着肠拉扯不舍的夜晚,1,说实话我还是介意你和她,2025-04-23 23:57:08,1359356908,曾经多少个牵着肠拉扯不舍的夜晚,"['曾经', '拉扯', '不舍', '夜晚']",4,1,0.3519608974456787,中性,"[('夜晚', 'TIME', 13, 15)]",[],[],[],[],"[('不舍', 4.855511454975), ('拉扯', 4.37369302874)]","['不舍', '拉扯']",False,,0.0,0.0,0.0,0.0,0.0,0,"[('不舍', '中性', 0.0, '牵着肠拉扯不舍的夜晚', [])]",无,无,无,无,无,无,无,无,无,无
网易云音乐,哈喽,1,茹拉拉拉,2025-04-23 23:55:48,1359356908,哈喽,[],0,1,0.4133865535259247,中性,[],[],[],[],[],[],[],False,,0.0,0.0,0.0,0.0,0.0,0,[],无,无,无,无,无,无,无,无,无,无
网易云音乐,来了，隔壁没版权555,1,鹤酌,2025-04-23 23:53:42,1359356908,来了，隔壁没版权,"['隔壁', '版权']",2,2,0.408004879951477,正面,"[('，', 'OTHER', 2, 3)]",[],[],[],[],"[('版权', 8.98802276624)]",['版权'],False,,0.0,0.0,0.0,0.0,0.0,0,"[('版权', '中性', 0.0, '了，隔壁没版权', [])]",无,无,无,无,无,无,无,无,无,无
网易云音乐,你上学背课文一定很牛吧 人家说的话人家自己都已经忘了 你还能倒背如流 ,1,大雾的尽头,2025-04-23 23:53:23,1359356908,你上学背课文一定很牛吧 人家说的话人家自己都已经忘了 你还能倒背如流,"['上学', '课文', '一定', '人家', '的话', '人家', '已经', '倒背如流']",8,2,0.5170180797576904,正面,"[(' ', 'OTHER', 11, 12), (' ', 'OTHER', 26, 27)]",[],[],[],[],"[('人家', 2.824115780865), ('课文', 2.616672611875), ('上学', 1.9240299723525)]","['人家', '课文', '上学']",False,,0.0,0.0,0.0,0.0,0.0,0,"[('上学', '中性', 0.0, '你上学背课文一定', []), ('课文', '中性', 0.0, '你上学背课文一定很牛吧', []), ('人家', '中性', 0.0, '定很牛吧 人家说的话人家', []), ('人家', '中性', 0.0, '定很牛吧 人家说的话人家', [])]",无,无,无,无,无,无,无,无,无,无
网易云音乐,"这嗓音我的天 我太爱了哇！！！！！！

",1,听点能听的,2025-04-23 23:53:00,1359356908,这嗓音我的天 我太爱了哇！！！！！！,"['嗓音', '我太爱']",2,2,0.4980643987655639,正面,"[(' ', 'OTHER', 6, 7), ('！', 'OTHER', 12, 13), ('！', 'OTHER', 13, 14), ('！', 'OTHER', 14, 15), ('！', 'OTHER', 15, 16), ('！', 'OTHER', 16, 17), ('！', 'OTHER', 17, 18)]",[],[],[],[],"[('嗓音', 8.33615724465)]",['嗓音'],False,,0.0,0.0,0.0,0.0,0.0,0,"[('嗓音', '中性', 0.0, '这嗓音我的天 我', [])]",无,无,无,无,无,无,无,无,无,无
网易云音乐,"宝宝晚安 我希望你永远开心
",1,你总是叫我诺,2025-04-23 23:48:43,1359356908,宝宝晚安 我希望你永远开心,"['宝宝', '晚安', '希望', '永远', '开心']",5,2,0.424963504076004,正面,"[('宝宝', 'PERSON', 0, 2), (' ', 'OTHER', 4, 5)]",['宝宝'],[],[],[],"[('晚安', 3.7538734408), ('开心', 2.7107855520600004), ('希望', 1.7351127583933332)]","['晚安', '开心', '希望']",False,,0.0,0.0,0.0,0.0,0.0,0,"[('宝宝', '中性', 0.0, '宝宝晚安 我希', []), ('晚安', '中性', 0.0, '宝宝晚安 我希望你', [])]",中性,无,无,无,无,无,无,无,无,无
网易云音乐,可是一个你和一个你很喜欢的人做朋友你会开心吗假如那天她带着她的对象来和你介绍你会好过吗,1,Parting专辑,2025-04-23 23:44:10,1359356908,可是一个你和一个你很喜欢的人做朋友你会开心吗假如那天她带着她的对象来和你介绍你会好过吗,"['喜欢', '朋友', '开心', '假如', '那天', '对象', '介绍']",7,2,0.5878521800041199,正面,[],[],[],[],[],"[('开心', 1.6264713312360002), ('对象', 1.179797534776), ('朋友', 1.169421696568), ('喜欢', 1.140517680604), ('介绍', 1.106907987096)]","['开心', '对象', '朋友', '喜欢', '介绍']",False,,0.0,0.0,0.0,0.0,0.0,0,"[('朋友', '正面', 0.3333333333333333, '喜欢的人做朋友你会开心吗', [('喜欢', 1.0)]), ('对象', '中性', 0.0, '她带着她的对象来和你介绍', [])]",无,无,正面,无,无,无,无,无,无,无
网易云音乐,恨你突如其来的落差感 也念你最初那句晚安,1,不锈钢饭碗,2025-04-23 23:42:55,1359356908,恨你突如其来的落差感 也念你最初那句晚安,"['突如其来', '落差', '最初', '那句', '晚安']",5,2,0.4253766536712646,正面,"[(' ', 'OTHER', 10, 11), ('最初', 'TIME', 14, 16)]",[],[],[],[],"[('晚安', 11.2616203224)]",['晚安'],False,,0.0,0.0,0.0,0.0,0.0,0,"[('晚安', '中性', 0.0, '你最初那句晚安', [])]",中性,无,无,无,无,无,无,无,无,无
网易云音乐,晚安,1,茉莉_7D,2025-04-23 23:42:40,1359356908,晚安,['晚安'],1,2,0.4150713980197906,正面,[],[],[],[],[],"[('晚安', 11.2616203224)]",['晚安'],False,,0.0,0.0,0.0,0.0,0.0,0,"[('晚安', '中性', 0.0, '晚安', [])]",中性,无,无,无,无,无,无,无,无,无
网易云音乐,可我还是觉得 不做恋人会很可惜,1,害羞3oO,2025-04-23 23:39:22,1359356908,可我还是觉得 不做恋人会很可惜,"['觉得', '恋人', '可惜']",3,1,0.3844679594039917,中性,"[(' ', 'OTHER', 6, 7)]",[],[],[],[],"[('恋人', 3.1449231777733337), ('可惜', 2.254996768316667), ('觉得', 1.6096366432866667)]","['恋人', '可惜', '觉得']",False,,0.0,0.0,0.0,0.0,0.0,0,"[('恋人', '中性', 0.0, '觉得 不做恋人会很可惜', [])]",无,无,无,无,无,无,无,无,无,无
网易云音乐,诶S1mon,1,番茄炒蛋-bw7,2025-04-23 23:37:43,1359356908,诶Smon,['Smon'],1,2,0.4441718459129333,正面,[],[],[],[],[],[],[],False,,0.0,0.0,0.0,0.0,0.0,0,[],无,无,无,无,无,无,无,无,无,无
网易云音乐,晚安lsq,1,听不到鲸落uluvme,2025-04-23 23:37:13,1359356908,晚安lsq,"['晚安', 'lsq']",2,1,0.4217823147773742,中性,[],[],[],[],[],"[('晚安', 11.2616203224)]",['晚安'],False,,0.0,0.0,0.0,0.0,0.0,0,"[('晚安', '中性', 0.0, '晚安lsq', [])]",中性,无,无,无,无,无,无,无,无,无
网易云音乐,晚安,1,听不到鲸落uluvme,2025-04-23 23:35:50,1359356908,晚安,['晚安'],1,2,0.4150713980197906,正面,[],[],[],[],[],"[('晚安', 11.2616203224)]",['晚安'],False,,0.0,0.0,0.0,0.0,0.0,0,"[('晚安', '中性', 0.0, '晚安', [])]",中性,无,无,无,无,无,无,无,无,无
网易云音乐,晚安不能对谁都说,1,窝素一只小勾,2025-04-23 23:33:22,1359356908,晚安不能对谁都说,"['晚安', '不能']",2,1,0.4598863124847412,中性,[],[],[],[],[],"[('晚安', 5.6308101612), ('不能', 1.99508241725)]","['晚安', '不能']",False,,0.0,0.0,0.0,0.0,0.0,0,"[('晚安', '中性', 0.0, '晚安不能对谁都', [])]",中性,无,无,无,无,无,无,无,无,无
网易云音乐,加油,1,听不到鲸落uluvme,2025-04-23 23:32:51,1359356908,加油,['加油'],1,1,0.3995487689971924,中性,[],[],[],[],[],"[('加油', 8.80692745117)]",['加油'],False,,0.0,0.0,0.0,0.0,0.0,0,[],无,无,无,无,无,无,无,无,无,无
网易云音乐,我老师告诉我，只有懂得享受孤独的人，才能体会到更深层的精神内核，才能去思考更加高级的问题～所以一个人的人也许是适合去思考更深层问题的人～没必要羡慕别人吧～[亲亲][色],1,翎羽-zt,2025-04-23 23:31:40,1359356908,我老师告诉我，只有懂得享受孤独的人，才能体会到更深层的精神内核，才能去思考更加高级的问题～所以一个人的人也许是适合去思考更深层问题的人～没必要羡慕别人吧～亲亲色,"['老师', '告诉', '懂得', '享受', '孤独', '才能', '体会', '深层', '精神', '内核', '才能', '思考', '更加', '高级', '问题', '所以', '也许', '适合', '思考', '深层', '问题', '必要', '羡慕', '别人', '亲亲']",25,2,0.5429388284683228,正面,"[('，', 'OTHER', 6, 7), ('，', 'OTHER', 17, 18), ('，', 'OTHER', 31, 32), ('～', 'OTHER', 44, 45), ('～', 'OTHER', 67, 68), ('～', 'OTHER', 76, 77)]",[],[],[],[],"[('深层', 0.9310240815677778), ('思考', 0.8074843576333334), ('才能', 0.5950749733244445), ('亲亲', 0.5673221221055555), ('内核', 0.5607786201222222), ('羡慕', 0.44540862574944445), ('问题', 0.44039039700888893), ('体会', 0.43385376499444445), ('懂得', 0.38871835524388887), ('适合', 0.3703611373461111), ('享受', 0.3564616115938889), ('老师', 0.3540789851444444), ('精神', 0.3122062917455556), ('告诉', 0.27889400715944446)]","['深层', '思考', '才能', '亲亲', '内核', '羡慕', '问题', '体会', '懂得', '适合', '享受', '老师', '精神', '告诉']",False,,0.0,0.0,0.0,0.0,0.0,0,"[('老师', '中性', 0.0, '我老师告诉我，只', []), ('体会', '中性', 0.0, '的人，才能体会到更深层的', []), ('深层', '中性', 0.0, '能体会到更深层的精神内核', []), ('精神', '中性', 0.0, '到更深层的精神内核，才能', []), ('内核', '中性', 0.0, '深层的精神内核，才能去思', []), ('问题', '中性', 0.0, '更加高级的问题～所以一个', []), ('深层', '中性', 0.0, '能体会到更深层的精神内核', []), ('问题', '中性', 0.0, '更加高级的问题～所以一个', []), ('亲亲', '中性', 0.0, '慕别人吧～亲亲色', [])]",无,无,无,无,无,无,无,无,无,无
网易云音乐,如果睡觉可以逃避一切的话那我睡觉了,1,Hsun9_zuy,2025-04-23 23:30:16,1359356908,如果睡觉可以逃避一切的话那我睡觉了,"['睡觉', '逃避', '一切', '的话', '睡觉']",5,2,0.448727011680603,正面,[],[],[],[],[],"[('睡觉', 4.688468828673334), ('逃避', 2.75529601627)]","['睡觉', '逃避']",False,,0.0,0.0,0.0,0.0,0.0,0,[],无,无,无,无,无,无,无,无,无,无
网易云音乐,晚安,1,LYBRelease,2025-04-23 23:30:09,1359356908,晚安,['晚安'],1,2,0.4150713980197906,正面,[],[],[],[],[],"[('晚安', 11.2616203224)]",['晚安'],False,,0.0,0.0,0.0,0.0,0.0,0,"[('晚安', '中性', 0.0, '晚安', [])]",中性,无,无,无,无,无,无,无,无,无
网易云音乐,人呀，总是自我感动，就像每次都是你说晚安晚安晚安,1,李秋桐i,2025-04-23 23:28:58,1359356908,人呀，总是自我感动，就像每次都是你说晚安晚安晚安,"['总是', '自我', '感动', '每次', '晚安', '晚安', '晚安']",7,2,0.4106283485889435,正面,"[('，', 'OTHER', 2, 3), ('，', 'OTHER', 9, 10)]",[],[],[],[],"[('晚安', 8.446215241800001), ('感动', 1.7742930985925)]","['晚安', '感动']",False,,0.0,0.0,0.0,0.0,0.0,0,"[('晚安', '中性', 0.0, '次都是你说晚安晚安晚安', []), ('晚安', '中性', 0.0, '次都是你说晚安晚安晚安', []), ('晚安', '中性', 0.0, '次都是你说晚安晚安晚安', [])]",中性,无,无,无,无,无,无,无,无,无
网易云音乐,如果到最后你是幸福的那我也无所谓.,1,黎_璇,2025-04-23 23:28:46,1359356908,如果到最后你是幸福的那我也无所谓,"['最后', '幸福', '无所谓']",3,2,0.398458868265152,正面,[],[],[],[],[],[],[],False,,0.0,0.0,0.0,0.0,0.0,0,"[('无所谓', '中性', 0.0, '福的那我也无所谓', [])]",无,无,无,无,无,无,无,无,无,无
网易云音乐,我一个人也走了很远的路 我不将就.,1,黎_璇,2025-04-23 23:27:13,1359356908,我一个人也走了很远的路 我不将就,[],0,2,0.4755797088146209,正面,"[(' ', 'OTHER', 11, 12)]",[],[],[],[],[],[],False,,0.0,0.0,0.0,0.0,0.0,0,[],无,无,无,无,无,无,无,无,无,无
网易云音乐,你的誓言在那个晚上像青烟一样飘走了无影无踪.,1,黎_璇,2025-04-23 23:25:53,1359356908,你的誓言在那个晚上像青烟一样飘走了无影无踪,"['誓言', '那个', '晚上', '青烟', '一样', '飘走', '无影无踪']",7,2,0.3999028205871582,正面,"[('晚上', 'TIME', 7, 9)]",[],[],[],[],"[('飘走', 4.0363060609), ('青烟', 3.3229506730833336), ('誓言', 3.1191276232366665)]","['飘走', '青烟', '誓言']",False,,0.0,0.0,0.0,0.0,0.0,0,"[('誓言', '中性', 0.0, '你的誓言在那个晚上', []), ('青烟', '中性', 0.0, '那个晚上像青烟一样飘走了', [])]",无,无,无,无,无,无,无,无,无,无
网易云音乐,谁又会甘心看着她去牵别人的手,1,孤舟云客,2025-04-23 23:25:19,1359356908,谁又会甘心看着她去牵别人的手,"['甘心', '看着', '别人']",3,1,0.3739131391048431,中性,[],[],[],[],[],"[('甘心', 4.075642333035), ('看着', 2.70924503488)]","['甘心', '看着']",False,,0.0,0.0,0.0,0.0,0.0,0,"[('甘心', '中性', 0.0, '谁又会甘心看着她去牵', [])]",无,无,无,无,无,无,无,无,无,无
网易云音乐,改变不了你 所以我唯一能做的就是远离你.,1,黎_璇,2025-04-23 23:24:40,1359356908,改变不了你 所以我唯一能做的就是远离你,"['改变', '不了', '所以', '唯一', '远离']",5,1,0.4091508984565735,中性,"[(' ', 'OTHER', 5, 6)]",[],[],[],[],"[('远离', 2.5351372168466666), ('不了', 2.01272681825), ('改变', 1.7411929810166666)]","['远离', '不了', '改变']",False,,0.0,0.0,0.0,0.0,0.0,0,[],无,无,无,无,无,无,无,无,无,无
网易云音乐,"幸福就像雨点 落不到每片树叶.

爱无解 如果有 那就是你.

我的名字那么短放在你心里就这么难吗.

我不是上帝 读不懂你的心思.

还是那句话 物质 陪伴 情绪 总要占一个.

没有行动的爱是废话.

想你 是夜深人静时的泪流满面.

[链接]送你一棵无忧树 许你以后无忧无虑.
",1,小柰呀-,2025-04-23 23:22:21,1359356908,幸福就像雨点 落不到每片树叶 爱无解 如果有 那就是你 我的名字那么短放在你心里就这么难吗 我不是上帝 读不懂你的心思 还是那句话 物质 陪伴 情绪 总要占一个 没有行动的爱是废话 想你 是夜深人静时的泪流满面 链接送你一棵无忧树 许你以后无忧无虑,"['幸福', '雨点', '不到', '每片', '树叶', '爱无解', '名字', '那么', '放在', '心里', '这么', '不是', '上帝', '心思', '那句话', '物质', '陪伴', '情绪', '总要', '行动', '废话', '夜深人静', '泪流满面', '链接', '一棵', '无忧', '以后', '无忧无虑']",28,2,0.5002513527870178,正面,"[(' ', 'MOVIE', 6, 7), (' ', 'MOVIE', 14, 15), (' ', 'OTHER', 18, 19), (' ', 'OTHER', 22, 23), (' ', 'OTHER', 27, 28), (' ', 'OTHER', 45, 46), (' ', 'OTHER', 51, 52), (' ', 'OTHER', 59, 60), (' ', 'OTHER', 65, 66), (' ', 'OTHER', 68, 69), (' ', 'OTHER', 71, 72), (' ', 'OTHER', 74, 75), (' ', 'OTHER', 80, 81), (' ', 'OTHER', 90, 91), (' ', 'OTHER', 93, 94), (' ', 'OTHER', 105, 106), (' ', 'OTHER', 115, 116)]",[],[],[],[],"[('无解', 0.68814411838125), ('雨点', 0.5973045143825), ('废话', 0.582231885831875), ('无忧', 0.56554046175375), ('陪伴', 0.552776990414375), ('链接', 0.54354193530625), ('树叶', 0.518429724105), ('上帝', 0.467542670239375), ('心思', 0.43448627685375), ('名字', 0.3861803671975), ('情绪', 0.37855181336375), ('放在', 0.368061932678125), ('行动', 0.35985885259625), ('物质', 0.3558297386625), ('不到', 0.333513704255625), ('没有', 0.194551472821875)]","['无解', '雨点', '废话', '无忧', '陪伴', '链接', '树叶', '上帝', '心思', '名字', '情绪', '放在', '行动', '物质', '不到', '没有']",True,幸福就像雨点 落不到每片树叶 爱无解 如果有 那就是你 我的名字那么短放在你心里就这么难吗 我不是上帝 读不懂你的心思 还是那句话 物质 陪伴 情绪 总要占一个 没有行动的爱是废话 想你 是夜深人静时的泪流满面 链接送你一棵无忧树 许你以后无忧无虑。,0.0,0.0,0.0,0.0,0.0,0,"[('雨点', '中性', 0.0, '幸福就像雨点 落不到每', []), ('树叶', '中性', 0.0, '落不到每片树叶 爱无解 ', []), ('名字', '中性', 0.0, '是你 我的名字那么短放在', []), ('上帝', '中性', 0.0, '吗 我不是上帝 读不懂你', []), ('心思', '中性', 0.0, '读不懂你的心思 还是那句', []), ('物质', '中性', 0.0, '是那句话 物质 陪伴 情', []), ('陪伴', '中性', 0.0, '话 物质 陪伴 情绪 总', []), ('情绪', '中性', 0.0, '质 陪伴 情绪 总要占一', []), ('废话', '中性', 0.0, '行动的爱是废话 想你 是', []), ('泪流满面', '中性', 0.0, '深人静时的泪流满面 链接送你', []), ('链接', '中性', 0.0, '泪流满面 链接送你一棵无', [])]",无,无,无,无,无,无,无,无,无,无
网易云音乐,晚安,1,泪痛苦楚,2025-04-23 23:21:21,1359356908,晚安,['晚安'],1,2,0.4150713980197906,正面,[],[],[],[],[],"[('晚安', 11.2616203224)]",['晚安'],False,,0.0,0.0,0.0,0.0,0.0,0,"[('晚安', '中性', 0.0, '晚安', [])]",中性,无,无,无,无,无,无,无,无,无
网易云音乐,"晚安
",1,忘记不了那些痛_,2025-04-23 23:20:53,1359356908,晚安,['晚安'],1,2,0.4150713980197906,正面,[],[],[],[],[],"[('晚安', 11.2616203224)]",['晚安'],False,,0.0,0.0,0.0,0.0,0.0,0,"[('晚安', '中性', 0.0, '晚安', [])]",中性,无,无,无,无,无,无,无,无,无
网易云音乐,晚安,1,回忆最初的好,2025-04-23 23:20:50,1359356908,晚安,['晚安'],1,2,0.4150713980197906,正面,[],[],[],[],[],"[('晚安', 11.2616203224)]",['晚安'],False,,0.0,0.0,0.0,0.0,0.0,0,"[('晚安', '中性', 0.0, '晚安', [])]",中性,无,无,无,无,无,无,无,无,无
网易云音乐,无论今天过得怎么样，都希望你们可以好好睡觉，晚安啦,1,67love13,2025-04-23 23:20:31,1359356908,无论今天过得怎么样，都希望你们可以好好睡觉，晚安啦,"['无论', '今天', '过得', '怎么样', '希望', '你们', '好好', '睡觉', '晚安']",9,1,0.4332621991634369,中性,"[('今天', 'TIME', 2, 4), ('，', 'OTHER', 9, 10), ('，', 'OTHER', 21, 22)]",[],[],[],[],"[('晚安', 3.7538734408), ('睡觉', 2.344234414336667), ('希望', 1.7351127583933332)]","['晚安', '睡觉', '希望']",False,,0.0,0.0,0.0,0.0,0.0,0,"[('晚安', '中性', 0.0, '好好睡觉，晚安啦', [])]",中性,无,无,无,无,无,无,无,无,无
网易云音乐,hl,1,入東海-,2025-04-23 23:19:42,1359356908,hl,['hl'],1,1,0.4413669109344482,中性,[],[],[],[],[],[],[],False,,0.0,0.0,0.0,0.0,0.0,0,[],无,无,无,无,无,无,无,无,无,无
网易云音乐,"红肿的眼睛 浓重的鼻音 是我爱过你的痕迹.

我爱你的一切 你可以爱我吗.

世界 让我幸福一次 就这么难吗.

你的宝宝那么多 我被挤来挤去很委屈.

如果没有你 我的世界早就崩塌了.

我站在清醒和麻木的边缘 不能堕落也不能解
脱.

风吹倒了梧桐树 也吹倒了我.

每天都像拆盲盒 总有不一样的苦难等着我.
",1,小柰呀-,2025-04-23 23:19:38,1359356908,红肿的眼睛 浓重的鼻音 是我爱过你的痕迹 我爱你的一切 你可以爱我吗 世界 让我幸福一次 就这么难吗 你的宝宝那么多 我被挤来挤去很委屈 如果没有你 我的世界早就崩塌了 我站在清醒和麻木的边缘 不能堕落也不能解 脱 风吹倒了梧桐树 也吹倒了我 每天都像拆盲盒 总有不一样的苦难等着我,"['红肿', '眼睛', '浓重', '鼻音', '爱过', '痕迹', '我爱你', '一切', '爱我吗', '世界', '幸福', '一次', '这么', '宝宝', '那么', '挤来挤去', '委屈', '世界', '早就', '崩塌', '清醒', '麻木', '边缘', '不能', '堕落', '不能', '吹倒', '梧桐树', '吹倒', '每天', '盲盒', '总有', '一样', '苦难']",34,2,0.5233238339424133,正面,"[(' ', 'OTHER', 5, 6), (' ', 'OTHER', 11, 12), (' ', 'OTHER', 20, 21), (' ', 'OTHER', 27, 28), (' ', 'OTHER', 34, 35), (' ', 'OTHER', 37, 38), (' ', 'OTHER', 44, 45), (' ', 'OTHER', 50, 51), ('宝宝', 'PERSON', 53, 55), (' ', 'OTHER', 58, 59), (' ', 'OTHER', 68, 69), (' ', 'OTHER', 74, 75), (' ', 'OTHER', 84, 85), ('麻木', 'PERSON', 91, 93), (' ', 'OTHER', 96, 97), (' ', 'OTHER', 105, 106), (' ', 'OTHER', 107, 108), (' ', 'OTHER', 115, 116), (' ', 'OTHER', 121, 122), (' ', 'OTHER', 129, 130)]","['宝宝', '麻木']",[],[],[],"[('吹倒', 1.2116605976000001), ('盲盒', 0.6641537501611111), ('爱我吗', 0.6501918374777778), ('鼻音', 0.5957013234222222), ('梧桐树', 0.5571931467277778), ('崩塌', 0.49892759589722224), ('红肿', 0.4957746616422222), ('世界', 0.48528104506333336), ('堕落', 0.48224010149444446), ('不能', 0.44335164827777773), ('痕迹', 0.4273382014377778), ('委屈', 0.4226254651738889), ('边缘', 0.3598394004288889), ('眼睛', 0.28520333503666667), ('没有', 0.17293464250833332)]","['吹倒', '盲盒', '爱我吗', '鼻音', '梧桐树', '崩塌', '红肿', '世界', '堕落', '不能', '痕迹', '委屈', '边缘', '眼睛', '没有']",True,红肿的眼睛 浓重的鼻音 是我爱过你的痕迹 我爱你的一切 你可以爱我吗 世界 让我幸福一次 就这么难吗 你的宝宝那么多 我被挤来挤去很委屈 如果没有你 我的世界早就崩塌了 我站在清醒和麻木的边缘 不能堕落也不能解 脱 风吹倒了梧桐树 也吹倒了我 每天都像拆盲盒 总有不一样的苦难等着我。,0.0,0.0,0.0,0.0,0.0,0,"[('红肿', '中性', 0.0, '红肿的眼睛 浓', []), ('眼睛', '中性', 0.0, '红肿的眼睛 浓重的鼻', []), ('鼻音', '中性', 0.0, '睛 浓重的鼻音 是我爱过', []), ('痕迹', '中性', 0.0, '我爱过你的痕迹 我爱你的', []), ('我爱你', '中性', 0.0, '你的痕迹 我爱你的一切 你', []), ('爱我吗', '中性', 0.0, '切 你可以爱我吗 世界 让', []), ('世界', '中性', 0.0, '以爱我吗 世界 让我幸福', []), ('宝宝', '中性', 0.0, '难吗 你的宝宝那么多 我', []), ('世界', '中性', 0.0, '以爱我吗 世界 让我幸福', []), ('麻木', '中性', 0.0, '站在清醒和麻木的边缘 不', []), ('边缘', '中性', 0.0, '醒和麻木的边缘 不能堕落', []), ('梧桐树', '中性', 0.0, ' 风吹倒了梧桐树 也吹倒了', []), ('盲盒', '中性', 0.0, '每天都像拆盲盒 总有不一', [])]",无,无,无,中性,无,无,无,无,中性,无
网易云音乐,"可惜我不是你的only one

我故作狠心 结果才发现我离不开她.

到底要多漂亮的女孩 才能在爱里风生水起.

我就像花瓶一样 没花就是废品.

爱是我花钱都买不来的.

你若不嫌她素颜 她又怎么会嫌你没钱.

不知道什么是把妹王 只知道对你好是我的本能.

恋爱就像树叶 不是在绿就是在黄.

",1,小柰呀-,2025-04-23 23:17:08,1359356908,可惜我不是你的only one 我故作狠心 结果才发现我离不开她 到底要多漂亮的女孩 才能在爱里风生水起 我就像花瓶一样 没花就是废品 爱是我花钱都买不来的 你若不嫌她素颜 她又怎么会嫌你没钱 不知道什么是把妹王 只知道对你好是我的本能 恋爱就像树叶 不是在绿就是在黄,"['可惜', '不是', 'only', 'one', '故作', '狠心', '结果', '发现', '离不开', '到底', '漂亮', '女孩', '才能', '爱里', '风生水', '花瓶', '一样', '废品', '花钱', '不来', '素颜', '怎么', '知道', '妹王', '知道', '你好', '本能', '恋爱', '树叶', '不是']",30,2,0.5796497464179993,正面,"[(' ', 'OTHER', 11, 12), (' ', 'OTHER', 15, 16), (' ', 'OTHER', 21, 22), (' ', 'OTHER', 32, 33), (' ', 'OTHER', 42, 43), ('爱里', 'LOCATION', 46, 48), (' ', 'OTHER', 52, 53), (' ', 'OTHER', 60, 61), (' ', 'OTHER', 67, 68), (' ', 'OTHER', 78, 79), (' ', 'OTHER', 86, 87), (' ', 'OTHER', 96, 97), (' ', 'OTHER', 106, 107), (' ', 'OTHER', 118, 119), (' ', 'OTHER', 125, 126), ('黄', 'LOCATION', 133, 134)]",[],"['爱里', '黄']",[],[],"[('爱里', 0.597738375145), ('妹王', 0.597738375145), ('风生水', 0.517266479525), ('废品', 0.4886771633465), ('花瓶', 0.47656148997549996), ('故作', 0.451657160076), ('没钱', 0.42312991715250003), ('花钱', 0.41836440816250003), ('树叶', 0.41474377928399997), ('本能', 0.40045167200750004), ('知道', 0.397410854), ('离不开', 0.392783616897), ('恋爱', 0.392783616897), ('女孩', 0.3732263641805), ('不来', 0.35332844565800003), ('可惜', 0.3382495152475), ('才能', 0.267783737996), ('结果', 0.247280835067), ('发现', 0.21865239314)]","['爱里', '妹王', '风生水', '废品', '花瓶', '故作', '没钱', '花钱', '树叶', '本能', '知道', '离不开', '恋爱', '女孩', '不来', '可惜', '才能', '结果', '发现']",True,可惜我不是你的only one 我故作狠心 结果才发现我离不开她 到底要多漂亮的女孩 才能在爱里风生水起 我就像花瓶一样 没花就是废品 爱是我花钱都买不来的 你若不嫌她素颜 她又怎么会嫌你没钱 不知道什么是把妹王 只知道对你好是我的本能 恋爱就像树叶 不是在绿就是在黄。,0.0,0.0,0.0,0.0,0.0,0,"[('故作', '中性', 0.0, 'one 我故作狠心 结果', []), ('结果', '中性', 0.0, '故作狠心 结果才发现我离', []), ('女孩', '中性', 0.0, '要多漂亮的女孩 才能在爱', []), ('爱里', '中性', 0.0, '孩 才能在爱里风生水起 ', []), ('风生水', '中性', 0.0, '才能在爱里风生水起 我就像', []), ('花瓶', '中性', 0.0, '起 我就像花瓶一样 没花', []), ('废品', '中性', 0.0, ' 没花就是废品 爱是我花', []), ('花钱', '中性', 0.0, '品 爱是我花钱都买不来的', []), ('妹王', '中性', 0.0, '道什么是把妹王 只知道对', []), ('你好', '中性', 0.0, ' 只知道对你好是我的本能', []), ('本能', '中性', 0.0, '你好是我的本能 恋爱就像', []), ('树叶', '中性', 0.0, ' 恋爱就像树叶 不是在绿', [])]",无,无,无,无,无,无,无,无,无,无
网易云音乐,两句晚安,1,小i依旧,2025-04-23 23:16:58,1359356908,两句晚安,"['两句', '晚安']",2,2,0.4116970002651214,正面,[],[],[],[],[],"[('晚安', 11.2616203224)]",['晚安'],False,,0.0,0.0,0.0,0.0,0.0,0,"[('晚安', '中性', 0.0, '两句晚安', [])]",中性,无,无,无,无,无,无,无,无,无
网易云音乐,保护好自己才能保护好更多的人啊，记住了，加油哦,1,o我的天那,2025-04-23 23:16:11,1359356908,保护好自己才能保护好更多的人啊，记住了，加油哦,"['保护', '才能', '保护', '记住', '加油']",5,2,0.4115380346775055,正面,"[('，', 'OTHER', 15, 16), ('，', 'OTHER', 19, 20)]",[],[],[],[],"[('保护', 2.159601708888), ('加油', 1.7613854902340003), ('记住', 1.493869314008), ('才能', 1.071134951984)]","['保护', '加油', '记住', '才能']",False,,0.0,0.0,0.0,0.0,0.0,0,[],无,无,无,无,无,无,无,无,无,无
网易云音乐,痛苦总是不合时宜的出现,1,蒤侸,2025-04-23 23:15:34,1359356908,痛苦总是不合时宜的出现,"['痛苦', '总是', '不合时宜', '出现']",4,2,0.4296908676624298,正面,[],[],[],[],[],"[('出现', 3.84296799359)]",['出现'],False,,0.0,0.0,0.0,0.0,0.0,0,[],无,无,无,无,无,无,无,无,无,无
网易云音乐,晚安,1,冰雪博闻多识雪莲,2025-04-23 23:14:57,1359356908,晚安,['晚安'],1,2,0.4150713980197906,正面,[],[],[],[],[],"[('晚安', 11.2616203224)]",['晚安'],False,,0.0,0.0,0.0,0.0,0.0,0,"[('晚安', '中性', 0.0, '晚安', [])]",中性,无,无,无,无,无,无,无,无,无
网易云音乐,"了解我之后 就会讨厌我了.

我发誓 我不会再让她手臂上添半条疤.

爱是无辜的风筝 拉扯最在乎的人.

可能我不是最好的那个 但你不会遇到第二个我.

曾经我们也被羡慕 如今情难说出.

生活就像是一部老电影 永远是黑白两色.

我是一朵难养的花 你答应过会把我养好的.

你心里的那座城 终究属于谁呢.
",1,小柰呀-,2025-04-23 23:14:45,1359356908,了解我之后 就会讨厌我了 我发誓 我不会再让她手臂上添半条疤 爱是无辜的风筝 拉扯最在乎的人 可能我不是最好的那个 但你不会遇到第二个我 曾经我们也被羡慕 如今情难说出 生活就像是一部老电影 永远是黑白两色 我是一朵难养的花 你答应过会把我养好的 你心里的那座城 终究属于谁呢,"['了解', '之后', '讨厌', '发誓', '不会', '手臂', '上添', '半条', '爱是', '无辜', '风筝', '拉扯', '在乎', '可能', '不是', '最好', '那个', '不会', '遇到', '第二个', '曾经', '我们', '羡慕', '如今', '情难', '说出', '生活', '像是', '一部', '老电影', '永远', '黑白', '两色', '一朵', '难养', '答应', '过会', '我养', '心里', '那座', '终究', '属于']",42,2,0.4686465263366699,正面,"[(' ', 'OTHER', 5, 6), (' ', 'OTHER', 12, 13), (' ', 'OTHER', 16, 17), (' ', 'OTHER', 30, 31), (' ', 'OTHER', 38, 39), (' ', 'OTHER', 46, 47), (' ', 'OTHER', 57, 58), (' ', 'OTHER', 68, 69), (' ', 'OTHER', 77, 78), ('如今', 'TIME', 78, 80), (' ', 'MOVIE', 84, 85), (' ', 'MOVIE', 95, 96), (' ', 'MOVIE', 103, 104), (' ', 'OTHER', 112, 113), (' ', 'OTHER', 123, 124), (' ', 'OTHER', 131, 132)]",[],[],[],[],"[('老电影', 0.5214326371208333), ('上添', 0.4981153126208333), ('情难', 0.4981153126208333), ('两色', 0.4981153126208333), ('难养', 0.4981153126208333), ('过会', 0.4981153126208333), ('风筝', 0.3841061010354167), ('在乎', 0.37097772409208335), ('不会', 0.36764343162999996), ('拉扯', 0.36447441906166667), ('发誓', 0.35885044255333337), ('无辜', 0.355032512435), ('讨厌', 0.3408485781404167), ('羡慕', 0.3340564693120833), ('手臂', 0.32644039841125), ('说出', 0.2773520890154167), ('像是', 0.26569400986541664), ('答应', 0.2622828187883333), ('遇到', 0.2571042856970833), ('属于', 0.22349491378833333)]","['老电影', '上添', '情难', '两色', '难养', '过会', '风筝', '在乎', '不会', '拉扯', '发誓', '无辜', '讨厌', '羡慕', '手臂', '说出', '像是', '答应', '遇到', '属于']",True,了解我之后 就会讨厌我了 我发誓 我不会再让她手臂上添半条疤 爱是无辜的风筝 拉扯最在乎的人 可能我不是最好的那个 但你不会遇到第二个我 曾经我们也被羡慕 如今情难说出 生活就像是一部老电影 永远是黑白两色 我是一朵难养的花 你答应过会把我养好的 你心里的那座城 终究属于谁呢。,0.0,0.0,0.0,0.0,0.0,0,"[('手臂', '中性', 0.0, '不会再让她手臂上添半条疤', []), ('无辜', '中性', 0.0, '条疤 爱是无辜的风筝 拉', []), ('风筝', '中性', 0.0, '爱是无辜的风筝 拉扯最在', []), ('情难', '中性', 0.0, '羡慕 如今情难说出 生活', []), ('老电影', '中性', 0.0, '就像是一部老电影 永远是黑', []), ('两色', '中性', 0.0, '永远是黑白两色 我是一朵', []), ('过会', '正面', 0.3333333333333333, '花 你答应过会把我养好的', [('好', 1.0)])]",无,无,无,无,无,无,无,无,无,无
网易云音乐,嘻嘻,1,冰雪博闻多识雪莲,2025-04-23 23:12:15,1359356908,嘻嘻,['嘻嘻'],1,1,0.3881964981555938,中性,[],[],[],[],[],[],[],False,,0.0,0.0,0.0,0.0,0.0,0,[],无,无,无,无,无,无,无,无,无,无
网易云音乐,平安归来,1,安稳小雯,2025-04-23 23:12:13,1359356908,平安归来,"['平安', '归来']",2,2,0.3659478724002838,正面,[],[],[],[],[],"[('归来', 7.84389363875)]",['归来'],False,,0.0,0.0,0.0,0.0,0.0,0,[],无,无,无,无,无,无,无,无,无,无
网易云音乐,咋又火咯[西西疑问]（无恶意）,1,2Y-x,2025-04-23 23:11:24,1359356908,咋又火咯西西疑问（无恶意）,"['火咯', '西西', '疑问', '恶意']",4,2,0.4066435098648071,正面,"[('西西', 'LOCATION', 4, 6), ('（', 'OTHER', 8, 9), ('）', 'OTHER', 12, 13)]",[],['西西'],[],[],"[('西西', 4.2673551211000005), ('恶意', 2.83568336854), ('疑问', 2.497932555303333)]","['西西', '恶意', '疑问']",False,,0.0,0.0,0.0,0.0,0.0,0,"[('西西', '中性', 0.0, '咋又火咯西西疑问（无恶', [])]",无,无,无,无,无,无,无,无,无,无
网易云音乐,真的假的 楼丝,1,远离我--o,2025-04-23 23:11:21,1359356908,真的假的 楼丝,"['真的假', '楼丝']",2,2,0.3986773192882538,正面,"[(' ', 'OTHER', 4, 5)]",[],[],[],[],"[('楼丝', 11.9547675029)]",['楼丝'],False,,0.0,0.0,0.0,0.0,0.0,0,"[('真的假', '中性', 0.0, '真的假的 楼丝', []), ('楼丝', '中性', 0.0, '真的假的 楼丝', [])]",无,无,无,无,无,无,无,无,无,无
网易云音乐,@TtbXuuu ,1,福福xuxu,2025-04-23 23:09:58,1359356908,TtbXuuu,['TtbXuuu'],1,2,0.3843994736671448,正面,[],[],[],[],[],[],[],False,,0.0,0.0,0.0,0.0,0.0,0,[],无,无,无,无,无,无,无,无,无,无
网易云音乐,还在处吗,1,禁佰邪,2025-04-23 23:08:10,1359356908,还在处吗,[],0,2,0.4436788260936737,正面,[],[],[],[],[],[],[],False,,0.0,0.0,0.0,0.0,0.0,0,[],无,无,无,无,无,无,无,无,无,无
网易云音乐,此时一个三年后存款十位数的人赞了我,1,别凶猪猪i,2025-04-23 23:07:20,1359356908,此时一个三年后存款十位数的人赞了我,"['此时', '三年', '存款', '十位数', '人赞']",5,2,0.4665900468826294,正面,[],[],[],[],[],"[('存款', 7.07304841747)]",['存款'],False,,0.0,0.0,0.0,0.0,0.0,0,"[('存款', '中性', 0.0, '一个三年后存款十位数的人', []), ('十位数', '中性', 0.0, '三年后存款十位数的人赞了我', [])]",无,无,无,无,无,无,无,无,无,无
网易云音乐,倘若那日誓言作数 这是我们的第二年,1,小猫咪小安,2025-04-23 23:05:55,1359356908,倘若那日誓言作数 这是我们的第二年,"['倘若', '那日', '誓言', '这是', '我们', '第二年']",6,2,0.408699631690979,正面,"[(' ', 'OTHER', 8, 9)]",[],[],[],[],"[('誓言', 9.35738286971)]",['誓言'],False,,0.0,0.0,0.0,0.0,0.0,0,"[('誓言', '中性', 0.0, '倘若那日誓言作数 这是', [])]",无,无,无,无,无,无,无,无,无,无
网易云音乐,人总是这样 心知肚明还有所期待,1,物质女孩终结者,2025-04-23 23:03:31,1359356908,人总是这样 心知肚明还有所期待,"['总是', '心知肚明', '期待']",3,1,0.4012746512889862,中性,"[(' ', 'OTHER', 5, 6)]",[],[],[],[],"[('期待', 3.35462416097), ('还有', 2.01382465346)]","['期待', '还有']",False,,0.0,0.0,0.0,0.0,0.0,0,[],无,无,无,无,无,无,无,无,无,无
网易云音乐,睡一觉就好了,1,恨你亿万次-,2025-04-23 23:03:17,1359356908,睡一觉就好了,['睡一觉'],1,1,0.4388867914676666,中性,[],[],[],[],[],[],[],False,,0.0,0.0,0.0,0.0,0.0,0,[],无,无,无,无,无,无,无,无,无,无
网易云音乐,晚安 送给晚睡的你们,1,我只会哭为难你了,2025-04-23 23:03:14,1359356908,晚安 送给晚睡的你们,"['晚安', '送给', '晚睡', '你们']",4,1,0.4019055366516113,中性,"[(' ', 'OTHER', 2, 3)]",[],[],[],[],"[('晚睡', 3.9849225009666664), ('晚安', 3.7538734408), ('送给', 2.420703287603333)]","['晚睡', '晚安', '送给']",False,,0.0,0.0,0.0,0.0,0.0,0,"[('晚安', '中性', 0.0, '晚安 送给晚睡', [])]",中性,无,无,无,无,无,无,无,无,无
网易云音乐,晚安,1,说话等掉哈,2025-04-23 23:02:39,1359356908,晚安,['晚安'],1,2,0.4150713980197906,正面,[],[],[],[],[],"[('晚安', 11.2616203224)]",['晚安'],False,,0.0,0.0,0.0,0.0,0.0,0,"[('晚安', '中性', 0.0, '晚安', [])]",中性,无,无,无,无,无,无,无,无,无
网易云音乐,晚安myw[爱心][爱心][爱心][爱心][爱心][爱心],1,小满爱电影,2025-04-23 23:02:17,1359356908,晚安myw爱心爱心爱心爱心爱心爱心,"['晚安', 'myw', '爱心', '爱心', '爱心', '爱心', '爱心', '爱心']",8,2,0.4123506546020508,正面,[],[],[],[],[],"[('爱心', 7.307485066534285), ('晚安', 1.6088029032000002)]","['爱心', '晚安']",False,,0.0,0.0,0.0,0.0,0.0,0,"[('晚安', '中性', 0.0, '晚安myw爱心', []), ('爱心', '中性', 0.0, '晚安myw爱心爱心爱心爱', []), ('爱心', '中性', 0.0, '晚安myw爱心爱心爱心爱', []), ('爱心', '中性', 0.0, '晚安myw爱心爱心爱心爱', []), ('爱心', '中性', 0.0, '晚安myw爱心爱心爱心爱', []), ('爱心', '中性', 0.0, '晚安myw爱心爱心爱心爱', []), ('爱心', '中性', 0.0, '晚安myw爱心爱心爱心爱', [])]",中性,无,无,无,无,无,无,无,无,中性
网易云音乐,我知道 总有一天 我会放下你 偶尔想起 也不会有波澜 我一直在骗我自己 企图让这个结局晚点来 但我忘了 就算开到0.5倍速 结局还是那个结局 都没变,1,一眼选中就是报应,2025-04-23 23:00:50,1359356908,我知道 总有一天 我会放下你 偶尔想起 也不会有波澜 我一直在骗我自己 企图让这个结局晚点来 但我忘了 就算开到倍速 结局还是那个结局 都没变,"['知道', '总有一天', '我会', '放下', '偶尔', '想起', '不会', '波澜', '一直', '企图', '这个', '结局', '晚点', '就算', '倍速', '结局', '那个', '结局', '没变']",19,2,0.4916113913059234,正面,"[(' ', 'OTHER', 3, 4), (' ', 'OTHER', 8, 9), (' ', 'OTHER', 14, 15), (' ', 'OTHER', 19, 20), ('波澜', 'OTHER', 24, 26), (' ', 'OTHER', 26, 27), (' ', 'OTHER', 35, 36), (' ', 'OTHER', 46, 47), (' ', 'OTHER', 51, 52), (' ', 'OTHER', 58, 59), (' ', 'OTHER', 67, 68)]",[],[],[],[],"[('结局', 1.93539556587), ('晚点', 0.8530930004833334), ('没变', 0.8158169823166667), ('我会', 0.6117552012066666), ('企图', 0.5672035671708333), ('放下', 0.5507517868999999), ('就算', 0.5497923000616667), ('想起', 0.502129864245), ('不会', 0.36764343162999996), ('知道', 0.33117571166666665)]","['结局', '晚点', '没变', '我会', '企图', '放下', '就算', '想起', '不会', '知道']",False,,0.0,0.0,0.0,0.0,0.0,0,"[('总有一天', '中性', 0.0, '我知道 总有一天 我会放下', []), ('我会', '中性', 0.0, '总有一天 我会放下你 偶', []), ('波澜', '中性', 0.0, ' 也不会有波澜 我一直在', []), ('企图', '中性', 0.0, '骗我自己 企图让这个结局', []), ('结局', '中性', 0.0, '企图让这个结局晚点来 但', []), ('晚点', '中性', 0.0, '让这个结局晚点来 但我忘', []), ('结局', '中性', 0.0, '企图让这个结局晚点来 但', []), ('结局', '中性', 0.0, '企图让这个结局晚点来 但', [])]",无,无,无,无,中性,无,无,无,无,无
网易云音乐, 枯燥生活中的一束光,1,我困在雨天里x,2025-04-23 22:59:31,1359356908,枯燥生活中的一束光,"['枯燥', '生活', '一束']",3,2,0.4925344288349151,正面,[],[],[],[],[],"[('生活', 4.63386243307)]",['生活'],False,,0.0,0.0,0.0,0.0,0.0,0,[],无,无,无,无,无,无,无,无,无,无
网易云音乐,"我对你说晚安,你对我说拜拜,或许是我在自找难堪",1,99岁老年梦,2025-04-23 22:58:20,1359356908,我对你说晚安你对我说拜拜或许是我在自找难堪,"['晚安', '拜拜', '或许', '自找', '难堪']",5,2,0.4383206963539123,正面,"[('拜拜', 'LOCATION', 10, 12)]",[],['拜拜'],[],[],"[('晚安', 2.8154050806), ('拜拜', 2.752576473525), ('自找', 2.624870067575), ('难堪', 2.1313498110725)]","['晚安', '拜拜', '自找', '难堪']",False,,0.0,0.0,0.0,0.0,0.0,0,"[('晚安', '中性', 0.0, '我对你说晚安你对我说拜', []), ('拜拜', '中性', 0.0, '安你对我说拜拜或许是我在', [])]",中性,无,无,无,无,无,无,无,无,无
网易云音乐,"你的晚安 我的解药
",1,进击的自由羊,2025-04-23 22:57:14,1359356908,你的晚安 我的解药,"['晚安', '解药']",2,1,0.4187480807304382,中性,"[(' ', 'OTHER', 4, 5)]",[],[],[],[],"[('晚安', 5.6308101612), ('解药', 5.6308101612)]","['晚安', '解药']",False,,0.0,0.0,0.0,0.0,0.0,0,"[('晚安', '中性', 0.0, '你的晚安 我的解药', [])]",中性,无,无,无,无,无,无,无,无,无
网易云音乐,真奇怪，今天又有点想你。我知道你身边很多人，我不是……你可能是无聊寂寞需要的时候我刚好在，我好像很可怕的会依赖的上瘾，清醒又糊涂的我，所以我知道你的随意也出动给你台阶，你下了，我好像还是在上上下下,1,Miss_Travel,2025-04-23 22:56:38,1359356908,真奇怪，今天又有点想你。我知道你身边很多人，我不是你可能是无聊寂寞需要的时候我刚好在，我好像很可怕的会依赖的上瘾，清醒又糊涂的我，所以我知道你的随意也出动给你台阶，你下了，我好像还是在上上下下,"['奇怪', '今天', '有点', '知道', '身边', '很多', '不是', '可能', '无聊', '寂寞', '需要', '时候', '刚好', '好像', '可怕', '依赖', '上瘾', '清醒', '糊涂', '所以', '知道', '随意', '出动', '台阶', '好像', '上上下下']",26,2,0.5259978175163269,正面,"[('，', 'OTHER', 3, 4), ('今天', 'TIME', 4, 6), ('。', 'OTHER', 11, 12), ('，', 'OTHER', 21, 22), ('，', 'OTHER', 42, 43), ('，', 'OTHER', 56, 57), ('，', 'OTHER', 64, 65), ('，', 'OTHER', 81, 82), ('，', 'OTHER', 85, 86)]",[],[],[],[],"[('好像', 0.8641432161338461), ('上瘾', 0.7855229383), ('出动', 0.6184531868084615), ('知道', 0.6114013138461538), ('台阶', 0.57224688274), ('依赖', 0.5357180704723077), ('奇怪', 0.49696392086999996), ('有点', 0.43064706593076924), ('需要', 0.3341908187307692), ('时候', 0.3299035641107692), ('可能', 0.2883098450561538)]","['好像', '上瘾', '出动', '知道', '台阶', '依赖', '奇怪', '有点', '需要', '时候', '可能']",False,,0.0,0.0,0.0,0.0,0.0,0,"[('有点', '中性', 0.0, '怪，今天又有点想你。我知', []), ('时候', '中性', 0.0, '寂寞需要的时候我刚好在，', []), ('台阶', '中性', 0.0, '也出动给你台阶，你下了，', []), ('上上下下', '中性', 0.0, '好像还是在上上下下', [])]",无,中性,无,无,无,无,无,无,无,无
网易云音乐,嗨咯,1,不过尔尔886,2025-04-23 22:55:50,1359356908,嗨咯,[],0,2,0.425868421792984,正面,[],[],[],[],[],[],[],False,,0.0,0.0,0.0,0.0,0.0,0,[],无,无,无,无,无,无,无,无,无,无
网易云音乐,来了,1,悲绪恒瑶,2025-04-23 22:51:54,1359356908,来了,[],0,2,0.4005726873874664,正面,[],[],[],[],[],[],[],False,,0.0,0.0,0.0,0.0,0.0,0,[],无,无,无,无,无,无,无,无,无,无
网易云音乐,晚安。,1,李黛玉丶,2025-04-23 22:46:42,1359356908,晚安。,['晚安'],1,1,0.3750616312026977,中性,"[('。', 'OTHER', 2, 3)]",[],[],[],[],"[('晚安', 11.2616203224)]",['晚安'],False,,0.0,0.0,0.0,0.0,0.0,0,"[('晚安', '中性', 0.0, '晚安。', [])]",中性,无,无,无,无,无,无,无,无,无
网易云音乐,666,1,夜霜玫瑰金黑糖,2025-04-23 22:45:21,1359356908,,[],0,0,0.0,负面,[],[],[],[],[],[],[],False,,0.0,0.0,0.0,0.0,0.0,0,[],无,无,无,无,无,无,无,无,无,无
网易云音乐,王子兮和李嘉梁要永远在一起！,1,夜霜玫瑰金黑糖,2025-04-23 22:44:05,1359356908,王子兮和李嘉梁要永远在一起！,"['王子', '李嘉梁', '永远', '一起']",4,2,0.4203701913356781,正面,"[('王子', 'PERSON', 0, 2), ('李嘉梁', 'PERSON', 4, 7), ('！', 'OTHER', 13, 14)]","['王子', '李嘉梁']",[],[],[],[],[],False,,0.0,0.0,0.0,0.0,0.0,0,"[('王子', '中性', 0.0, '王子兮和李嘉梁', []), ('李嘉梁', '中性', 0.0, '王子兮和李嘉梁要永远在一', [])]",无,无,无,无,无,无,无,无,无,无
网易云音乐,晚安,1,彩虹市的K老板,2025-04-23 22:39:44,1359356908,晚安,['晚安'],1,2,0.4150713980197906,正面,[],[],[],[],[],"[('晚安', 11.2616203224)]",['晚安'],False,,0.0,0.0,0.0,0.0,0.0,0,"[('晚安', '中性', 0.0, '晚安', [])]",中性,无,无,无,无,无,无,无,无,无
网易云音乐,晚安～,1,萏蒂纳艾,2025-04-23 22:34:06,1359356908,晚安～,['晚安'],1,2,0.4118832945823669,正面,"[('～', 'OTHER', 2, 3)]",[],[],[],[],"[('晚安', 11.2616203224)]",['晚安'],False,,0.0,0.0,0.0,0.0,0.0,0,"[('晚安', '中性', 0.0, '晚安～', [])]",中性,无,无,无,无,无,无,无,无,无
网易云音乐,天天开心,1,-林杺鸢,2025-04-23 22:33:35,1359356908,天天开心,['天天开心'],1,1,0.466487318277359,中性,[],[],[],[],[],[],[],False,,0.0,0.0,0.0,0.0,0.0,0,[],无,无,无,无,无,无,无,无,无,无
网易云音乐,天天开心,1,-林杺鸢,2025-04-23 22:33:29,1359356908,天天开心,['天天开心'],1,1,0.466487318277359,中性,[],[],[],[],[],[],[],False,,0.0,0.0,0.0,0.0,0.0,0,[],无,无,无,无,无,无,无,无,无,无
网易云音乐,晚安,1,-林杺鸢,2025-04-23 22:33:24,1359356908,晚安,['晚安'],1,2,0.4150713980197906,正面,[],[],[],[],[],"[('晚安', 11.2616203224)]",['晚安'],False,,0.0,0.0,0.0,0.0,0.0,0,"[('晚安', '中性', 0.0, '晚安', [])]",中性,无,无,无,无,无,无,无,无,无
网易云音乐,嘘 别吵 我在等一批2025年5月的人,1,-林杺鸢,2025-04-23 22:33:14,1359356908,嘘 别吵 我在等一批年月的人,"['别吵', '一批']",2,2,0.4770697355270386,正面,"[(' ', 'OTHER', 1, 2), ('别吵', 'PERSON', 2, 4), (' ', 'OTHER', 4, 5)]",['别吵'],[],[],[],[],[],False,,0.0,0.0,0.0,0.0,0.0,0,"[('别吵', '中性', 0.0, '嘘 别吵 我在等一', [])]",无,无,无,无,无,无,无,无,无,无
网易云音乐,晚安,1,見1面馬,2025-04-23 22:32:49,1359356908,晚安,['晚安'],1,2,0.4150713980197906,正面,[],[],[],[],[],"[('晚安', 11.2616203224)]",['晚安'],False,,0.0,0.0,0.0,0.0,0.0,0,"[('晚安', '中性', 0.0, '晚安', [])]",中性,无,无,无,无,无,无,无,无,无
网易云音乐,我不止一次说过我不想你离开我,1,-花图图-,2025-04-23 22:32:39,1359356908,我不止一次说过我不想你离开我,"['不止一次', '不想', '离开']",3,2,0.447560042142868,正面,[],[],[],[],[],"[('不想', 2.982187479385), ('离开', 2.73039878183)]","['不想', '离开']",False,,0.0,0.0,0.0,0.0,0.0,0,"[('不止一次', '中性', 0.0, '我不止一次说过我不想', [])]",无,无,无,无,无,无,无,无,无,无
网易云音乐,曾经有个傻子 为了你不顾一切 最后换来的确实你的离开,1,-花图图-,2025-04-23 22:32:29,1359356908,曾经有个傻子 为了你不顾一切 最后换来的确实你的离开,"['曾经', '有个', '傻子', '为了', '不顾一切', '最后', '换来', '确实', '离开']",9,2,0.3929845690727234,正面,"[(' ', 'OTHER', 6, 7), (' ', 'OTHER', 14, 15)]",[],[],[],[],"[('换来', 2.86579091464), ('傻子', 2.6828250574), ('离开', 1.8202658545533332)]","['换来', '傻子', '离开']",False,,0.0,0.0,0.0,0.0,0.0,0,"[('傻子', '中性', 0.0, '曾经有个傻子 为了你不', [])]",无,无,无,无,无,无,无,无,无,无
网易云音乐,我再也不要那么痛苦啦 以后我都不会那么痛苦啦,1,狠心俩字,2025-04-23 22:32:00,1359356908,我再也不要那么痛苦啦 以后我都不会那么痛苦啦,"['再也', '不要', '那么', '痛苦', '以后', '不会', '那么', '痛苦']",8,2,0.5080856680870056,正面,"[(' ', 'OTHER', 10, 11)]",[],[],[],[],"[('不会', 4.41172117956)]",['不会'],False,,0.0,0.0,0.0,0.0,0.0,0,[],无,无,无,无,无,无,无,无,无,无
网易云音乐,晚安 你以后怎样都不关我的事了 我也不会窥探你的生活了,1,涵不涵0,2025-04-23 22:31:56,1359356908,晚安 你以后怎样都不关我的事了 我也不会窥探你的生活了,"['晚安', '以后', '怎样', '不关', '不会', '窥探', '生活']",7,2,0.4941995143890381,正面,"[(' ', 'OTHER', 2, 3), (' ', 'OTHER', 15, 16)]",[],[],[],[],"[('晚安', 2.25232406448), ('不关', 2.01880303244), ('窥探', 1.913988862338), ('生活', 0.926772486614), ('不会', 0.882344235912)]","['晚安', '不关', '窥探', '生活', '不会']",False,,0.0,0.0,0.0,0.0,0.0,0,"[('晚安', '中性', 0.0, '晚安 你以后怎', [])]",中性,无,无,无,无,无,无,无,无,无
网易云音乐,晚安💤,1,某白不知名使徒,2025-04-23 22:31:45,1359356908,晚安,['晚安'],1,2,0.4150713980197906,正面,[],[],[],[],[],"[('晚安', 11.2616203224)]",['晚安'],False,,0.0,0.0,0.0,0.0,0.0,0,"[('晚安', '中性', 0.0, '晚安', [])]",中性,无,无,无,无,无,无,无,无,无
网易云音乐,晚安,1,狠心俩字,2025-04-23 22:31:40,1359356908,晚安,['晚安'],1,2,0.4150713980197906,正面,[],[],[],[],[],"[('晚安', 11.2616203224)]",['晚安'],False,,0.0,0.0,0.0,0.0,0.0,0,"[('晚安', '中性', 0.0, '晚安', [])]",中性,无,无,无,无,无,无,无,无,无
网易云音乐,给你们说再见 没有以后啦,1,狠心俩字,2025-04-23 22:31:29,1359356908,给你们说再见 没有以后啦,"['你们', '再见', '以后']",3,2,0.3918439447879791,正面,"[(' ', 'OTHER', 6, 7)]",[],[],[],[],"[('再见', 4.15112784649), ('没有', 1.556411782575)]","['再见', '没有']",False,,0.0,0.0,0.0,0.0,0.0,0,[],无,无,无,无,无,无,无,无,无,无
网易云音乐,晚安哦，好梦,1,雁过时正听雨,2025-04-23 22:31:09,1359356908,晚安哦，好梦,['晚安'],1,1,0.4103846549987793,中性,"[('，', 'OTHER', 3, 4)]",[],[],[],[],"[('晚安', 11.2616203224)]",['晚安'],False,,0.0,0.0,0.0,0.0,0.0,0,"[('晚安', '正面', 0.3333333333333333, '晚安哦，好梦', [('好', 1.0)])]",正面,无,无,无,无,无,无,无,无,无
网易云音乐,"你来过很多地方，却唯独没有来过的我主页，我亲爱的朋友 能来听听我的歌吗，，，，虽然比较小众，没什么人听过。[小红花]2025
期待",1,瓦达西白龙叠丝,2025-04-23 22:29:57,1359356908,你来过很多地方，却唯独没有来过的我主页，我亲爱的朋友 能来听听我的歌吗，，，，虽然比较小众，没什么人听过。小红花 期待,"['很多', '地方', '唯独', '主页', '亲爱', '朋友', '听听', '虽然', '比较', '没什么', '小红花', '期待']",12,2,0.5705275535583496,正面,"[('，', 'OTHER', 7, 8), ('，', 'OTHER', 19, 20), (' ', 'MUSIC', 26, 27), ('，', 'MUSIC', 35, 36), ('，', 'MUSIC', 36, 37), ('，', 'MUSIC', 37, 38), ('，', 'MUSIC', 38, 39), ('，', 'OTHER', 45, 46), ('。', 'OTHER', 52, 53), ('小红花', 'PERSON', 53, 56), (' ', 'OTHER', 56, 57)]",['小红花'],[],[],[],"[('主页', 1.7803003045166665), ('听听', 1.254275472025), ('期待', 1.1182080536566665), ('朋友', 0.9745180804733334), ('地方', 0.7359820723883334), ('没有', 0.5188039275249999)]","['主页', '听听', '期待', '朋友', '地方', '没有']",False,,0.0,0.0,0.0,0.0,0.0,0,"[('地方', '中性', 0.0, '你来过很多地方，却唯独没', []), ('主页', '中性', 0.0, '有来过的我主页，我亲爱的', []), ('朋友', '中性', 0.0, '，我亲爱的朋友 能来听听', []), ('没什么', '中性', 0.0, '比较小众，没什么人听过。小', []), ('小红花', '中性', 0.0, '么人听过。小红花 期待', [])]",无,无,中性,无,无,无,无,无,无,无
网易云音乐,我也需要,1,-Ain繁花重度依赖-,2025-04-23 22:27:21,1359356908,我也需要,['需要'],1,2,0.4403449296951294,正面,[],[],[],[],[],"[('需要', 4.3444806435)]",['需要'],False,,0.0,0.0,0.0,0.0,0.0,0,[],无,无,无,无,无,无,无,无,无,无
网易云音乐,被动选无人在意就不会丢人了[亲亲],1,-Ain繁花重度依赖-,2025-04-23 22:26:45,1359356908,被动选无人在意就不会丢人了亲亲,"['被动', '无人', '在意', '不会', '丢人', '亲亲']",6,2,0.4758688807487488,正面,[],[],[],[],[],"[('亲亲', 1.7019663663166666), ('丢人', 1.5543277789116667), ('在意', 1.3574892397316667), ('被动', 1.22564870687), ('无人', 1.153278651875), ('不会', 0.7352868632599999)]","['亲亲', '丢人', '在意', '被动', '无人', '不会']",False,,0.0,0.0,0.0,0.0,0.0,0,"[('无人', '中性', 0.0, '被动选无人在意就不会', []), ('亲亲', '中性', 0.0, '不会丢人了亲亲', [])]",无,无,无,无,无,无,无,无,无,无
网易云音乐,记得注销账号,1,-Ain繁花重度依赖-,2025-04-23 22:26:03,1359356908,记得注销账号,"['记得', '注销', '账号']",3,1,0.4370996654033661,中性,[],[],[],[],[],"[('账号', 3.098502488663333), ('注销', 2.952417511686667), ('记得', 2.1367160833066667)]","['账号', '注销', '记得']",False,,0.0,0.0,0.0,0.0,0.0,0,"[('账号', '中性', 0.0, '记得注销账号', [])]",无,无,无,无,无,无,无,无,无,无
网易云音乐,鹿晗老師加油 阿彌陀佛,1,小殼夫人,2025-04-23 22:24:01,1359356908,鹿晗老師加油 阿彌陀佛,"['鹿晗', '老師', '加油', '阿彌陀佛']",4,2,0.4007250368595123,正面,"[('鹿晗', 'PERSON', 0, 2), (' ', 'OTHER', 6, 7), ('阿彌', 'PERSON', 7, 9)]","['鹿晗', '阿彌']",[],[],[],"[('老師', 5.97738375145), ('加油', 4.403463725585)]","['老師', '加油']",False,,0.0,0.0,0.0,0.0,0.0,0,"[('鹿晗', '中性', 0.0, '鹿晗老師加油 ', []), ('老師', '中性', 0.0, '鹿晗老師加油 阿彌', []), ('阿彌', '中性', 0.0, '老師加油 阿彌陀佛', []), ('陀佛', '中性', 0.0, '加油 阿彌陀佛', [])]",无,无,无,无,无,无,无,无,无,无
网易云音乐,好久不见 还在听吗？,1,厌弃烂回忆,2025-04-23 22:23:40,1359356908,好久不见 还在听吗？,['好久不见'],1,2,0.4517097473144531,正面,"[(' ', 'OTHER', 4, 5), ('？', 'OTHER', 9, 10)]",[],[],[],[],[],[],False,,0.0,0.0,0.0,0.0,0.0,0,"[('好久不见', '中性', 0.0, '好久不见 还在听吗', [])]",无,无,无,无,无,无,无,无,无,无
网易云音乐,哈喽,1,厌弃烂回忆,2025-04-23 22:21:06,1359356908,哈喽,[],0,1,0.4133865535259247,中性,[],[],[],[],[],[],[],False,,0.0,0.0,0.0,0.0,0.0,0,[],无,无,无,无,无,无,无,无,无,无
网易云音乐,晚安,1,dd晚安a,2025-04-23 22:20:57,1359356908,晚安,['晚安'],1,2,0.4150713980197906,正面,[],[],[],[],[],"[('晚安', 11.2616203224)]",['晚安'],False,,0.0,0.0,0.0,0.0,0.0,0,"[('晚安', '中性', 0.0, '晚安', [])]",中性,无,无,无,无,无,无,无,无,无
网易云音乐,你很棒哟,1,一口喝99杯卡布奇诺,2025-04-23 22:20:48,1359356908,你很棒哟,['很棒'],1,2,0.4585248231887817,正面,[],[],[],[],[],[],[],False,,0.0,0.0,0.0,0.0,0.0,0,[],无,无,无,无,无,无,无,无,无,无
网易云音乐,晚安,1,如果你是我的晴天y,2025-04-23 22:20:42,1359356908,晚安,['晚安'],1,2,0.4150713980197906,正面,[],[],[],[],[],"[('晚安', 11.2616203224)]",['晚安'],False,,0.0,0.0,0.0,0.0,0.0,0,"[('晚安', '中性', 0.0, '晚安', [])]",中性,无,无,无,无,无,无,无,无,无
网易云音乐,想你却又见不到你,1,如果你是我的晴天y,2025-04-23 22:19:58,1359356908,想你却又见不到你,['不到'],1,1,0.4222373366355896,中性,[],[],[],[],[],"[('不到', 5.33621926809)]",['不到'],False,,0.0,0.0,0.0,0.0,0.0,0,[],无,无,无,无,无,无,无,无,无,无
网易云音乐,"想你却又见不到你
",1,如果你是我的晴天y,2025-04-23 22:19:38,1359356908,想你却又见不到你,['不到'],1,1,0.4222373366355896,中性,[],[],[],[],[],"[('不到', 5.33621926809)]",['不到'],False,,0.0,0.0,0.0,0.0,0.0,0,[],无,无,无,无,无,无,无,无,无,无
网易云音乐,嗨,1,斯塔夫罗波尔徒步小提琴音乐,2025-04-23 22:17:58,1359356908,嗨,[],0,2,0.3642547130584717,正面,[],[],[],[],[],[],[],False,,0.0,0.0,0.0,0.0,0.0,0,[],无,无,无,无,无,无,无,无,无,无
网易云音乐,i   likeyou,1,_t1ove,2025-04-23 22:17:52,1359356908,i likeyou,['likeyou'],1,1,0.4114982485771179,中性,"[('i', 'OTHER', 0, 1), (' ', 'OTHER', 1, 2)]",[],[],[],[],[],[],False,,0.0,0.0,0.0,0.0,0.0,0,[],无,无,无,无,无,无,无,无,无,无
网易云音乐,你好呀,1,我命由我不由天zsc,2025-04-23 22:17:02,1359356908,你好呀,['你好'],1,2,0.448443055152893,正面,[],[],[],[],[],[],[],False,,0.0,0.0,0.0,0.0,0.0,0,"[('你好', '中性', 0.0, '你好呀', [])]",无,无,无,无,无,无,无,无,无,无
网易云音乐,！啊,1,Yang_c_T1Lw,2025-04-23 22:16:09,1359356908,！啊,[],0,2,0.4304277002811432,正面,"[('！', 'OTHER', 0, 1)]",[],[],[],[],[],[],False,,0.0,0.0,0.0,0.0,0.0,0,[],无,无,无,无,无,无,无,无,无,无
网易云音乐,好棒哦 继续加油哦[可爱],1,漾醢,2025-04-23 22:05:25,1359356908,好棒哦 继续加油哦可爱,"['继续', '加油', '可爱']",3,2,0.4295733869075775,正面,"[(' ', 'OTHER', 3, 4)]",[],[],[],[],"[('加油', 2.9356424837233335), ('可爱', 2.5394703016933335), ('继续', 1.4224750860966668)]","['加油', '可爱', '继续']",False,,0.0,0.0,0.0,0.0,0.0,0,[],无,无,无,无,无,无,无,无,无,无
网易云音乐,1.1倍速的好听[大笑],1,小烁嘛,2025-04-23 22:04:37,1359356908,倍速的好听大笑,"['倍速', '好听', '大笑']",3,2,0.457329124212265,正面,[],[],[],[],[],"[('好听', 4.33478451756), ('大笑', 3.688557672915)]","['好听', '大笑']",False,,0.0,0.0,0.0,0.0,0.0,0,[],无,无,无,无,无,无,无,无,无,无
网易云音乐,聊天记录是不是越往上翻你就越爱我。越往下翻就是“我爱你”,1,听依碎碎念_Yi,2025-04-23 22:04:26,1359356908,聊天记录是不是越往上翻你就越爱我。越往下翻就是我爱你,"['聊天记录', '是不是', '越往', '越往', '我爱你']",5,2,0.4924102127552032,正面,"[('聊天记录', 'OTHER', 0, 4), ('。', 'OTHER', 16, 17)]",[],[],[],[],"[('上翻', 5.97738375145), ('下翻', 5.97738375145)]","['上翻', '下翻']",False,,0.0,0.0,0.0,0.0,0.0,0,"[('聊天记录', '中性', 0.0, '聊天记录是不是越往', []), ('是不是', '中性', 0.0, '聊天记录是不是越往上翻你', []), ('我爱你', '中性', 0.0, '往下翻就是我爱你', [])]",无,无,无,无,无,无,无,无,中性,无
网易云音乐,[多多大笑],1,文轩_yyrl,2025-04-23 22:02:24,1359356908,多多大笑,"['多多', '大笑']",2,2,0.4042034745216369,正面,[],[],[],[],[],"[('大笑', 7.37711534583)]",['大笑'],False,,0.0,0.0,0.0,0.0,0.0,0,[],无,无,无,无,无,无,无,无,无,无
网易云音乐,现在只记得你的晚安,1,回忆最是刺痛,2025-04-23 22:02:01,1359356908,现在只记得你的晚安,"['现在', '记得', '晚安']",3,2,0.4297511279582977,正面,"[('现在', 'TIME', 0, 2)]",[],[],[],[],"[('晚安', 5.6308101612), ('记得', 3.20507412496)]","['晚安', '记得']",False,,0.0,0.0,0.0,0.0,0.0,0,"[('晚安', '中性', 0.0, '只记得你的晚安', [])]",中性,无,无,无,无,无,无,无,无,无
网易云音乐,4月的,1,不要叫我欧马尾,2025-04-23 22:00:33,1359356908,月的,[],0,2,0.3992030620574951,正面,[],[],[],[],[],[],[],False,,0.0,0.0,0.0,0.0,0.0,0,[],无,无,无,无,无,无,无,无,无,无
网易云音乐,1@nakks ,1,輪廓失,2025-04-23 22:00:17,1359356908,nakks,['nakks'],1,2,0.4215370714664459,正面,[],[],[],[],[],[],[],False,,0.0,0.0,0.0,0.0,0.0,0,[],无,无,无,无,无,无,无,无,无,无
网易云音乐,我肯定是最晚一个听这个的人肯定没有比我更晚的了,1,圆乌龟,2025-04-23 21:58:56,1359356908,我肯定是最晚一个听这个的人肯定没有比我更晚的了,"['肯定', '最晚', '这个', '肯定']",4,2,0.4444763362407684,正面,"[('最晚', 'TIME', 4, 6)]",[],[],[],[],"[('肯定', 3.731613687413333), ('没有', 1.0376078550499999)]","['肯定', '没有']",False,,0.0,0.0,0.0,0.0,0.0,0,[],无,无,无,无,无,无,无,无,无,无
网易云音乐,晚安,1,风-lx,2025-04-23 21:58:38,1359356908,晚安,['晚安'],1,2,0.4150713980197906,正面,[],[],[],[],[],"[('晚安', 11.2616203224)]",['晚安'],False,,0.0,0.0,0.0,0.0,0.0,0,"[('晚安', '中性', 0.0, '晚安', [])]",中性,无,无,无,无,无,无,无,无,无
网易云音乐,今天的点赞是蛋糕哦😜,1,静坐聆听新世纪伟大思想,2025-04-23 21:57:17,1359356908,今天的点赞是蛋糕哦,"['今天', '点赞', '蛋糕']",3,2,0.4826166927814483,正面,"[('今天', 'TIME', 0, 2)]",[],[],[],[],"[('点赞', 5.97738375145), ('蛋糕', 4.35944705084)]","['点赞', '蛋糕']",False,,0.0,0.0,0.0,0.0,0.0,0,"[('蛋糕', '中性', 0.0, '天的点赞是蛋糕哦', [])]",无,无,无,无,无,无,无,无,无,无
网易云音乐,"晚安，素未谋面的网易云歌迷们
",1,薪尽自然樑同学,2025-04-23 21:54:43,1359356908,晚安，素未谋面的网易云歌迷们,"['晚安', '素未谋面', '网易', '歌迷']",4,1,0.4636954069137573,中性,"[('，', 'MUSIC', 2, 3), ('云', 'LOCATION', 10, 11)]",[],['云'],[],[],"[('晚安', 3.7538734408), ('歌迷', 3.5883944786666664), ('网易', 2.8480304591)]","['晚安', '歌迷', '网易']",False,,0.0,0.0,0.0,0.0,0.0,0,"[('晚安', '中性', 0.0, '晚安，素未谋面', []), ('网易', '中性', 0.0, '素未谋面的网易云歌迷们', []), ('歌迷', '中性', 0.0, '面的网易云歌迷们', [])]",中性,无,无,无,无,无,无,无,无,无
网易云音乐,其实，我只是想起你了，并不是想你……,1,薪尽自然樑同学,2025-04-23 21:54:02,1359356908,其实，我只是想起你了，并不是想你,"['想起', '不是']",2,1,0.3852660357952118,中性,"[('，', 'OTHER', 2, 3), ('，', 'OTHER', 10, 11)]",[],[],[],[],"[('想起', 6.02555837094)]",['想起'],False,,0.0,0.0,0.0,0.0,0.0,0,[],无,无,无,无,无,无,无,无,无,无
网易云音乐,陌生人，我想听一句晚安,1,命运末影,2025-04-23 21:52:16,1359356908,陌生人，我想听一句晚安,"['陌生人', '一句', '晚安']",3,1,0.3998197317123413,中性,"[('，', 'OTHER', 3, 4)]",[],[],[],[],"[('晚安', 5.6308101612), ('陌生人', 4.385389468525)]","['晚安', '陌生人']",False,,0.0,0.0,0.0,0.0,0.0,0,"[('陌生人', '中性', 0.0, '陌生人，我想听一', []), ('晚安', '中性', 0.0, '我想听一句晚安', [])]",中性,无,无,无,无,无,无,无,无,无
网易云音乐,"预告片：2026
被Crush倒追
期末考个理想的成绩
朋友都是真心的
一辈子没有烦恼
天天开心 事事顺利
冷知识：不会无缘无故刷到",1,范小淅,2025-04-23 21:52:08,1359356908,预告片： 被Crush倒追 期末考个理想的成绩 朋友都是真心的 一辈子没有烦恼 天天开心 事事顺利 冷知识：不会无缘无故刷到,"['预告片', 'Crush', '期末考', '理想', '成绩', '朋友', '真心', '一辈子', '烦恼', '天天开心', '事事', '顺利', '知识', '不会', '无缘无故', '刷到']",16,2,0.5103065967559814,正面,"[('：', 'MOVIE', 3, 4), (' ', 'MOVIE', 4, 5), (' ', 'OTHER', 13, 14), (' ', 'OTHER', 23, 24), (' ', 'OTHER', 31, 32), (' ', 'OTHER', 39, 40), (' ', 'OTHER', 44, 45), (' ', 'OTHER', 49, 50), ('：', 'OTHER', 53, 54)]",[],[],[],[],"[('期末考', 1.19547675029), ('刷到', 1.19547675029), ('预告片', 1.18212361103), ('事事', 0.912999302751), ('成绩', 0.6986940301319999), ('理想', 0.657618767263), ('知识', 0.644885541545), ('朋友', 0.584710848284), ('不会', 0.441172117956), ('没有', 0.31128235651499997)]","['期末考', '刷到', '预告片', '事事', '成绩', '理想', '知识', '朋友', '不会', '没有']",False,,0.0,0.0,0.0,0.0,0.0,0,"[('预告片', '中性', 0.0, '预告片： 被Cr', []), ('期末考', '中性', 0.0, 'sh倒追 期末考个理想的成', []), ('理想', '中性', 0.0, ' 期末考个理想的成绩 朋', []), ('成绩', '中性', 0.0, '考个理想的成绩 朋友都是', []), ('朋友', '中性', 0.0, '想的成绩 朋友都是真心的', []), ('事事', '中性', 0.0, '天天开心 事事顺利 冷知', [])]",无,无,中性,无,无,无,无,无,无,无
网易云音乐,谢谢,1,勿忘我_xFAz,2025-04-23 21:52:06,1359356908,谢谢,['谢谢'],1,2,0.3744980096817016,正面,"[('谢谢', 'PERSON', 0, 2)]",['谢谢'],[],[],[],[],[],False,,0.0,0.0,0.0,0.0,0.0,0,"[('谢谢', '中性', 0.0, '谢谢', [])]",无,无,无,无,无,无,无,无,无,无
网易云音乐,19年听的歌，现在还有人哦～,1,勿忘我_xFAz,2025-04-23 21:51:19,1359356908,年听的歌，现在还有人哦～,"['听的歌', '现在']",2,2,0.4861755967140198,正面,"[('，', 'MUSIC', 4, 5), ('现在', 'TIME', 5, 7), ('～', 'MUSIC', 11, 12)]",[],[],[],[],"[('听的歌', 6.40103268165), ('还有', 2.01382465346)]","['听的歌', '还有']",False,,0.0,0.0,0.0,0.0,0.0,0,"[('听的歌', '中性', 0.0, '年听的歌，现在还有', [])]",无,无,无,无,无,无,无,无,无,无
网易云音乐,开始下一段,1,勿忘我_xFAz,2025-04-23 21:50:52,1359356908,开始下一段,"['开始', '一段']",2,1,0.4026049077510834,中性,[],[],[],[],[],"[('开始', 3.84502710804)]",['开始'],False,,0.0,0.0,0.0,0.0,0.0,0,[],无,无,无,无,无,无,无,无,无,无
网易云音乐,就这个颜人中爆,1,秦简不勤Zzz,2025-04-23 21:48:49,1359356908,就这个颜人中爆,"['这个', '颜人']",2,2,0.4148165583610534,正面,[],[],[],[],[],"[('颜人', 11.9547675029)]",['颜人'],False,,0.0,0.0,0.0,0.0,0.0,0,"[('颜人', '中性', 0.0, '就这个颜人中爆', [])]",无,无,无,无,无,无,无,无,无,无
网易云音乐,互粉,1,洋少且66,2025-04-23 21:45:46,1359356908,互粉,['互粉'],1,2,0.4087414443492889,正面,[],[],[],[],[],"[('互粉', 11.9547675029)]",['互粉'],False,,0.0,0.0,0.0,0.0,0.0,0,"[('互粉', '中性', 0.0, '互粉', [])]",无,无,无,无,无,无,无,无,无,无
网易云音乐,晚安,1,要早睡ovo_,2025-04-23 21:43:33,1359356908,晚安,['晚安'],1,2,0.4150713980197906,正面,[],[],[],[],[],"[('晚安', 11.2616203224)]",['晚安'],False,,0.0,0.0,0.0,0.0,0.0,0,"[('晚安', '中性', 0.0, '晚安', [])]",中性,无,无,无,无,无,无,无,无,无
网易云音乐,祝网易云音乐12周年快乐,1,岳不美丽,2025-04-23 21:43:14,1359356908,祝网易云音乐周年快乐,"['网易', '音乐', '周年', '快乐']",4,1,0.4805261194705963,中性,"[('云', 'LOCATION', 3, 4), ('周年', 'TIME', 6, 8)]",[],['云'],[],[],"[('网易', 4.27204568865), ('音乐', 3.314834556845)]","['网易', '音乐']",False,,0.0,0.0,0.0,0.0,0.0,0,"[('网易', '中性', 0.0, '祝网易云音乐周年', []), ('音乐', '中性', 0.0, '祝网易云音乐周年快乐', [])]",无,无,无,无,无,无,无,无,无,无
网易云音乐,炀炀 晚安,1,唉又是阴天,2025-04-23 21:41:31,1359356908,炀炀 晚安,"['炀炀', '晚安']",2,2,0.437759518623352,正面,"[(' ', 'OTHER', 2, 3)]",[],[],[],[],"[('晚安', 11.2616203224)]",['晚安'],False,,0.0,0.0,0.0,0.0,0.0,0,"[('晚安', '中性', 0.0, '炀炀 晚安', [])]",中性,无,无,无,无,无,无,无,无,无
网易云音乐,"淋淋晚安
",1,呆兔犯,2025-04-23 21:39:31,1359356908,淋淋晚安,"['淋淋', '晚安']",2,1,0.4627332687377929,中性,[],[],[],[],[],"[('淋淋', 5.7078855011), ('晚安', 5.6308101612)]","['淋淋', '晚安']",False,,0.0,0.0,0.0,0.0,0.0,0,"[('淋淋', '中性', 0.0, '淋淋晚安', []), ('晚安', '中性', 0.0, '淋淋晚安', [])]",中性,无,无,无,无,无,无,无,无,无
网易云音乐,澈澈晚安哟～记得照顾好自己，你的妈妈一定会赢！[越来越好][一路顺风][约定]祝澈澈妈妈会赢！,1,Lizixuan226,2025-04-23 21:36:14,1359356908,澈澈晚安哟～记得照顾好自己，你的妈妈一定会赢！越来越好一路顺风约定祝澈澈妈妈会赢！,"['澈澈', '晚安', '记得', '照顾', '妈妈', '一定', '越来越', '一路顺风', '约定', '祝澈澈', '妈妈']",11,2,0.4401291310787201,正面,"[('～', 'OTHER', 5, 6), ('，', 'OTHER', 13, 14), ('！', 'OTHER', 22, 23), ('祝澈澈', 'PERSON', 33, 36), ('！', 'OTHER', 40, 41)]",['祝澈澈'],[],[],[],"[('妈妈', 2.18510427052), ('晚安', 1.8769367204), ('约定', 1.1955409878533334), ('照顾', 1.188889087785), ('记得', 1.0683580416533334)]","['妈妈', '晚安', '约定', '照顾', '记得']",False,,0.0,0.0,0.0,0.0,0.0,0,"[('晚安', '中性', 0.0, '澈澈晚安哟～记得照', []), ('妈妈', '中性', 0.0, '自己，你的妈妈一定会赢！', []), ('一路顺风', '正面', 0.3333333333333333, '！越来越好一路顺风约定祝澈澈', [('好', 1.0)]), ('祝澈澈', '中性', 0.0, '路顺风约定祝澈澈妈妈会赢！', []), ('妈妈', '中性', 0.0, '自己，你的妈妈一定会赢！', [])]",中性,无,无,无,无,无,无,无,无,无
网易云音乐,我会忘掉的 我会忘掉你站在我身边 低头听我说话的样子 我会忘掉你牵我手的感觉 我会忘掉你身上的味道 我会忘掉每次见面的开心 我会忘掉去见你时的期盼 我会忘掉一切一切 你的脸 你的笑我也会忘掉的 我始终记得第一次见你的模样 难免有点哽咽,1,如果可以我想订一份好的睡眠,2025-04-23 21:35:06,1359356908,我会忘掉的 我会忘掉你站在我身边 低头听我说话的样子 我会忘掉你牵我手的感觉 我会忘掉你身上的味道 我会忘掉每次见面的开心 我会忘掉去见你时的期盼 我会忘掉一切一切 你的脸 你的笑我也会忘掉的 我始终记得第一次见你的模样 难免有点哽咽,"['我会', '忘掉', '我会', '忘掉', '身边', '低头', '说话', '样子', '我会', '忘掉', '感觉', '我会', '忘掉', '身上', '味道', '我会', '忘掉', '每次', '见面', '开心', '我会', '忘掉', '期盼', '我会', '忘掉', '一切', '一切', '忘掉', '始终', '记得', '第一次', '模样', '难免', '有点', '哽咽']",35,2,0.5654284358024597,正面,"[(' ', 'OTHER', 5, 6), (' ', 'OTHER', 16, 17), (' ', 'OTHER', 26, 27), (' ', 'OTHER', 38, 39), (' ', 'OTHER', 49, 50), (' ', 'OTHER', 61, 62), (' ', 'OTHER', 73, 74), (' ', 'OTHER', 82, 83), (' ', 'OTHER', 86, 87), (' ', 'OTHER', 96, 97), (' ', 'OTHER', 110, 111)]",[],[],[],[],"[('忘掉', 2.6834046120059263), ('我会', 1.903238403754074), ('期盼', 0.33261839726481485), ('开心', 0.30119839467333337), ('哽咽', 0.3008527899537037), ('味道', 0.27168195118296296), ('低头', 0.2641975750633333), ('模样', 0.2624088022925926), ('见面', 0.25296124239703704), ('记得', 0.23741289814518518), ('样子', 0.21232438107481483), ('感觉', 0.20894364034481483), ('有点', 0.20734858730000003), ('说话', 0.1950128123162963)]","['忘掉', '我会', '期盼', '开心', '哽咽', '味道', '低头', '模样', '见面', '记得', '样子', '感觉', '有点', '说话']",True,我会忘掉的 我会忘掉你站在我身边 低头听我说话的样子 我会忘掉你牵我手的感觉 我会忘掉你身上的味道 我会忘掉每次见面的开心 我会忘掉去见你时的期盼 我会忘掉一切一切 你的脸 你的笑我也会忘掉的 我始终记得第一次见你的模样 难免有点哽咽。,0.0,0.0,0.0,0.0,0.0,0,"[('我会', '中性', 0.0, '我会忘掉的 我', []), ('我会', '中性', 0.0, '我会忘掉的 我', []), ('低头', '中性', 0.0, '在我身边 低头听我说话的', []), ('样子', '中性', 0.0, '听我说话的样子 我会忘掉', []), ('我会', '中性', 0.0, '我会忘掉的 我', []), ('感觉', '中性', 0.0, '你牵我手的感觉 我会忘掉', []), ('我会', '中性', 0.0, '我会忘掉的 我', []), ('味道', '中性', 0.0, '掉你身上的味道 我会忘掉', []), ('我会', '中性', 0.0, '我会忘掉的 我', []), ('见面', '中性', 0.0, '会忘掉每次见面的开心 我', []), ('我会', '中性', 0.0, '我会忘掉的 我', []), ('我会', '中性', 0.0, '我会忘掉的 我', []), ('模样', '中性', 0.0, '一次见你的模样 难免有点', []), ('有点', '中性', 0.0, '模样 难免有点哽咽', [])]",无,无,无,无,中性,中性,无,无,无,无
网易云音乐,晚安,1,Eazinx,2025-04-23 21:34:57,1359356908,晚安,['晚安'],1,2,0.4150713980197906,正面,[],[],[],[],[],"[('晚安', 11.2616203224)]",['晚安'],False,,0.0,0.0,0.0,0.0,0.0,0,"[('晚安', '中性', 0.0, '晚安', [])]",中性,无,无,无,无,无,无,无,无,无
网易云音乐,晚安大同---早点睡颜人中[越来越好],1,小小君绝,2025-04-23 21:33:51,1359356908,晚安大同早点睡颜人中越来越好,"['晚安', '大同', '早点', '睡颜人', '越来越']",5,2,0.457708865404129,正面,[],[],[],[],[],"[('颜人', 5.97738375145), ('晚安', 5.6308101612)]","['颜人', '晚安']",False,,0.0,0.0,0.0,0.0,0.0,0,"[('晚安', '中性', 0.0, '晚安大同早点睡', []), ('颜人', '正面', 0.3333333333333333, '大同早点睡颜人中越来越好', [('好', 1.0)])]",中性,无,无,无,无,无,无,无,无,无
网易云音乐,依然想他    依然想听他的晚安,1,虎皮鹌鹑蛋红烧you,2025-04-23 21:33:17,1359356908,依然想他 依然想听他的晚安,"['依然', '依然', '晚安']",3,2,0.4564199149608612,正面,"[(' ', 'OTHER', 4, 5)]",[],[],[],[],"[('晚安', 11.2616203224)]",['晚安'],False,,0.0,0.0,0.0,0.0,0.0,0,"[('晚安', '中性', 0.0, '然想听他的晚安', [])]",中性,无,无,无,无,无,无,无,无,无
网易云音乐,"雪花再一次飘落这一次你能不能握紧我的手

我试着去翻到回忆 却再也找不回原来的我们

感动代替不了感情 念旧再也回不到曾经

零零散散的世界 遇见你是我最大的幸福

心疼吗 心疼就好好爱一次

人最笨的时候就是什么都想要问清楚",1,涛涛不绝P,2025-04-23 21:31:52,1359356908,雪花再一次飘落这一次你能不能握紧我的手 我试着去翻到回忆 却再也找不回原来的我们 感动代替不了感情 念旧再也回不到曾经 零零散散的世界 遇见你是我最大的幸福 心疼吗 心疼就好好爱一次 人最笨的时候就是什么都想要问清楚,"['雪花', '一次', '飘落', '一次', '不能', '握紧', '我试', '翻到', '回忆', '再也', '原来', '我们', '感动', '代替', '不了', '感情', '念旧', '再也', '不到', '曾经', '零零散散', '世界', '遇见', '最大', '幸福', '心疼', '心疼', '好好', '一次', '最笨', '时候', '想要', '清楚']",33,2,0.4859269857406616,正面,"[(' ', 'OTHER', 19, 20), (' ', 'OTHER', 28, 29), (' ', 'OTHER', 40, 41), (' ', 'OTHER', 49, 50), (' ', 'OTHER', 59, 60), (' ', 'OTHER', 67, 68), (' ', 'OTHER', 78, 79), (' ', 'OTHER', 82, 83), (' ', 'OTHER', 91, 92)]",[],[],[],[],"[('念旧', 0.68814411838125), ('握紧', 0.6308759476375), ('翻到', 0.6172078725775), ('飘落', 0.60416069671125), ('雪花', 0.516618003050625), ('遇见', 0.48836893281625), ('回忆', 0.459977978299375), ('感动', 0.443573274648125), ('想要', 0.431958899125), ('代替', 0.409344964096875), ('感情', 0.398473556615625), ('不了', 0.377386278421875), ('不到', 0.333513704255625), ('世界', 0.272970587848125), ('时候', 0.26804664584), ('不能', 0.24938530215625)]","['念旧', '握紧', '翻到', '飘落', '雪花', '遇见', '回忆', '感动', '想要', '代替', '感情', '不了', '不到', '世界', '时候', '不能']",True,雪花再一次飘落这一次你能不能握紧我的手 我试着去翻到回忆 却再也找不回原来的我们 感动代替不了感情 念旧再也回不到曾经 零零散散的世界 遇见你是我最大的幸福 心疼吗 心疼就好好爱一次 人最笨的时候就是什么都想要问清楚。,0.0,0.0,0.0,0.0,0.0,0,"[('雪花', '中性', 0.0, '雪花再一次飘落', []), ('感情', '中性', 0.0, '动代替不了感情 念旧再也', []), ('世界', '中性', 0.0, '零零散散的世界 遇见你是', []), ('时候', '中性', 0.0, ' 人最笨的时候就是什么都', [])]",无,中性,无,中性,无,无,无,无,无,无
网易云音乐,so,1,是一只小小的小曦子呀,2025-04-23 21:31:11,1359356908,so,['so'],1,2,0.3962826728820801,正面,[],[],[],[],[],[],[],False,,0.0,0.0,0.0,0.0,0.0,0,[],无,无,无,无,无,无,无,无,无,无
网易云音乐,未成年的恋爱真的会有结果吗？,1,不是走了啊,2025-04-23 21:27:55,1359356908,未成年的恋爱真的会有结果吗？,"['未成年', '恋爱', '真的', '结果']",4,2,0.368734061717987,正面,"[('？', 'OTHER', 13, 14)]",[],[],[],[],"[('恋爱', 3.92783616897), ('结果', 2.47280835067)]","['恋爱', '结果']",False,,0.0,0.0,0.0,0.0,0.0,0,"[('未成年', '中性', 0.0, '未成年的恋爱真的', []), ('结果', '中性', 0.0, '爱真的会有结果吗？', [])]",无,无,无,无,无,无,无,无,无,无
网易云音乐,哪有人愿意自杀嘛 她只是渴望被爱而已.,1,约定风平,2025-04-23 21:26:45,1359356908,哪有人愿意自杀嘛 她只是渴望被爱而已,"['有人', '愿意', '自杀', '渴望', '而已']",5,2,0.4756585657596588,正面,"[(' ', 'OTHER', 8, 9)]",[],[],[],[],"[('渴望', 2.5694383875), ('自杀', 2.51893240595), ('愿意', 1.9672234795766668)]","['渴望', '自杀', '愿意']",False,,0.0,0.0,0.0,0.0,0.0,0,[],无,无,无,无,无,无,无,无,无,无
网易云音乐,嗨~晚安,1,这么圆哟,2025-04-23 21:24:27,1359356908,嗨晚安,['晚安'],1,1,0.4612051546573639,中性,[],[],[],[],[],"[('晚安', 11.2616203224)]",['晚安'],False,,0.0,0.0,0.0,0.0,0.0,0,"[('晚安', '中性', 0.0, '嗨晚安', [])]",中性,无,无,无,无,无,无,无,无,无
网易云音乐,我不怪路不平我怪自己没看清.,1,约定风平,2025-04-23 21:23:45,1359356908,我不怪路不平我怪自己没看清,"['不怪', '不平', '我怪', '看清']",4,1,0.4248229265213012,中性,[],[],[],[],[],"[('不平', 4.24451580006), ('看清', 3.884725581245)]","['不平', '看清']",False,,0.0,0.0,0.0,0.0,0.0,0,"[('不平', '中性', 0.0, '我不怪路不平我怪自己没', [])]",无,无,无,无,无,无,无,无,无,无
网易云音乐,圆周率没有尽头人们也只记得开头.,1,约定风平,2025-04-23 21:23:40,1359356908,圆周率没有尽头人们也只记得开头,"['圆周率', '尽头', '人们', '记得', '开头']",5,2,0.4770322740077972,正面,[],[],[],[],[],"[('圆周率', 2.01880303244), ('开头', 1.593686492906), ('记得', 1.282029649984), ('人们', 0.9362953303139999), ('没有', 0.6225647130299999)]","['圆周率', '开头', '记得', '人们', '没有']",False,,0.0,0.0,0.0,0.0,0.0,0,"[('圆周率', '中性', 0.0, '圆周率没有尽头人', []), ('人们', '中性', 0.0, '率没有尽头人们也只记得开', [])]",无,无,无,无,无,无,无,无,无,无
网易云音乐,时间教会了我两样东西珍惜和放弃.,1,约定风平,2025-04-23 21:23:34,1359356908,时间教会了我两样东西珍惜和放弃,"['时间', '教会', '两样', '东西', '珍惜', '放弃']",6,2,0.3698018193244934,正面,"[('东西', 'LOCATION', 8, 10)]",[],['东西'],[],[],"[('教会', 1.8767717245075), ('放弃', 1.640122704165), ('东西', 1.193321050205), ('时间', 1.019884908115)]","['教会', '放弃', '东西', '时间']",False,,0.0,0.0,0.0,0.0,0.0,0,"[('时间', '中性', 0.0, '时间教会了我两', []), ('教会', '中性', 0.0, '时间教会了我两样东', []), ('东西', '中性', 0.0, '会了我两样东西珍惜和放弃', [])]",无,无,无,无,无,无,无,无,无,无
网易云音乐,看着树上掉下的落叶就像破碎了自己.,1,约定风平,2025-04-23 21:23:29,1359356908,看着树上掉下的落叶就像破碎了自己,"['看着', '树上', '落叶', '破碎']",4,2,0.4587318003177643,正面,[],[],[],[],[],"[('破碎', 2.7267886251233335), ('落叶', 2.6031225899666666), ('看着', 1.8061633565866666)]","['破碎', '落叶', '看着']",False,,0.0,0.0,0.0,0.0,0.0,0,"[('落叶', '中性', 0.0, '树上掉下的落叶就像破碎了', [])]",无,无,无,无,无,无,无,无,无,无
网易云音乐,我需要你的千言万语嘛 我只要你待我如初.,1,约定风平,2025-04-23 21:23:23,1359356908,我需要你的千言万语嘛 我只要你待我如初,"['需要', '千言万语', '如初']",3,2,0.3967096209526062,正面,"[(' ', 'OTHER', 10, 11), ('如初', 'TIME', 17, 19)]",[],[],[],[],"[('需要', 4.3444806435)]",['需要'],False,,0.0,0.0,0.0,0.0,0.0,0,[],无,无,无,无,无,无,无,无,无,无
网易云音乐,总有个小孩 为了爱伤痕累累.,1,约定风平,2025-04-23 21:23:17,1359356908,总有个小孩 为了爱伤痕累累,"['总有', '小孩', '为了', '伤痕累累']",4,1,0.4026716947555542,中性,"[(' ', 'OTHER', 5, 6)]",[],[],[],[],"[('小孩', 7.53592689512)]",['小孩'],False,,0.0,0.0,0.0,0.0,0.0,0,"[('小孩', '中性', 0.0, '总有个小孩 为了爱伤', []), ('伤痕累累', '中性', 0.0, '孩 为了爱伤痕累累', [])]",无,无,无,无,无,无,无,无,无,无
网易云音乐,生活不像电影所以我告诉自己没关系.,1,约定风平,2025-04-23 21:23:11,1359356908,生活不像电影所以我告诉自己没关系,"['生活', '不像', '电影', '所以', '告诉', '没关系']",6,2,0.4262135922908783,正面,[],[],[],[],[],"[('电影', 2.21929324306), ('告诉', 1.6733640429566667), ('生活', 1.5446208110233333)]","['电影', '告诉', '生活']",False,,0.0,0.0,0.0,0.0,0.0,0,"[('电影', '中性', 0.0, '生活不像电影所以我告诉', []), ('没关系', '中性', 0.0, '我告诉自己没关系', [])]",无,无,无,无,无,无,无,无,无,无
网易云音乐,幸福就是找一个和自己一样有良心的人.,1,约定风平,2025-04-23 21:23:04,1359356908,幸福就是找一个和自己一样有良心的人,"['幸福', '一样', '良心']",3,2,0.4396174550056457,正面,[],[],[],[],[],[],[],False,,0.0,0.0,0.0,0.0,0.0,0,[],无,无,无,无,无,无,无,无,无,无
网易云音乐,可能是我运气不行遇见的人都不太真诚,1,约定风平,2025-04-23 21:22:57,1359356908,可能是我运气不行遇见的人都不太真诚,"['可能', '运气', '不行', '遇见', '真诚']",5,2,0.4917427003383636,正面,[],[],[],[],[],"[('运气', 2.089853526705), ('遇见', 1.953475731265), ('不行', 1.57733015132), ('可能', 0.9370069964325)]","['运气', '遇见', '不行', '可能']",False,,0.0,0.0,0.0,0.0,0.0,0,"[('运气', '中性', 0.0, '可能是我运气不行遇见的', [])]",无,无,无,无,无,无,无,无,无,无
网易云音乐,我需要一个站在我身边的而不是指责我的.,1,约定风平,2025-04-23 21:22:50,1359356908,我需要一个站在我身边的而不是指责我的,"['需要', '身边', '不是', '指责']",4,2,0.4501869082450866,正面,[],[],[],[],[],"[('指责', 3.843034776775), ('需要', 2.17224032175)]","['指责', '需要']",False,,0.0,0.0,0.0,0.0,0.0,0,[],无,无,无,无,无,无,无,无,无,无
网易云音乐,我走向你你选择别人于是我不言不语.,1,约定风平,2025-04-23 21:22:44,1359356908,我走向你你选择别人于是我不言不语,"['走向', '选择', '别人', '于是', '不言不语']",5,1,0.4038536846637726,中性,[],[],[],[],[],"[('走向', 3.049234167865), ('选择', 2.57539334822)]","['走向', '选择']",False,,0.0,0.0,0.0,0.0,0.0,0,[],无,无,无,无,无,无,无,无,无,无
网易云音乐,我唯一不后悔的就是与你相识,1,约定风平,2025-04-23 21:22:37,1359356908,我唯一不后悔的就是与你相识,"['唯一', '后悔', '相识']",3,1,0.3857605159282684,中性,[],[],[],[],[],"[('相识', 4.1642618099), ('后悔', 3.660713219985)]","['相识', '后悔']",False,,0.0,0.0,0.0,0.0,0.0,0,[],无,无,无,无,无,无,无,无,无,无
网易云音乐,"一路有你的陪伴,便是我最大的荣幸",1,约定风平,2025-04-23 21:22:32,1359356908,一路有你的陪伴便是我最大的荣幸,"['一路', '陪伴', '便是', '最大', '荣幸']",5,2,0.419485867023468,正面,"[('荣幸', 'PERSON', 13, 15)]",['荣幸'],[],[],[],"[('陪伴', 4.422215923315), ('便是', 3.1346229937)]","['陪伴', '便是']",False,,0.0,0.0,0.0,0.0,0.0,0,"[('陪伴', '中性', 0.0, '一路有你的陪伴便是我最大', []), ('荣幸', '中性', 0.0, '是我最大的荣幸', [])]",无,无,无,无,无,无,无,无,无,无
网易云音乐,心情不好的时候别忘了你身后还有个我,1,约定风平,2025-04-23 21:22:24,1359356908,心情不好的时候别忘了你身后还有个我,"['心情', '不好', '时候', '别忘了', '身后']",5,2,0.4228706657886505,正面,[],[],[],[],[],"[('心情', 2.116321812206667), ('时候', 1.4295821111466667), ('还有', 1.3425497689733332)]","['心情', '时候', '还有']",False,,0.0,0.0,0.0,0.0,0.0,0,"[('心情', '中性', 0.0, '心情不好的时候', []), ('时候', '中性', 0.0, '心情不好的时候别忘了你身', []), ('别忘了', '中性', 0.0, '不好的时候别忘了你身后还有', [])]",无,中性,无,无,无,无,无,无,无,无
网易云音乐,我想要很多很多爱或者很短很短的命.,1,约定风平,2025-04-23 21:22:18,1359356908,我想要很多很多爱或者很短很短的命,"['想要', '很多很多', '或者']",3,2,0.4145611822605133,正面,[],[],[],[],[],"[('想要', 6.911342386)]",['想要'],False,,0.0,0.0,0.0,0.0,0.0,0,[],无,无,无,无,无,无,无,无,无,无
网易云音乐,幸福是一场豪赌眼泪是我的赌注.,1,约定风平,2025-04-23 21:22:14,1359356908,幸福是一场豪赌眼泪是我的赌注,"['幸福', '一场', '豪赌', '眼泪', '赌注']",5,1,0.4057891070842743,中性,[],[],[],[],[],"[('赌注', 3.20800384432), ('豪赌', 3.1856240767066666), ('眼泪', 2.16103241652)]","['赌注', '豪赌', '眼泪']",False,,0.0,0.0,0.0,0.0,0.0,0,"[('眼泪', '中性', 0.0, '是一场豪赌眼泪是我的赌注', [])]",无,无,无,无,无,无,无,无,无,无
网易云音乐,心碎无声无息你又怎么会注意到呢.,1,约定风平,2025-04-23 21:22:09,1359356908,心碎无声无息你又怎么会注意到呢,"['心碎', '无声无息', '怎么', '注意']",4,2,0.3862924873828888,正面,[],[],[],[],[],"[('心碎', 5.00442867695), ('注意', 2.667632944145)]","['心碎', '注意']",False,,0.0,0.0,0.0,0.0,0.0,0,[],无,无,无,无,无,无,无,无,无,无
网易云音乐,别对世界充满希望站在楼顶就知道结果.,1,约定风平,2025-04-23 21:22:03,1359356908,别对世界充满希望站在楼顶就知道结果,"['世界', '充满希望', '楼顶', '知道', '结果']",5,1,0.4370678663253784,中性,"[('充满希望', 'OTHER', 4, 8)]",[],[],[],[],"[('楼顶', 2.3340823651275), ('结果', 1.236404175335), ('世界', 1.0918823513925), ('知道', 0.993527135)]","['楼顶', '结果', '世界', '知道']",False,,0.0,0.0,0.0,0.0,0.0,0,"[('世界', '中性', 0.0, '别对世界充满希望站', []), ('充满希望', '中性', 0.0, '别对世界充满希望站在楼顶就', []), ('楼顶', '中性', 0.0, '满希望站在楼顶就知道结果', []), ('结果', '中性', 0.0, '楼顶就知道结果', [])]",无,无,无,中性,无,无,无,无,无,无
网易云音乐,是我不配幸福嘛还是幸福轮不到我.,1,约定风平,2025-04-23 21:21:59,1359356908,是我不配幸福嘛还是幸福轮不到我,"['不配', '幸福', '幸福', '轮不到']",4,2,0.4445812404155731,正面,[],[],[],[],[],"[('轮不到', 5.05824400905), ('不配', 4.632974331875)]","['轮不到', '不配']",False,,0.0,0.0,0.0,0.0,0.0,0,[],无,无,无,无,无,无,无,无,无,无
网易云音乐,后来明白了真正的离开是悄无声息的.,1,约定风平,2025-04-23 21:21:51,1359356908,后来明白了真正的离开是悄无声息的,"['后来', '明白', '真正', '离开', '悄无声息']",5,1,0.4247281551361084,中性,"[('后来', 'TIME', 0, 2), ('明白', 'PERSON', 2, 4)]",['明白'],[],[],[],"[('离开', 5.46079756366)]",['离开'],False,,0.0,0.0,0.0,0.0,0.0,0,"[('明白', '中性', 0.0, '后来明白了真正的离', []), ('悄无声息', '中性', 0.0, '正的离开是悄无声息的', [])]",无,无,无,无,无,无,无,无,无,无
网易云音乐,我试着去翻到回忆 却再也找不回原来的我们,1,涛涛不绝P,2025-04-23 21:16:31,1359356908,我试着去翻到回忆 却再也找不回原来的我们,"['我试', '翻到', '回忆', '再也', '原来', '我们']",6,2,0.4028391540050506,正面,"[(' ', 'OTHER', 8, 9)]",[],[],[],[],"[('翻到', 4.93766298062), ('回忆', 3.679823826395)]","['翻到', '回忆']",False,,0.0,0.0,0.0,0.0,0.0,0,[],无,无,无,无,无,无,无,无,无,无
网易云音乐,用这个音乐配上舍不得删的团体照,1,天真是泪本质,2025-04-23 21:15:06,1359356908,用这个音乐配上舍不得删的团体照,"['这个', '音乐', '舍不得', '团体照']",4,2,0.4542466700077057,正面,[],[],[],[],[],"[('团体照', 3.9849225009666664), ('舍不得', 2.6289874986433333), ('音乐', 2.2098897045633334)]","['团体照', '舍不得', '音乐']",False,,0.0,0.0,0.0,0.0,0.0,0,"[('音乐', '中性', 0.0, '用这个音乐配上舍不得', []), ('团体照', '中性', 0.0, '舍不得删的团体照', [])]",无,无,无,无,无,无,无,无,无,无
网易云音乐,好听啊。,1,笑笑吖_1540,2025-04-23 21:04:32,1359356908,好听啊。,['好听'],1,2,0.3718733787536621,正面,"[('。', 'OTHER', 3, 4)]",[],[],[],[],"[('好听', 8.66956903512)]",['好听'],False,,0.0,0.0,0.0,0.0,0.0,0,[],无,无,无,无,无,无,无,无,无,无
网易云音乐,你永远不会知道 那个为了你失去理智的人 突然安静下来 不哭不闹 不会打扰 她是经历了怎样的心疼 算了 你也不会心疼.,1,Re_緗,2025-04-23 21:04:31,1359356908,你永远不会知道 那个为了你失去理智的人 突然安静下来 不哭不闹 不会打扰 她是经历了怎样的心疼 算了 你也不会心疼,"['永远', '不会', '知道', '那个', '为了', '失去', '理智', '突然', '安静下来', '不哭', '不闹', '不会', '打扰', '经历', '怎样', '心疼', '算了', '不会', '心疼']",19,2,0.4628604054450989,正面,"[(' ', 'OTHER', 7, 8), (' ', 'OTHER', 19, 20), (' ', 'OTHER', 26, 27), (' ', 'OTHER', 31, 32), (' ', 'OTHER', 36, 37), (' ', 'OTHER', 47, 48), (' ', 'OTHER', 50, 51)]",[],[],[],[],"[('不会', 1.47057372652), ('打扰', 0.971291372528889), ('理智', 0.8898926044611112), ('算了', 0.8509393762799999), ('失去', 0.6773806964944444), ('经历', 0.6396521861333333), ('知道', 0.44156761555555557)]","['不会', '打扰', '理智', '算了', '失去', '经历', '知道']",False,,0.0,0.0,0.0,0.0,0.0,0,"[('理智', '中性', 0.0, '为了你失去理智的人 突然', []), ('经历', '中性', 0.0, '打扰 她是经历了怎样的心', [])]",无,无,无,无,无,无,无,无,无,无
网易云音乐,"三字  难重逢.

无所谓无人在意.

好烦  好累 好想哭.

我堆积的思念你能听见吗.

你总说我变了而是我经历了太多.

相遇不一定有结局 但一定有意义.

情绪上头的时候除了崩溃还是崩溃.

周围都是漂亮的花 确实没有必要选我.",1,i翻-篇,2025-04-23 21:00:54,1359356908,三字 难重逢 无所谓无人在意 好烦 好累 好想哭 我堆积的思念你能听见吗 你总说我变了而是我经历了太多 相遇不一定有结局 但一定有意义 情绪上头的时候除了崩溃还是崩溃 周围都是漂亮的花 确实没有必要选我,"['三字', '重逢', '无所谓', '无人', '在意', '好烦', '好想哭', '堆积', '思念', '听见', '而是', '经历', '相遇', '一定', '结局', '一定', '意义', '情绪', '上头', '时候', '除了', '崩溃', '崩溃', '周围', '漂亮', '确实', '必要']",27,2,0.4786510169506073,正面,"[(' ', 'OTHER', 2, 3), (' ', 'OTHER', 6, 7), (' ', 'OTHER', 14, 15), (' ', 'OTHER', 17, 18), (' ', 'OTHER', 20, 21), (' ', 'OTHER', 24, 25), (' ', 'OTHER', 36, 37), (' ', 'OTHER', 51, 52), (' ', 'OTHER', 60, 61), (' ', 'OTHER', 67, 68), (' ', 'OTHER', 83, 84), (' ', 'OTHER', 92, 93)]",[],[],[],[],"[('崩溃', 0.94771369227875), ('重逢', 0.59261481526125), ('思念', 0.515731463363125), ('上头', 0.51356861779), ('相遇', 0.5123059485825), ('在意', 0.509058464899375), ('结局', 0.4838488914675), ('堆积', 0.46246174884), ('无人', 0.432479494453125), ('情绪', 0.37855181336375), ('听见', 0.37021222907625), ('经历', 0.3598043547), ('意义', 0.349993793195), ('时候', 0.26804664584), ('没有', 0.194551472821875)]","['崩溃', '重逢', '思念', '上头', '相遇', '在意', '结局', '堆积', '无人', '情绪', '听见', '经历', '意义', '时候', '没有']",True,三字 难重逢 无所谓无人在意 好烦 好累 好想哭 我堆积的思念你能听见吗 你总说我变了而是我经历了太多 相遇不一定有结局 但一定有意义 情绪上头的时候除了崩溃还是崩溃 周围都是漂亮的花 确实没有必要选我。,0.0,0.0,0.0,0.0,0.0,0,"[('无所谓', '中性', 0.0, ' 难重逢 无所谓无人在意 ', []), ('无人', '中性', 0.0, '逢 无所谓无人在意 好烦', []), ('好想哭', '正面', 0.3333333333333333, '烦 好累 好想哭 我堆积的', [('好', 1.0)]), ('思念', '中性', 0.0, ' 我堆积的思念你能听见吗', []), ('经历', '中性', 0.0, '变了而是我经历了太多 相', []), ('结局', '中性', 0.0, '遇不一定有结局 但一定有', []), ('意义', '中性', 0.0, ' 但一定有意义 情绪上头', []), ('情绪', '中性', 0.0, '定有意义 情绪上头的时候', []), ('时候', '中性', 0.0, '情绪上头的时候除了崩溃还', [])]",无,中性,无,无,无,无,无,无,无,无
网易云音乐,"你的语气 我的天气.

泪水打湿我的眼眶 我们也难回到从前.

拧巴的人总在充当明媚的角色.

你总是轻描淡写背后的痛你是句句不提.

还记得吗你说爱我的那年.

可我也讨厌我那阴晴不定的性格.

顺其自然爱自有天意.

如果我是薄情寡义的人 那凌晨流泪的人就不会是我.",1,i翻-篇,2025-04-23 21:00:41,1359356908,你的语气 我的天气 泪水打湿我的眼眶 我们也难回到从前 拧巴的人总在充当明媚的角色 你总是轻描淡写背后的痛你是句句不提 还记得吗你说爱我的那年 可我也讨厌我那阴晴不定的性格 顺其自然爱自有天意 如果我是薄情寡义的人 那凌晨流泪的人就不会是我,"['语气', '天气', '泪水', '打湿', '眼眶', '我们', '回到', '从前', '充当', '明媚', '角色', '总是', '轻描淡写', '背后', '句句', '不提', '记得', '那年', '讨厌', '阴晴不定', '性格', '顺其自然', '自有', '天意', '薄情', '寡义', '凌晨', '流泪', '不会']",29,2,0.4856957197189331,正面,"[(' ', 'OTHER', 4, 5), (' ', 'OTHER', 9, 10), (' ', 'OTHER', 18, 19), ('从前', 'TIME', 25, 27), (' ', 'OTHER', 27, 28), (' ', 'OTHER', 41, 42), (' ', 'OTHER', 59, 60), (' ', 'OTHER', 71, 72), ('阴晴不定', 'PERSON', 79, 83), (' ', 'OTHER', 86, 87), (' ', 'OTHER', 96, 97), (' ', 'OTHER', 107, 108), ('凌晨', 'TIME', 109, 111)]",['阴晴不定'],[],[],[],"[('寡义', 0.74717296893125), ('薄情', 0.69171651924375), ('打湿', 0.610846454183125), ('天意', 0.5470739484475), ('眼眶', 0.538910187046875), ('讨厌', 0.511272867210625), ('流泪', 0.50125904159875), ('语气', 0.4927825307675), ('泪水', 0.452666662881875), ('自有', 0.445761527520625), ('性格', 0.444834528210625), ('角色', 0.43889694898), ('天气', 0.403746496536875), ('记得', 0.40063426562), ('回到', 0.33644278378375), ('不会', 0.2757325737225)]","['寡义', '薄情', '打湿', '天意', '眼眶', '讨厌', '流泪', '语气', '泪水', '自有', '性格', '角色', '天气', '记得', '回到', '不会']",True,你的语气 我的天气 泪水打湿我的眼眶 我们也难回到从前 拧巴的人总在充当明媚的角色 你总是轻描淡写背后的痛你是句句不提 还记得吗你说爱我的那年 可我也讨厌我那阴晴不定的性格 顺其自然爱自有天意 如果我是薄情寡义的人 那凌晨流泪的人就不会是我。,0.0,0.0,0.0,0.0,0.0,0,"[('语气', '中性', 0.0, '你的语气 我的天气', []), ('天气', '中性', 0.0, '语气 我的天气 泪水打湿', []), ('泪水', '中性', 0.0, '我的天气 泪水打湿我的眼', []), ('眼眶', '中性', 0.0, '水打湿我的眼眶 我们也难', []), ('角色', '中性', 0.0, '充当明媚的角色 你总是轻', []), ('阴晴不定', '中性', 0.0, '也讨厌我那阴晴不定的性格 顺', []), ('性格', '中性', 0.0, '阴晴不定的性格 顺其自然', []), ('天意', '中性', 0.0, '自然爱自有天意 如果我是', []), ('薄情', '中性', 0.0, ' 如果我是薄情寡义的人 ', []), ('寡义', '中性', 0.0, '果我是薄情寡义的人 那凌', []), ('流泪', '中性', 0.0, '人 那凌晨流泪的人就不会', [])]",无,无,无,无,无,无,中性,无,无,无
网易云音乐,"选我吧 稳赢.

共情的不是文案  是曾经的我.

幸福是块昂贵的蛋糕 我始终还未品尝.

你总以为我在跟你妥协 其实我在跟你告别.

在眼泪中 我看清了我们的距离.

可惜爱不是诗 我只能欲言又止.

嘴上说着无所谓 心里怎会不流泪.

突然的早睡 永远代替不开心.",1,i翻-篇,2025-04-23 21:00:30,1359356908,选我吧 稳赢 共情的不是文案 是曾经的我 幸福是块昂贵的蛋糕 我始终还未品尝 你总以为我在跟你妥协 其实我在跟你告别 在眼泪中 我看清了我们的距离 可惜爱不是诗 我只能欲言又止 嘴上说着无所谓 心里怎会不流泪 突然的早睡 永远代替不开心,"['稳赢', '共情', '不是', '文案', '曾经', '幸福', '昂贵', '蛋糕', '始终', '品尝', '总以为', '妥协', '告别', '眼泪', '看清', '我们', '距离', '可惜', '不是', '只能', '欲言又止', '嘴上', '无所谓', '心里', '怎会', '流泪', '突然', '早睡', '永远', '代替', '开心']",31,2,0.5048725008964539,正面,"[(' ', 'OTHER', 3, 4), (' ', 'OTHER', 6, 7), (' ', 'OTHER', 14, 15), (' ', 'OTHER', 20, 21), (' ', 'OTHER', 30, 31), (' ', 'OTHER', 38, 39), (' ', 'OTHER', 49, 50), (' ', 'OTHER', 58, 59), (' ', 'OTHER', 63, 64), (' ', 'OTHER', 73, 74), (' ', 'OTHER', 80, 81), (' ', 'OTHER', 88, 89), (' ', 'OTHER', 96, 97), (' ', 'OTHER', 104, 105), (' ', 'OTHER', 110, 111)]",[],[],[],[],"[('稳赢', 0.86879235325), ('共情', 0.74717296893125), ('早睡', 0.68476491705), ('文案', 0.63669409908125), ('品尝', 0.56083899792625), ('蛋糕', 0.544930881355), ('开心', 0.50827229101125), ('流泪', 0.50125904159875), ('妥协', 0.496229519521875), ('看清', 0.485590697655625), ('告别', 0.48358517799625), ('可惜', 0.422811894059375), ('代替', 0.409344964096875), ('眼泪', 0.4051935780975), ('距离', 0.380215929154375), ('只能', 0.330829887041875)]","['稳赢', '共情', '早睡', '文案', '品尝', '蛋糕', '开心', '流泪', '妥协', '看清', '告别', '可惜', '代替', '眼泪', '距离', '只能']",True,选我吧 稳赢 共情的不是文案 是曾经的我 幸福是块昂贵的蛋糕 我始终还未品尝 你总以为我在跟你妥协 其实我在跟你告别 在眼泪中 我看清了我们的距离 可惜爱不是诗 我只能欲言又止 嘴上说着无所谓 心里怎会不流泪 突然的早睡 永远代替不开心。,0.0,0.0,0.0,0.0,0.0,0,"[('稳赢', '中性', 0.0, '选我吧 稳赢 共情的不', []), ('共情', '中性', 0.0, '吧 稳赢 共情的不是文案', []), ('文案', '中性', 0.0, '共情的不是文案 是曾经的', []), ('蛋糕', '负面', 0.3333333333333333, '是块昂贵的蛋糕 我始终还', [('昂贵', -1.0)]), ('总以为', '中性', 0.0, '未品尝 你总以为我在跟你妥', []), ('眼泪', '中性', 0.0, '你告别 在眼泪中 我看清', []), ('距离', '中性', 0.0, '清了我们的距离 可惜爱不', []), ('欲言又止', '中性', 0.0, '诗 我只能欲言又止 嘴上说着', []), ('无所谓', '中性', 0.0, ' 嘴上说着无所谓 心里怎会', []), ('流泪', '中性', 0.0, '心里怎会不流泪 突然的早', [])]",无,无,无,无,无,无,中性,无,无,无
网易云音乐,"零下的冬 炽热的爱 又是一个人.

没有靠山的时候就往自己身上靠靠.

陪一根 敬我们不堪的回忆.

可惜我心软 做不到失我者永失.

那一年 我们也说过永远.

没有深清专一只是爱了一个人很久很久.

怎么分了你不是说他是你的挚爱吗

今年的冬天能一起看雪吗.",1,i翻-篇,2025-04-23 21:00:17,1359356908,零下的冬 炽热的爱 又是一个人 没有靠山的时候就往自己身上靠靠 陪一根 敬我们不堪的回忆 可惜我心软 做不到失我者永失 那一年 我们也说过永远 没有深清专一只是爱了一个人很久很久 怎么分了你不是说他是你的挚爱吗 今年的冬天能一起看雪吗,"['零下', '炽热', '靠山', '时候', '身上', '靠靠', '一根', '我们', '不堪', '回忆', '可惜', '心软', '不到', '我者', '永失', '一年', '我们', '永远', '深清', '专一', '很久很久', '怎么', '不是', '挚爱', '今年', '冬天', '一起', '看雪']",28,2,0.5001164078712463,正面,"[(' ', 'OTHER', 4, 5), (' ', 'OTHER', 9, 10), (' ', 'OTHER', 15, 16), (' ', 'OTHER', 31, 32), (' ', 'OTHER', 35, 36), (' ', 'OTHER', 44, 45), (' ', 'OTHER', 50, 51), (' ', 'OTHER', 59, 60), (' ', 'OTHER', 63, 64), (' ', 'OTHER', 71, 72), (' ', 'OTHER', 89, 90), (' ', 'OTHER', 105, 106), ('今年', 'TIME', 106, 108), ('冬天', 'TIME', 109, 111)]",[],[],[],[],"[('靠靠', 1.2802065363300001), ('挚爱', 1.02371160058), ('靠山', 0.894485059437), ('不堪', 0.7773808467860001), ('回忆', 0.735964765279), ('可惜', 0.676499030495), ('没有', 0.6225647130299999), ('不到', 0.533621926809), ('时候', 0.428874633344)]","['靠靠', '挚爱', '靠山', '不堪', '回忆', '可惜', '没有', '不到', '时候']",True,零下的冬 炽热的爱 又是一个人 没有靠山的时候就往自己身上靠靠 陪一根 敬我们不堪的回忆 可惜我心软 做不到失我者永失 那一年 我们也说过永远 没有深清专一只是爱了一个人很久很久 怎么分了你不是说他是你的挚爱吗 今年的冬天能一起看雪吗。,0.0,0.0,0.0,0.0,0.0,0,"[('靠山', '中性', 0.0, '个人 没有靠山的时候就往', []), ('时候', '中性', 0.0, '没有靠山的时候就往自己身', []), ('挚爱', '中性', 0.0, '说他是你的挚爱吗 今年的', [])]",无,中性,无,无,无,无,无,无,无,无
网易云音乐,"其实我很清楚 我很委屈 你也是.

我爱每一个陪伴过我的人.

记忆中的你太好了难忘也难说.

如果相处太累及时告别没有错.

我总想等等再等等.

聊天记录往上翻回到你爱我的瞬间.

黑名单里躺着的都是曾经的VIP.

如果梦里有我想要的 那我一定早睡.

今年冬天格外的冷 遗憾你比冬天先离开.",1,i翻-篇,2025-04-23 21:00:05,1359356908,其实我很清楚 我很委屈 你也是 我爱每一个陪伴过我的人 记忆中的你太好了难忘也难说 如果相处太累及时告别没有错 我总想等等再等等 聊天记录往上翻回到你爱我的瞬间 黑名单里躺着的都是曾经的VIP 如果梦里有我想要的 那我一定早睡 今年冬天格外的冷 遗憾你比冬天先离开,"['清楚', '委屈', '陪伴', '记忆', '太好了', '难忘', '难说', '相处', '太累', '及时', '告别', '总想', '等等', '等等', '聊天记录', '往上', '回到', '瞬间', '黑名单', '曾经', 'VIP', '梦里', '想要', '一定', '早睡', '今年冬天', '格外', '遗憾', '冬天', '离开']",30,2,0.5102957487106323,正面,"[(' ', 'OTHER', 6, 7), (' ', 'OTHER', 11, 12), (' ', 'OTHER', 15, 16), (' ', 'OTHER', 27, 28), (' ', 'OTHER', 41, 42), ('太累', 'LOCATION', 46, 48), (' ', 'OTHER', 55, 56), (' ', 'OTHER', 64, 65), ('聊天记录', 'OTHER', 65, 69), ('瞬间', 'TIME', 78, 80), (' ', 'OTHER', 80, 81), ('黑名单', 'PERSON', 81, 84), (' ', 'OTHER', 96, 97), (' ', 'OTHER', 106, 107), (' ', 'OTHER', 113, 114), ('今年冬天', 'TIME', 114, 118), (' ', 'OTHER', 122, 123), ('冬天', 'TIME', 127, 129)]",['黑名单'],['太累'],[],[],"[('早睡', 0.8427875902153846), ('总想', 0.7158121386030769), ('太累', 0.7098345244238462), ('难说', 0.6891565561053846), ('陪伴', 0.6803409112792308), ('难忘', 0.6702532189338462), ('告别', 0.5951817575338462), ('委屈', 0.58517372101), ('记忆', 0.5739482523753846), ('想要', 0.531641722), ('离开', 0.42006135105076925), ('回到', 0.4140834261953846), ('没有', 0.23944796654999997)]","['早睡', '总想', '太累', '难说', '陪伴', '难忘', '告别', '委屈', '记忆', '想要', '离开', '回到', '没有']",True,其实我很清楚 我很委屈 你也是 我爱每一个陪伴过我的人 记忆中的你太好了难忘也难说 如果相处太累及时告别没有错 我总想等等再等等 聊天记录往上翻回到你爱我的瞬间 黑名单里躺着的都是曾经的VIP 如果梦里有我想要的 那我一定早睡 今年冬天格外的冷 遗憾你比冬天先离开。,0.0,0.0,0.0,0.0,0.0,0,"[('陪伴', '中性', 0.0, '我爱每一个陪伴过我的人 ', []), ('记忆', '正面', 0.3333333333333333, '过我的人 记忆中的你太好', [('好', 1.0)]), ('太好了', '中性', 0.0, '记忆中的你太好了难忘也难说', []), ('太累', '中性', 0.0, ' 如果相处太累及时告别没', []), ('总想', '中性', 0.0, '没有错 我总想等等再等等', []), ('聊天记录', '中性', 0.0, '等再等等 聊天记录往上翻回到', []), ('黑名单', '中性', 0.0, '我的瞬间 黑名单里躺着的都', [])]",无,无,无,无,无,无,无,无,无,无
网易云音乐,"我想要的从来都不是一句对不起.

我爱你可你好像不爱我.

会幸福吗 他好像不耐烦了.

受不了我情绪就不要跟我永远.

所有的原谅 其实因为都是不想失去.

唯一能伤害到我的都是我在意的.

为你流过的泪 回头打滑告诉我没必要.

你每次生气的时候总会拿我脾气说事.",1,i翻-篇,2025-04-23 20:59:51,1359356908,我想要的从来都不是一句对不起 我爱你可你好像不爱我 会幸福吗 他好像不耐烦了 受不了我情绪就不要跟我永远 所有的原谅 其实因为都是不想失去 唯一能伤害到我的都是我在意的 为你流过的泪 回头打滑告诉我没必要 你每次生气的时候总会拿我脾气说事,"['想要', '从来', '不是', '一句', '对不起', '我爱你', '好像', '不爱', '幸福', '好像', '不耐烦', '受不了', '情绪', '不要', '永远', '所有', '原谅', '因为', '不想', '失去', '唯一', '伤害', '在意', '流过', '回头', '打滑', '告诉', '必要', '每次', '生气', '时候', '总会', '脾气', '说事']",34,2,0.5720223188400269,正面,"[(' ', 'OTHER', 14, 15), (' ', 'OTHER', 25, 26), (' ', 'OTHER', 30, 31), (' ', 'OTHER', 38, 39), (' ', 'OTHER', 52, 53), ('原谅', 'PERSON', 56, 58), (' ', 'OTHER', 58, 59), (' ', 'OTHER', 69, 70), (' ', 'OTHER', 84, 85), (' ', 'OTHER', 91, 92), (' ', 'OTHER', 102, 103)]",['原谅'],[],[],[],"[('好像', 0.7489241206493333), ('打滑', 0.68420609948), ('流过', 0.58920550793), ('在意', 0.5429956958926667), ('总会', 0.5192806874979999), ('脾气', 0.488095095998), ('想要', 0.46075615906666667), ('生气', 0.44994614587133336), ('回头', 0.423404565788), ('失去', 0.40642841789666667), ('情绪', 0.40378860092133334), ('不想', 0.3976249972513333), ('告诉', 0.33467280859133336), ('时候', 0.28591642222933333)]","['好像', '打滑', '流过', '在意', '总会', '脾气', '想要', '生气', '回头', '失去', '情绪', '不想', '告诉', '时候']",True,我想要的从来都不是一句对不起 我爱你可你好像不爱我 会幸福吗 他好像不耐烦了 受不了我情绪就不要跟我永远 所有的原谅 其实因为都是不想失去 唯一能伤害到我的都是我在意的 为你流过的泪 回头打滑告诉我没必要 你每次生气的时候总会拿我脾气说事。,0.0,0.0,0.0,0.0,0.0,0,"[('对不起', '中性', 0.0, '都不是一句对不起 我爱你可', []), ('我爱你', '中性', 0.0, '句对不起 我爱你可你好像不', []), ('受不了', '中性', 0.0, '不耐烦了 受不了我情绪就不', []), ('情绪', '中性', 0.0, ' 受不了我情绪就不要跟我', []), ('原谅', '中性', 0.0, '远 所有的原谅 其实因为', []), ('生气', '中性', 0.0, '要 你每次生气的时候总会', []), ('时候', '中性', 0.0, '每次生气的时候总会拿我脾', []), ('总会', '中性', 0.0, '生气的时候总会拿我脾气说', []), ('脾气', '中性', 0.0, '候总会拿我脾气说事', [])]",无,中性,无,无,无,无,无,无,中性,无
网易云音乐,罐头鱼 晚安,1,冬京总是雨,2025-04-23 20:59:17,1359356908,罐头鱼 晚安,"['罐头', '晚安']",2,1,0.4402104020118713,中性,"[(' ', 'OTHER', 3, 4)]",[],[],[],[],"[('晚安', 5.6308101612), ('罐头', 4.220546068915)]","['晚安', '罐头']",False,,0.0,0.0,0.0,0.0,0.0,0,"[('罐头', '中性', 0.0, '罐头鱼 晚安', []), ('晚安', '中性', 0.0, '罐头鱼 晚安', [])]",中性,无,无,无,无,无,无,无,无,无
网易云音乐,都说失去了才会懂得珍惜其实珍惜过后失去比什么都痛,1,诺糯不爱吃鱼,2025-04-23 20:58:43,1359356908,都说失去了才会懂得珍惜其实珍惜过后失去比什么都痛,"['失去', '懂得', '珍惜', '珍惜', '过后', '失去']",6,2,0.3846405446529388,正面,"[('过后', 'TIME', 15, 17)]",[],[],[],[],"[('失去', 4.064284178966667), ('懂得', 2.332310131463333)]","['失去', '懂得']",False,,0.0,0.0,0.0,0.0,0.0,0,[],无,无,无,无,无,无,无,无,无,无
网易云音乐,我本来是要淋雨的，你非要给我撑伞，我会走不快，你也会淋湿，到头来你还要埋怨我。,1,诺糯不爱吃鱼,2025-04-23 20:57:28,1359356908,我本来是要淋雨的，你非要给我撑伞，我会走不快，你也会淋湿，到头来你还要埋怨我。,"['本来', '淋雨', '非要', '撑伞', '我会', '不快', '淋湿', '到头来', '还要', '埋怨']",10,2,0.4378150403499603,正面,"[('本来', 'TIME', 1, 3), ('，', 'OTHER', 8, 9), ('，', 'OTHER', 16, 17), ('，', 'OTHER', 22, 23), ('，', 'OTHER', 28, 29), ('。', 'OTHER', 38, 39)]",[],[],[],[],"[('撑伞', 2.36424722206), ('淋雨', 2.28315420044), ('淋湿', 2.08698834984), ('埋怨', 1.593686492906), ('我会', 1.468212482896)]","['撑伞', '淋雨', '淋湿', '埋怨', '我会']",False,,0.0,0.0,0.0,0.0,0.0,0,"[('淋雨', '中性', 0.0, '我本来是要淋雨的，你非要', []), ('我会', '中性', 0.0, '给我撑伞，我会走不快，你', []), ('淋湿', '中性', 0.0, '快，你也会淋湿，到头来你', []), ('到头来', '中性', 0.0, '也会淋湿，到头来你还要埋怨', [])]",无,无,无,无,中性,无,无,无,无,无
网易云音乐,这没骨气 心情好就原谅整个世界,1,敏感使我共鸣,2025-04-23 20:55:47,1359356908,这没骨气 心情好就原谅整个世界,"['没骨气', '心情', '原谅', '整个', '世界']",5,2,0.4622499048709869,正面,"[(' ', 'OTHER', 4, 5), ('原谅', 'PERSON', 9, 11)]",['原谅'],[],[],[],"[('心情', 3.17448271831), ('世界', 2.183764702785)]","['心情', '世界']",False,,0.0,0.0,0.0,0.0,0.0,0,"[('没骨气', '正面', 0.3333333333333333, '这没骨气 心情好就', [('好', 1.0)]), ('心情', '正面', 0.3333333333333333, '这没骨气 心情好就原谅整', [('好', 1.0)]), ('原谅', '正面', 0.3333333333333333, ' 心情好就原谅整个世界', [('好', 1.0)]), ('世界', '中性', 0.0, '就原谅整个世界', [])]",无,无,无,中性,无,无,无,无,无,无
网易云音乐,4月23,1,酒店学习巴西爵士,2025-04-23 20:52:22,1359356908,月,[],0,2,0.3387334048748016,正面,[],[],[],[],[],[],[],False,,0.0,0.0,0.0,0.0,0.0,0,[],无,无,无,无,无,无,无,无,无,无
网易云音乐,云南天气好不好 你好不好,1,yin_ilove,2025-04-23 20:47:35,1359356908,云南天气好不好 你好不好,"['云南', '天气', '好不好', '好不好']",4,2,0.4455435276031494,正面,"[('云南', 'LOCATION', 0, 2), (' ', 'OTHER', 7, 8)]",[],['云南'],[],[],"[('云南', 3.24456068208), ('天气', 3.229971972295)]","['云南', '天气']",False,,0.0,0.0,0.0,0.0,0.0,0,"[('云南', '中性', 0.0, '云南天气好不好', []), ('天气', '中性', 0.0, '云南天气好不好 你', []), ('好不好', '中性', 0.0, '云南天气好不好 你好不好', []), ('好不好', '中性', 0.0, '云南天气好不好 你好不好', [])]",无,无,无,无,无,无,无,无,无,无
网易云音乐,晚安,1,Sidhuwik,2025-04-23 20:46:52,1359356908,晚安,['晚安'],1,2,0.4150713980197906,正面,[],[],[],[],[],"[('晚安', 11.2616203224)]",['晚安'],False,,0.0,0.0,0.0,0.0,0.0,0,"[('晚安', '中性', 0.0, '晚安', [])]",中性,无,无,无,无,无,无,无,无,无
网易云音乐,😄,1,怡晚sulili,2025-04-23 20:43:58,1359356908,,[],0,0,0.0,负面,[],[],[],[],[],[],[],False,,0.0,0.0,0.0,0.0,0.0,0,[],无,无,无,无,无,无,无,无,无,无
网易云音乐,情头也偷啊[流泪],1,枯木滕,2025-04-23 20:43:36,1359356908,情头也偷啊流泪,"['情头', '流泪']",2,2,0.4110714197158813,正面,[],[],[],[],[],"[('情头', 5.97738375145), ('流泪', 4.01007233279)]","['情头', '流泪']",False,,0.0,0.0,0.0,0.0,0.0,0,"[('情头', '中性', 0.0, '情头也偷啊流泪', []), ('流泪', '中性', 0.0, '情头也偷啊流泪', [])]",无,无,无,无,无,无,中性,无,无,无
网易云音乐,接,1,晞aaa,2025-04-23 20:40:15,1359356908,接,[],0,0,0.3542755842208862,负面,[],[],[],[],[],[],[],False,,0.0,0.0,0.0,0.0,0.0,0,[],无,无,无,无,无,无,无,无,无,无
网易云音乐,缘分像一条线紧了会断松了会不见,1,相识ks,2025-04-23 20:39:08,1359356908,缘分像一条线紧了会断松了会不见,"['缘分', '一条线', '会断', '不见']",4,2,0.3858831226825714,正面,[],[],[],[],[],"[('缘分', 4.67340038019), ('不见', 3.089221453635)]","['缘分', '不见']",False,,0.0,0.0,0.0,0.0,0.0,0,"[('缘分', '中性', 0.0, '缘分像一条线紧', []), ('一条线', '中性', 0.0, '缘分像一条线紧了会断松', [])]",无,无,无,无,无,无,无,无,无,无
网易云音乐,官方现在文案圈好多人都退了  官方你是要让我们文案圈彻底没有知名度吗,1,知郁_uQex,2025-04-23 20:37:56,1359356908,官方现在文案圈好多人都退了 官方你是要让我们文案圈彻底没有知名度吗,"['官方', '现在', '文案', '好多', '官方', '我们', '文案', '彻底', '知名度']",9,2,0.4891759753227234,正面,"[('现在', 'TIME', 2, 4), (' ', 'OTHER', 13, 14)]",[],[],[],[],"[('文案', 3.3957018617666663), ('官方', 2.3452766246666665), ('知名度', 1.4379463489016666), ('没有', 0.5188039275249999)]","['文案', '官方', '知名度', '没有']",False,,0.0,0.0,0.0,0.0,0.0,0,"[('官方', '中性', 0.0, '官方现在文案圈', []), ('文案', '中性', 0.0, '官方现在文案圈好多人都', []), ('官方', '中性', 0.0, '官方现在文案圈', []), ('文案', '中性', 0.0, '官方现在文案圈好多人都', []), ('知名度', '中性', 0.0, '圈彻底没有知名度吗', [])]",无,无,无,无,无,无,无,无,无,无
网易云音乐,唉,1,湖南出了名的烂,2025-04-23 20:36:58,1359356908,唉,[],0,2,0.3892130553722381,正面,[],[],[],[],[],[],[],False,,0.0,0.0,0.0,0.0,0.0,0,[],无,无,无,无,无,无,无,无,无,无
网易云音乐,头像已偷,1,Yang_c_T1Lw,2025-04-23 20:35:52,1359356908,头像已偷,['头像'],1,1,0.3892194926738739,中性,[],[],[],[],[],"[('头像', 9.53122979951)]",['头像'],False,,0.0,0.0,0.0,0.0,0.0,0,"[('头像', '中性', 0.0, '头像已偷', [])]",无,无,无,无,无,无,无,无,无,无
网易云音乐,不了。,1,Yang_c_T1Lw,2025-04-23 20:35:27,1359356908,不了。,['不了'],1,1,0.3895314335823059,中性,"[('。', 'OTHER', 2, 3)]",[],[],[],[],"[('不了', 6.03818045475)]",['不了'],False,,0.0,0.0,0.0,0.0,0.0,0,[],无,无,无,无,无,无,无,无,无,无
网易云音乐,手机吗,1,Yang_c_T1Lw,2025-04-23 20:34:36,1359356908,手机吗,['手机'],1,2,0.4081082940101623,正面,[],[],[],[],[],"[('手机', 6.17182182812)]",['手机'],False,,0.0,0.0,0.0,0.0,0.0,0,"[('手机', '中性', 0.0, '手机吗', [])]",无,无,无,无,无,无,无,无,无,无
网易云音乐,我想和她做朋友，可我不想看她喜欢别的人,1,Aizeli丽,2025-04-23 20:34:24,1359356908,我想和她做朋友，可我不想看她喜欢别的人,"['朋友', '不想', '喜欢', '别的']",4,2,0.4657717943191528,正面,"[('，', 'OTHER', 7, 8)]",[],[],[],[],"[('不想', 1.9881249862566666), ('朋友', 1.9490361609466669), ('喜欢', 1.9008628010066666)]","['不想', '朋友', '喜欢']",False,,0.0,0.0,0.0,0.0,0.0,0,"[('朋友', '中性', 0.0, '我想和她做朋友，可我不想', [])]",无,无,中性,无,无,无,无,无,无,无
网易云音乐,这里~,1,煎紫薯,2025-04-23 20:34:09,1359356908,这里,['这里'],1,2,0.4118743240833282,正面,[],[],[],[],[],[],[],False,,0.0,0.0,0.0,0.0,0.0,0,[],无,无,无,无,无,无,无,无,无,无
网易云音乐,有些东西是该放下,1,夕颜_x8tT,2025-04-23 20:31:40,1359356908,有些东西是该放下,"['有些', '东西', '放下']",3,1,0.3965238630771637,中性,"[('东西', 'LOCATION', 2, 4)]",[],['东西'],[],[],"[('放下', 3.3045107214), ('东西', 2.38664210041)]","['放下', '东西']",False,,0.0,0.0,0.0,0.0,0.0,0,"[('东西', '中性', 0.0, '有些东西是该放下', [])]",无,无,无,无,无,无,无,无,无,无
网易云音乐,听了3年晚安，还是忘记不了你的那句晚安,1,那就叫你芯芯,2025-04-23 20:27:23,1359356908,听了年晚安，还是忘记不了你的那句晚安,"['晚安', '忘记', '不了', '那句', '晚安']",5,2,0.3964073657989502,正面,"[('，', 'OTHER', 5, 6)]",[],[],[],[],"[('晚安', 5.6308101612), ('忘记', 1.71091016757), ('不了', 1.5095451136875)]","['晚安', '忘记', '不了']",False,,0.0,0.0,0.0,0.0,0.0,0,"[('晚安', '中性', 0.0, '听了年晚安，还是忘记', []), ('晚安', '中性', 0.0, '听了年晚安，还是忘记', [])]",中性,无,无,无,无,无,无,无,无,无
网易云音乐,晚安,1,那就叫你芯芯,2025-04-23 20:26:04,1359356908,晚安,['晚安'],1,2,0.4150713980197906,正面,[],[],[],[],[],"[('晚安', 11.2616203224)]",['晚安'],False,,0.0,0.0,0.0,0.0,0.0,0,"[('晚安', '中性', 0.0, '晚安', [])]",中性,无,无,无,无,无,无,无,无,无
网易云音乐,宝宝终于听到现场版晚安啦 希望你一直唱歌 颜人中越来越好,1,刘什么1y,2025-04-23 20:24:52,1359356908,宝宝终于听到现场版晚安啦 希望你一直唱歌 颜人中越来越好,"['宝宝', '终于', '听到', '现场版', '晚安', '希望', '一直', '唱歌', '颜人', '越来越']",10,2,0.5035412311553955,正面,"[('宝宝', 'PERSON', 0, 2), (' ', 'MUSIC', 12, 13), (' ', 'MUSIC', 20, 21)]",['宝宝'],[],[],[],"[('现场版', 2.3167796086666668), ('颜人', 1.9924612504833332), ('晚安', 1.8769367204), ('唱歌', 1.3717994548333332), ('听到', 0.95655043813), ('希望', 0.8675563791966666)]","['现场版', '颜人', '晚安', '唱歌', '听到', '希望']",False,,0.0,0.0,0.0,0.0,0.0,0,"[('宝宝', '中性', 0.0, '宝宝终于听到现', []), ('晚安', '中性', 0.0, '听到现场版晚安啦 希望你', []), ('唱歌', '中性', 0.0, '希望你一直唱歌 颜人中越', []), ('颜人', '正面', 0.3333333333333333, '一直唱歌 颜人中越来越好', [('好', 1.0)])]",中性,无,无,无,无,无,无,无,无,无
网易云音乐,"唉
",1,与泪做伴,2025-04-23 20:24:32,1359356908,唉,[],0,2,0.3892130553722381,正面,[],[],[],[],[],[],[],False,,0.0,0.0,0.0,0.0,0.0,0,[],无,无,无,无,无,无,无,无,无,无
网易云音乐,我宁愿满身烟味 也不眼里含泪,1,Y痛斥,2025-04-23 20:22:14,1359356908,我宁愿满身烟味 也不眼里含泪,"['宁愿', '满身', '烟味', '眼里', '含泪']",5,2,0.4189792573451996,正面,"[(' ', 'OTHER', 7, 8)]",[],[],[],[],"[('烟味', 3.4888968158333333), ('含泪', 3.0577632777533332), ('满身', 2.9177277250533336)]","['烟味', '含泪', '满身']",False,,0.0,0.0,0.0,0.0,0.0,0,"[('烟味', '中性', 0.0, '我宁愿满身烟味 也不眼里', []), ('含泪', '中性', 0.0, ' 也不眼里含泪', [])]",无,无,无,无,无,无,无,无,无,无
网易云音乐,我不再需要可有可无的友情,1,Cdokii,2025-04-23 20:21:09,1359356908,我不再需要可有可无的友情,"['不再', '需要', '可有可无', '友情']",4,1,0.4342566132545471,中性,[],[],[],[],[],"[('友情', 4.818998887465), ('需要', 2.17224032175)]","['友情', '需要']",False,,0.0,0.0,0.0,0.0,0.0,0,"[('可有可无', '中性', 0.0, '我不再需要可有可无的友情', []), ('友情', '中性', 0.0, '可有可无的友情', [])]",无,无,无,无,无,无,无,无,无,无
网易云音乐,关于你的一切都没忘从你我相识那天起,1,Y痛斥,2025-04-23 20:20:13,1359356908,关于你的一切都没忘从你我相识那天起,"['关于', '一切', '相识', '那天']",4,2,0.4417887032032013,正面,[],[],[],[],[],"[('相识', 8.3285236198)]",['相识'],False,,0.0,0.0,0.0,0.0,0.0,0,[],无,无,无,无,无,无,无,无,无,无
网易云音乐,谢谢,1,为尘事贪了杯,2025-04-23 20:20:04,1359356908,谢谢,['谢谢'],1,2,0.3744980096817016,正面,"[('谢谢', 'PERSON', 0, 2)]",['谢谢'],[],[],[],[],[],False,,0.0,0.0,0.0,0.0,0.0,0,"[('谢谢', '中性', 0.0, '谢谢', [])]",无,无,无,无,无,无,无,无,无,无
网易云音乐,你会痛恨我吗 奇怪的脾气执拗的性格,1,拜托微辣,2025-04-23 20:17:52,1359356908,你会痛恨我吗 奇怪的脾气执拗的性格,"['痛恨', '奇怪', '脾气', '执拗', '性格']",5,2,0.5152561664581299,正面,"[(' ', 'OTHER', 6, 7)]",[],[],[],[],"[('执拗', 1.8651933346940002), ('痛恨', 1.737148378874), ('脾气', 1.464285287994), ('性格', 1.423470490274), ('奇怪', 1.292106194262)]","['执拗', '痛恨', '脾气', '性格', '奇怪']",False,,0.0,0.0,0.0,0.0,0.0,0,"[('脾气', '中性', 0.0, '吗 奇怪的脾气执拗的性格', []), ('性格', '中性', 0.0, '脾气执拗的性格', [])]",无,无,无,无,无,无,无,无,无,无
网易云音乐,互关,1,拜托微辣,2025-04-23 20:17:32,1359356908,互关,['互关'],1,1,0.410512775182724,中性,[],[],[],[],[],"[('互关', 11.9547675029)]",['互关'],False,,0.0,0.0,0.0,0.0,0.0,0,[],无,无,无,无,无,无,无,无,无,无
网易云音乐,用承诺绑住一个人 那太残忍了 晚安亲爱的 希望你永远辛福.,1,Y9_04,2025-04-23 20:15:49,1359356908,用承诺绑住一个人 那太残忍了 晚安亲爱的 希望你永远辛福,"['承诺', '绑住', '那太', '残忍', '晚安', '亲爱', '希望', '永远', '辛福']",9,2,0.4158129096031189,正面,"[(' ', 'OTHER', 8, 9), (' ', 'OTHER', 14, 15), (' ', 'OTHER', 20, 21), ('辛福', 'PERSON', 26, 28)]",['辛福'],[],[],[],"[('晚安', 2.8154050806), ('绑住', 2.782022232425), ('承诺', 1.617344494205), ('希望', 1.301334568795)]","['晚安', '绑住', '承诺', '希望']",False,,0.0,0.0,0.0,0.0,0.0,0,"[('晚安', '中性', 0.0, '太残忍了 晚安亲爱的 希', []), ('辛福', '中性', 0.0, '希望你永远辛福', [])]",中性,无,无,无,无,无,无,无,无,无
网易云音乐,晚安陌生人,1,枯木滕,2025-04-23 20:15:40,1359356908,晚安陌生人,"['晚安', '陌生人']",2,1,0.4194600880146026,中性,[],[],[],[],[],"[('晚安', 5.6308101612), ('陌生人', 4.385389468525)]","['晚安', '陌生人']",False,,0.0,0.0,0.0,0.0,0.0,0,"[('晚安', '中性', 0.0, '晚安陌生人', []), ('陌生人', '中性', 0.0, '晚安陌生人', [])]",中性,无,无,无,无,无,无,无,无,无
网易云音乐,一个背影就能认出来 你让我怎么忘,1,Y痛斥,2025-04-23 20:15:32,1359356908,一个背影就能认出来 你让我怎么忘,"['背影', '认出来', '怎么']",3,2,0.5048596858978271,正面,"[(' ', 'OTHER', 9, 10)]",[],[],[],[],"[('认出来', 4.65277890092), ('背影', 3.98025319963)]","['认出来', '背影']",False,,0.0,0.0,0.0,0.0,0.0,0,"[('背影', '中性', 0.0, '一个背影就能认出来', [])]",无,无,无,无,无,无,无,无,无,无
网易云音乐,2025年听晚安的人永远幸福。,1,樱花树下萌的战绩可查,2025-04-23 20:15:14,1359356908,年听晚安的人永远幸福。,"['晚安', '永远', '幸福']",3,1,0.4129341244697571,中性,"[('。', 'OTHER', 10, 11)]",[],[],[],[],"[('晚安', 11.2616203224)]",['晚安'],False,,0.0,0.0,0.0,0.0,0.0,0,"[('晚安', '中性', 0.0, '年听晚安的人永远幸', [])]",中性,无,无,无,无,无,无,无,无,无
网易云音乐,还看不,1,Dear_330,2025-04-23 20:14:59,1359356908,还看不,[],0,2,0.3868630230426788,正面,[],[],[],[],[],[],[],False,,0.0,0.0,0.0,0.0,0.0,0,[],无,无,无,无,无,无,无,无,无,无
网易云音乐,深夜 emo 时刻的软肋 氛围型重磅炸弹,1,A-YTO,2025-04-23 20:14:06,1359356908,深夜 emo 时刻的软肋 氛围型重磅炸弹,"['深夜', 'emo', '时刻', '软肋', '氛围', '重磅', '炸弹']",7,2,0.4335454702377319,正面,"[('深夜', 'TIME', 0, 2), (' ', 'OTHER', 2, 3), (' ', 'OTHER', 6, 7), (' ', 'OTHER', 12, 13)]",[],[],[],[],"[('软肋', 2.0101060100600003), ('重磅', 1.8869539066640002), ('氛围', 1.567378488658), ('炸弹', 1.534828196538), ('时刻', 1.353476339416)]","['软肋', '重磅', '氛围', '炸弹', '时刻']",False,,0.0,0.0,0.0,0.0,0.0,0,"[('时刻', '中性', 0.0, ' emo 时刻的软肋 氛', []), ('软肋', '中性', 0.0, 'o 时刻的软肋 氛围型重', []), ('氛围', '中性', 0.0, '刻的软肋 氛围型重磅炸弹', []), ('重磅', '中性', 0.0, '肋 氛围型重磅炸弹', []), ('炸弹', '中性', 0.0, '氛围型重磅炸弹', [])]",无,无,无,无,无,无,无,无,无,无
网易云音乐,接了,1,誓如约m,2025-04-23 20:13:54,1359356908,接了,[],0,2,0.4022000730037689,正面,[],[],[],[],[],[],[],False,,0.0,0.0,0.0,0.0,0.0,0,[],无,无,无,无,无,无,无,无,无,无
网易云音乐,今天是4月23号，明天期中考试，有点紧张，第一次裸考，其他一切安好，也希望你们天天开心,1,恋以愿,2025-04-23 20:12:34,1359356908,今天是月号，明天期中考试，有点紧张，第一次裸考，其他一切安好，也希望你们天天开心,"['今天', '明天', '期中考试', '有点', '紧张', '第一次', '裸考', '其他', '一切', '安好', '希望', '你们', '天天开心']",13,1,0.529253363609314,中性,"[('今天', 'TIME', 0, 2), ('，', 'OTHER', 5, 6), ('明天', 'TIME', 6, 8), ('，', 'OTHER', 12, 13), ('，', 'OTHER', 17, 18), ('，', 'OTHER', 23, 24), ('，', 'OTHER', 30, 31)]",[],[],[],[],"[('裸考', 3.9849225009666664), ('有点', 1.8661372857), ('希望', 1.7351127583933332)]","['裸考', '有点', '希望']",False,,0.0,0.0,0.0,0.0,0.0,0,"[('有点', '中性', 0.0, '期中考试，有点紧张，第一', [])]",无,无,无,无,无,无,无,无,无,无
网易云音乐,"“他缺点多吗?”
“多，像星星一样多。”
“那优点呢?”
“像太阳一样少。”
“那你为什么喜欢他?”
“因为太阳一出来星星就都不见了。”",1,_iyyw17_,2025-04-23 19:59:48,1359356908,他缺点多吗 多，像星星一样多。 那优点呢 像太阳一样少。 那你为什么喜欢他 因为太阳一出来星星就都不见了。,"['缺点', '星星', '一样', '优点', '太阳', '一样', '为什么', '喜欢', '因为', '太阳', '出来', '星星', '不见']",13,2,0.5198870301246643,正面,"[(' ', 'OTHER', 5, 6), ('，', 'OTHER', 7, 8), ('星星', 'OTHER', 9, 11), ('。', 'OTHER', 14, 15), (' ', 'OTHER', 15, 16), (' ', 'OTHER', 20, 21), ('太阳', 'LOCATION', 22, 24), ('。', 'OTHER', 27, 28), (' ', 'OTHER', 28, 29), (' ', 'OTHER', 37, 38), ('太阳', 'LOCATION', 40, 42), ('星星', 'OTHER', 45, 47), ('。', 'OTHER', 52, 53)]",[],"['太阳', '太阳']",[],[],"[('太阳', 1.7794056443800002), ('缺点', 1.0894165186757143), ('优点', 1.062298478327143), ('不见', 0.8826347010385714), ('喜欢', 0.8146554861457143), ('出来', 0.6241708934)]","['太阳', '缺点', '优点', '不见', '喜欢', '出来']",False,,0.0,0.0,0.0,0.0,0.0,0,"[('缺点', '中性', 0.0, '他缺点多吗 多，', []), ('星星', '中性', 0.0, '吗 多，像星星一样多。 ', []), ('优点', '中性', 0.0, '样多。 那优点呢 像太阳', []), ('太阳', '中性', 0.0, '优点呢 像太阳一样少。 ', []), ('太阳', '中性', 0.0, '优点呢 像太阳一样少。 ', []), ('星星', '中性', 0.0, '吗 多，像星星一样多。 ', [])]",无,无,无,无,无,无,无,无,无,无
网易云音乐,其实，我只是想起你了，并不是想你……,1,薪尽自然樑同学,2025-04-23 19:58:33,1359356908,其实，我只是想起你了，并不是想你,"['想起', '不是']",2,1,0.3852660357952118,中性,"[('，', 'OTHER', 2, 3), ('，', 'OTHER', 10, 11)]",[],[],[],[],"[('想起', 6.02555837094)]",['想起'],False,,0.0,0.0,0.0,0.0,0.0,0,[],无,无,无,无,无,无,无,无,无,无
网易云音乐,52天后中考顺利。,1,血契骨钉,2025-04-23 19:54:37,1359356908,天后中考顺利。,"['天后', '中考', '顺利']",3,2,0.393761396408081,正面,"[('中考', 'LOCATION', 2, 4), ('。', 'OTHER', 6, 7)]",[],['中考'],[],[],"[('中考', 10.7226238216)]",['中考'],False,,0.0,0.0,0.0,0.0,0.0,0,"[('中考', '中性', 0.0, '天后中考顺利。', [])]",无,无,无,无,无,无,无,无,无,无
网易云音乐,“还忘不了她吗？” “早忘了。” “我还没说是谁...”,1,深海鱼子魉,2025-04-23 19:52:06,1359356908,还忘不了她吗？ 早忘了。 我还没说是谁,['忘不了'],1,2,0.4583966732025146,正面,"[('？', 'OTHER', 6, 7), (' ', 'OTHER', 7, 8), ('。', 'OTHER', 11, 12), (' ', 'OTHER', 12, 13)]",[],[],[],[],"[('忘不了', 9.18217878068)]",['忘不了'],False,,0.0,0.0,0.0,0.0,0.0,0,[],无,无,无,无,无,无,无,无,无,无
网易云音乐,^晚安过后 还是会想很多 失眠的夜 只有眼泪陪伴.💤,1,冬日冰椰子,2025-04-23 19:51:47,1359356908,晚安过后 还是会想很多 失眠的夜 只有眼泪陪伴,"['晚安', '过后', '会想', '很多', '失眠', '眼泪', '陪伴']",7,2,0.4856926798820495,正面,"[('过后', 'TIME', 2, 4), (' ', 'OTHER', 4, 5), (' ', 'OTHER', 11, 12), (' ', 'OTHER', 16, 17)]",[],[],[],[],"[('晚安', 2.8154050806), ('陪伴', 2.2111079616575), ('失眠', 2.0764915680925), ('眼泪', 1.62077431239)]","['晚安', '陪伴', '失眠', '眼泪']",False,,0.0,0.0,0.0,0.0,0.0,0,"[('晚安', '中性', 0.0, '晚安过后 还是', []), ('眼泪', '中性', 0.0, '的夜 只有眼泪陪伴', []), ('陪伴', '中性', 0.0, ' 只有眼泪陪伴', [])]",中性,无,无,无,无,无,无,无,无,无
网易云音乐,有人发现颜人中600w粉丝了吗！,1,潇洒一只忆,2025-04-23 19:51:37,1359356908,有人发现颜人中w粉丝了吗！,"['有人', '发现', '颜人', '粉丝']",4,1,0.4063657522201538,中性,"[('！', 'OTHER', 12, 13)]",[],[],[],[],"[('颜人', 3.9849225009666664), ('粉丝', 3.1052367244366668), ('发现', 1.4576826209333333)]","['颜人', '粉丝', '发现']",False,,0.0,0.0,0.0,0.0,0.0,0,"[('颜人', '中性', 0.0, '有人发现颜人中w粉丝了', []), ('粉丝', '中性', 0.0, '现颜人中w粉丝了吗！', [])]",无,无,无,无,无,无,无,无,无,无
网易云音乐,来啦,1,绿水人家绕1997,2025-04-23 19:46:51,1359356908,来啦,[],0,1,0.3894240260124206,中性,[],[],[],[],[],[],[],False,,0.0,0.0,0.0,0.0,0.0,0,[],无,无,无,无,无,无,无,无,无,无
网易云音乐,高考倒计时45天,1,-陳_1-,2025-04-23 19:45:16,1359356908,高考倒计时天,"['高考', '倒计时']",2,1,0.4516834318637848,中性,[],[],[],[],[],"[('倒计时', 4.92881319207), ('高考', 4.24451580006)]","['倒计时', '高考']",False,,0.0,0.0,0.0,0.0,0.0,0,"[('倒计时', '中性', 0.0, '高考倒计时天', [])]",无,无,无,无,无,无,无,无,无,无
网易云音乐,这,1,萝卜张___,2025-04-23 19:37:42,1359356908,这,[],0,1,0.394278734922409,中性,[],[],[],[],[],[],[],False,,0.0,0.0,0.0,0.0,0.0,0,[],无,无,无,无,无,无,无,无,无,无
网易云音乐,晚安,1,阴郁令你费解,2025-04-23 19:37:26,1359356908,晚安,['晚安'],1,2,0.4150713980197906,正面,[],[],[],[],[],"[('晚安', 11.2616203224)]",['晚安'],False,,0.0,0.0,0.0,0.0,0.0,0,"[('晚安', '中性', 0.0, '晚安', [])]",中性,无,无,无,无,无,无,无,无,无
网易云音乐,悲伤原来捂住眼睛，也会从鼻子里流出来,1,生命万歳,2025-04-23 19:32:19,1359356908,悲伤原来捂住眼睛，也会从鼻子里流出来,"['悲伤', '原来', '捂住', '眼睛', '鼻子', '里流', '出来']",7,2,0.450635552406311,正面,"[('，', 'OTHER', 8, 9)]",[],[],[],[],"[('捂住', 2.1714354735925), ('鼻子', 1.7403559264825), ('眼睛', 1.283415007665), ('出来', 1.09229906345)]","['捂住', '鼻子', '眼睛', '出来']",False,,0.0,0.0,0.0,0.0,0.0,0,"[('眼睛', '中性', 0.0, '伤原来捂住眼睛，也会从鼻', []), ('鼻子', '中性', 0.0, '睛，也会从鼻子里流出来', [])]",无,无,无,无,无,无,无,无,无,无
网易云音乐,好听,1,shore_海岸,2025-04-23 19:22:35,1359356908,好听,['好听'],1,1,0.4081085324287414,中性,[],[],[],[],[],"[('好听', 8.66956903512)]",['好听'],False,,0.0,0.0,0.0,0.0,0.0,0,[],无,无,无,无,无,无,无,无,无,无
网易云音乐,高一的单曲循环,1,伤痕肌,2025-04-23 19:22:15,1359356908,高一的单曲循环,"['高一', '单曲', '循环']",3,2,0.4909023344516754,正面,[],[],[],[],[],"[('单曲', 6.14561986975), ('循环', 3.34235132466)]","['单曲', '循环']",False,,0.0,0.0,0.0,0.0,0.0,0,"[('单曲', '中性', 0.0, '高一的单曲循环', [])]",无,无,无,无,无,无,无,无,无,无
网易云音乐,接,1,厌烦小雨天和你,2025-04-23 19:15:01,1359356908,接,[],0,0,0.3542755842208862,负面,[],[],[],[],[],[],[],False,,0.0,0.0,0.0,0.0,0.0,0,[],无,无,无,无,无,无,无,无,无,无
网易云音乐,晚安,1,立秋超群巧克力,2025-04-23 19:12:06,1359356908,晚安,['晚安'],1,2,0.4150713980197906,正面,[],[],[],[],[],"[('晚安', 11.2616203224)]",['晚安'],False,,0.0,0.0,0.0,0.0,0.0,0,"[('晚安', '中性', 0.0, '晚安', [])]",中性,无,无,无,无,无,无,无,无,无
网易云音乐,和喜欢的人说晚安吧,1,小羊冰7,2025-04-23 19:10:42,1359356908,和喜欢的人说晚安吧,"['喜欢', '晚安']",2,2,0.5213369131088257,正面,[],[],[],[],[],"[('晚安', 5.6308101612), ('喜欢', 2.85129420151)]","['晚安', '喜欢']",False,,0.0,0.0,0.0,0.0,0.0,0,"[('晚安', '正面', 0.3333333333333333, '喜欢的人说晚安吧', [('喜欢', 1.0)])]",正面,无,无,无,无,无,无,无,无,无
网易云音乐,[多多比耶],1,一祺吃鱼,2025-04-23 19:08:43,1359356908,多多比耶,"['多多', '比耶']",2,2,0.4509317576885223,正面,"[('耶', 'PERSON', 3, 4)]",['耶'],[],[],[],[],[],False,,0.0,0.0,0.0,0.0,0.0,0,[],无,无,无,无,无,无,无,无,无,无
网易云音乐,做人不能太天真  除有人懂你的天真.,1,那就宅一辈子-,2025-04-23 19:06:30,1359356908,做人不能太天真 除有人懂你的天真,"['做人', '不能', '太天真', '有人', '天真']",5,1,0.3953371942043304,中性,"[('太天真', 'PERSON', 4, 7), (' ', 'OTHER', 7, 8), ('天真', 'OTHER', 14, 16)]",['太天真'],[],[],[],"[('做人', 4.20380810432), ('不能', 1.99508241725)]","['做人', '不能']",False,,0.0,0.0,0.0,0.0,0.0,0,"[('做人', '中性', 0.0, '做人不能太天真', []), ('太天真', '中性', 0.0, '做人不能太天真 除有人懂', []), ('天真', '中性', 0.0, '做人不能太天真 除有人懂', [])]",无,无,无,无,无,无,无,无,无,无
网易云音乐,来了,1,上官默耶,2025-04-23 19:05:50,1359356908,来了,[],0,2,0.4005726873874664,正面,[],[],[],[],[],[],[],False,,0.0,0.0,0.0,0.0,0.0,0,[],无,无,无,无,无,无,无,无,无,无
网易云音乐,错过了 就是错过了…,1,唱跳rap的仙女沫,2025-04-23 18:59:50,1359356908,错过了 就是错过了,"['错过', '错过']",2,1,0.3984226882457733,中性,"[(' ', 'OTHER', 3, 4)]",[],[],[],[],"[('错过', 8.30969067146)]",['错过'],False,,0.0,0.0,0.0,0.0,0.0,0,[],无,无,无,无,无,无,无,无,无,无
网易云音乐,天津的吗 我也是 祝你得偿所愿,1,我飘在他心里,2025-04-23 18:53:36,1359356908,天津的吗 我也是 祝你得偿所愿,"['天津', '得偿', '所愿']",3,2,0.4201599657535553,正面,"[('天津', 'LOCATION', 0, 2), (' ', 'OTHER', 4, 5), (' ', 'OTHER', 8, 9)]",[],['天津'],[],[],"[('得偿', 5.97738375145), ('天津', 3.229971972295)]","['得偿', '天津']",False,,0.0,0.0,0.0,0.0,0.0,0,"[('天津', '中性', 0.0, '天津的吗 我也', [])]",无,无,无,无,无,无,无,无,无,无
网易云音乐,好的 宝宝,1,写封告白信说爱你,2025-04-23 18:52:28,1359356908,好的 宝宝,['宝宝'],1,1,0.3825054764747619,中性,"[(' ', 'OTHER', 2, 3), ('宝宝', 'PERSON', 3, 5)]",['宝宝'],[],[],[],[],[],False,,0.0,0.0,0.0,0.0,0.0,0,"[('宝宝', '正面', 0.3333333333333333, '好的 宝宝', [('好', 1.0)])]",无,无,无,无,无,无,无,无,无,无
网易云音乐,但是真的会有这样的人吗,1,秋末残雪mad,2025-04-23 18:37:03,1359356908,但是真的会有这样的人吗,['真的'],1,2,0.446591854095459,正面,[],[],[],[],[],[],[],False,,0.0,0.0,0.0,0.0,0.0,0,[],无,无,无,无,无,无,无,无,无,无
网易云音乐,点赞有特效[多多比耶],1,漏尿被护工打,2025-04-23 18:27:28,1359356908,点赞有特效多多比耶,"['点赞', '特效', '多多', '比耶']",4,2,0.3921428918838501,正面,"[('耶', 'PERSON', 8, 9)]",['耶'],[],[],[],"[('赞有', 11.9547675029)]",['赞有'],False,,0.0,0.0,0.0,0.0,0.0,0,[],无,无,无,无,无,无,无,无,无,无
网易云音乐,她们都嘲笑我，她踩我板凳，踢我板凳，跟他朋友说，看不起我是吧？总有，一天我会给你们看的。,1,极品布偶,2025-04-23 18:26:09,1359356908,她们都嘲笑我，她踩我板凳，踢我板凳，跟他朋友说，看不起我是吧？总有，一天我会给你们看的。,"['她们', '嘲笑', '板凳', '板凳', '朋友', '看不起', '总有', '一天', '我会', '你们']",10,2,0.4445706009864807,正面,"[('，', 'OTHER', 6, 7), ('，', 'OTHER', 12, 13), ('，', 'OTHER', 17, 18), ('，', 'OTHER', 23, 24), ('？', 'OTHER', 30, 31), ('，', 'OTHER', 33, 34), ('。', 'OTHER', 43, 44)]",[],[],[],[],"[('板凳', 2.963347452626667), ('看不起', 1.5081078980099998), ('嘲笑', 1.3712257308), ('我会', 1.2235104024133332), ('朋友', 0.9745180804733334)]","['板凳', '看不起', '嘲笑', '我会', '朋友']",False,,0.0,0.0,0.0,0.0,0.0,0,"[('板凳', '中性', 0.0, '我，她踩我板凳，踢我板凳', []), ('板凳', '中性', 0.0, '我，她踩我板凳，踢我板凳', []), ('朋友', '中性', 0.0, '板凳，跟他朋友说，看不起', []), ('我会', '中性', 0.0, '总有，一天我会给你们看的', [])]",无,无,中性,无,中性,无,无,无,无,无
网易云音乐,这里,1,三人鑫ym,2025-04-23 18:24:46,1359356908,这里,['这里'],1,2,0.4118743240833282,正面,[],[],[],[],[],[],[],False,,0.0,0.0,0.0,0.0,0.0,0,[],无,无,无,无,无,无,无,无,无,无
网易云音乐,这里,1,爱意漫诗尾,2025-04-23 17:54:29,1359356908,这里,['这里'],1,2,0.4118743240833282,正面,[],[],[],[],[],[],[],False,,0.0,0.0,0.0,0.0,0.0,0,[],无,无,无,无,无,无,无,无,无,无
网易云音乐,甘肃的天气好不好，静静你过得好不好,1,野_原_琳_,2025-04-23 17:51:52,1359356908,甘肃的天气好不好，静静你过得好不好,"['甘肃', '天气', '好不好', '静静', '好不好']",5,2,0.5078344345092773,正面,"[('甘肃', 'LOCATION', 0, 2), ('，', 'OTHER', 8, 9), ('静静', 'PERSON', 9, 11)]",['静静'],['甘肃'],[],[],"[('过得', 2.7564886233833334), ('甘肃', 2.32666871591), ('天气', 2.1533146481966665)]","['过得', '甘肃', '天气']",False,,0.0,0.0,0.0,0.0,0.0,0,"[('甘肃', '正面', 0.3333333333333333, '甘肃的天气好不', [('好', 1.0)]), ('天气', '中性', 0.0, '甘肃的天气好不好，静', []), ('好不好', '中性', 0.0, '甘肃的天气好不好，静静你过', []), ('静静', '正面', 0.3333333333333333, '气好不好，静静你过得好不', [('好', 1.0)]), ('好不好', '中性', 0.0, '甘肃的天气好不好，静静你过', [])]",无,无,无,无,无,无,无,无,无,无
网易云音乐,滴滴滴,1,昆卡深棕绿音符,2025-04-23 17:51:47,1359356908,滴滴滴,['滴滴'],1,2,0.4094809889793396,正面,[],[],[],[],[],"[('滴滴', 9.84023464143)]",['滴滴'],False,,0.0,0.0,0.0,0.0,0.0,0,"[('滴滴', '中性', 0.0, '滴滴滴', [])]",无,无,无,无,无,无,无,无,无,无
网易云音乐,晚安,1,鱼脆饼,2025-04-23 17:50:10,1359356908,晚安,['晚安'],1,2,0.4150713980197906,正面,[],[],[],[],[],"[('晚安', 11.2616203224)]",['晚安'],False,,0.0,0.0,0.0,0.0,0.0,0,"[('晚安', '中性', 0.0, '晚安', [])]",中性,无,无,无,无,无,无,无,无,无
网易云音乐,兄弟可以的，干就完了，安安全全的,1,今碗早点睡_,2025-04-23 17:36:34,1359356908,兄弟可以的，干就完了，安安全全的,"['兄弟', '安安全全']",2,2,0.402227520942688,正面,"[('，', 'OTHER', 5, 6), ('，', 'OTHER', 10, 11), ('安安全全', 'OTHER', 11, 15)]",[],[],[],[],"[('兄弟', 5.74560276416)]",['兄弟'],False,,0.0,0.0,0.0,0.0,0.0,0,"[('兄弟', '中性', 0.0, '兄弟可以的，干', []), ('安安全全', '中性', 0.0, '干就完了，安安全全的', [])]",无,无,无,无,无,无,无,无,无,无
网易云音乐,"三字  难重逢.

无所谓无人在意.

好烦  好累 好想哭.

我堆积的思念你能听见吗.

你总说我变了而是我经历了太多.

相遇不一定有结局 但一定有意义.

情绪上头的时候除了崩溃还是崩溃.

周围都是漂亮的花 确实没有必要选我.

",1,ID王欣凯,2025-04-23 17:32:10,1359356908,三字 难重逢 无所谓无人在意 好烦 好累 好想哭 我堆积的思念你能听见吗 你总说我变了而是我经历了太多 相遇不一定有结局 但一定有意义 情绪上头的时候除了崩溃还是崩溃 周围都是漂亮的花 确实没有必要选我,"['三字', '重逢', '无所谓', '无人', '在意', '好烦', '好想哭', '堆积', '思念', '听见', '而是', '经历', '相遇', '一定', '结局', '一定', '意义', '情绪', '上头', '时候', '除了', '崩溃', '崩溃', '周围', '漂亮', '确实', '必要']",27,2,0.4786510169506073,正面,"[(' ', 'OTHER', 2, 3), (' ', 'OTHER', 6, 7), (' ', 'OTHER', 14, 15), (' ', 'OTHER', 17, 18), (' ', 'OTHER', 20, 21), (' ', 'OTHER', 24, 25), (' ', 'OTHER', 36, 37), (' ', 'OTHER', 51, 52), (' ', 'OTHER', 60, 61), (' ', 'OTHER', 67, 68), (' ', 'OTHER', 83, 84), (' ', 'OTHER', 92, 93)]",[],[],[],[],"[('崩溃', 0.94771369227875), ('重逢', 0.59261481526125), ('思念', 0.515731463363125), ('上头', 0.51356861779), ('相遇', 0.5123059485825), ('在意', 0.509058464899375), ('结局', 0.4838488914675), ('堆积', 0.46246174884), ('无人', 0.432479494453125), ('情绪', 0.37855181336375), ('听见', 0.37021222907625), ('经历', 0.3598043547), ('意义', 0.349993793195), ('时候', 0.26804664584), ('没有', 0.194551472821875)]","['崩溃', '重逢', '思念', '上头', '相遇', '在意', '结局', '堆积', '无人', '情绪', '听见', '经历', '意义', '时候', '没有']",True,三字 难重逢 无所谓无人在意 好烦 好累 好想哭 我堆积的思念你能听见吗 你总说我变了而是我经历了太多 相遇不一定有结局 但一定有意义 情绪上头的时候除了崩溃还是崩溃 周围都是漂亮的花 确实没有必要选我。,0.0,0.0,0.0,0.0,0.0,0,"[('无所谓', '中性', 0.0, ' 难重逢 无所谓无人在意 ', []), ('无人', '中性', 0.0, '逢 无所谓无人在意 好烦', []), ('好想哭', '正面', 0.3333333333333333, '烦 好累 好想哭 我堆积的', [('好', 1.0)]), ('思念', '中性', 0.0, ' 我堆积的思念你能听见吗', []), ('经历', '中性', 0.0, '变了而是我经历了太多 相', []), ('结局', '中性', 0.0, '遇不一定有结局 但一定有', []), ('意义', '中性', 0.0, ' 但一定有意义 情绪上头', []), ('情绪', '中性', 0.0, '定有意义 情绪上头的时候', []), ('时候', '中性', 0.0, '情绪上头的时候除了崩溃还', [])]",无,中性,无,无,无,无,无,无,无,无
网易云音乐,"你的语气 我的天气.

泪水打湿我的眼眶 我们也难回到从前.

拧巴的人总在充当明媚的角色.

你总是轻描淡写背后的痛你是句句不提.

还记得吗你说爱我的那年.

可我也讨厌我那阴晴不定的性格.

顺其自然爱自有天意.

如果我是薄情寡义的人 那凌晨流泪的人就不会是我.",1,ID王欣凯,2025-04-23 17:27:25,1359356908,你的语气 我的天气 泪水打湿我的眼眶 我们也难回到从前 拧巴的人总在充当明媚的角色 你总是轻描淡写背后的痛你是句句不提 还记得吗你说爱我的那年 可我也讨厌我那阴晴不定的性格 顺其自然爱自有天意 如果我是薄情寡义的人 那凌晨流泪的人就不会是我,"['语气', '天气', '泪水', '打湿', '眼眶', '我们', '回到', '从前', '充当', '明媚', '角色', '总是', '轻描淡写', '背后', '句句', '不提', '记得', '那年', '讨厌', '阴晴不定', '性格', '顺其自然', '自有', '天意', '薄情', '寡义', '凌晨', '流泪', '不会']",29,2,0.4856957197189331,正面,"[(' ', 'OTHER', 4, 5), (' ', 'OTHER', 9, 10), (' ', 'OTHER', 18, 19), ('从前', 'TIME', 25, 27), (' ', 'OTHER', 27, 28), (' ', 'OTHER', 41, 42), (' ', 'OTHER', 59, 60), (' ', 'OTHER', 71, 72), ('阴晴不定', 'PERSON', 79, 83), (' ', 'OTHER', 86, 87), (' ', 'OTHER', 96, 97), (' ', 'OTHER', 107, 108), ('凌晨', 'TIME', 109, 111)]",['阴晴不定'],[],[],[],"[('寡义', 0.74717296893125), ('薄情', 0.69171651924375), ('打湿', 0.610846454183125), ('天意', 0.5470739484475), ('眼眶', 0.538910187046875), ('讨厌', 0.511272867210625), ('流泪', 0.50125904159875), ('语气', 0.4927825307675), ('泪水', 0.452666662881875), ('自有', 0.445761527520625), ('性格', 0.444834528210625), ('角色', 0.43889694898), ('天气', 0.403746496536875), ('记得', 0.40063426562), ('回到', 0.33644278378375), ('不会', 0.2757325737225)]","['寡义', '薄情', '打湿', '天意', '眼眶', '讨厌', '流泪', '语气', '泪水', '自有', '性格', '角色', '天气', '记得', '回到', '不会']",True,你的语气 我的天气 泪水打湿我的眼眶 我们也难回到从前 拧巴的人总在充当明媚的角色 你总是轻描淡写背后的痛你是句句不提 还记得吗你说爱我的那年 可我也讨厌我那阴晴不定的性格 顺其自然爱自有天意 如果我是薄情寡义的人 那凌晨流泪的人就不会是我。,0.0,0.0,0.0,0.0,0.0,0,"[('语气', '中性', 0.0, '你的语气 我的天气', []), ('天气', '中性', 0.0, '语气 我的天气 泪水打湿', []), ('泪水', '中性', 0.0, '我的天气 泪水打湿我的眼', []), ('眼眶', '中性', 0.0, '水打湿我的眼眶 我们也难', []), ('角色', '中性', 0.0, '充当明媚的角色 你总是轻', []), ('阴晴不定', '中性', 0.0, '也讨厌我那阴晴不定的性格 顺', []), ('性格', '中性', 0.0, '阴晴不定的性格 顺其自然', []), ('天意', '中性', 0.0, '自然爱自有天意 如果我是', []), ('薄情', '中性', 0.0, ' 如果我是薄情寡义的人 ', []), ('寡义', '中性', 0.0, '果我是薄情寡义的人 那凌', []), ('流泪', '中性', 0.0, '人 那凌晨流泪的人就不会', [])]",无,无,无,无,无,无,中性,无,无,无
网易云音乐,"选我吧 稳赢.

共情的不是文案  是曾经的我.

幸福是块昂贵的蛋糕 我始终还未品尝.

你总以为我在跟你妥协 其实我在跟你告别.

在眼泪中 我看清了我们的距离.

可惜爱不是诗 我只能欲言又止.

嘴上说着无所谓 心里怎会不流泪.

突然的早睡 永远代替不开心.",1,ID王欣凯,2025-04-23 17:25:30,1359356908,选我吧 稳赢 共情的不是文案 是曾经的我 幸福是块昂贵的蛋糕 我始终还未品尝 你总以为我在跟你妥协 其实我在跟你告别 在眼泪中 我看清了我们的距离 可惜爱不是诗 我只能欲言又止 嘴上说着无所谓 心里怎会不流泪 突然的早睡 永远代替不开心,"['稳赢', '共情', '不是', '文案', '曾经', '幸福', '昂贵', '蛋糕', '始终', '品尝', '总以为', '妥协', '告别', '眼泪', '看清', '我们', '距离', '可惜', '不是', '只能', '欲言又止', '嘴上', '无所谓', '心里', '怎会', '流泪', '突然', '早睡', '永远', '代替', '开心']",31,2,0.5048725008964539,正面,"[(' ', 'OTHER', 3, 4), (' ', 'OTHER', 6, 7), (' ', 'OTHER', 14, 15), (' ', 'OTHER', 20, 21), (' ', 'OTHER', 30, 31), (' ', 'OTHER', 38, 39), (' ', 'OTHER', 49, 50), (' ', 'OTHER', 58, 59), (' ', 'OTHER', 63, 64), (' ', 'OTHER', 73, 74), (' ', 'OTHER', 80, 81), (' ', 'OTHER', 88, 89), (' ', 'OTHER', 96, 97), (' ', 'OTHER', 104, 105), (' ', 'OTHER', 110, 111)]",[],[],[],[],"[('稳赢', 0.86879235325), ('共情', 0.74717296893125), ('早睡', 0.68476491705), ('文案', 0.63669409908125), ('品尝', 0.56083899792625), ('蛋糕', 0.544930881355), ('开心', 0.50827229101125), ('流泪', 0.50125904159875), ('妥协', 0.496229519521875), ('看清', 0.485590697655625), ('告别', 0.48358517799625), ('可惜', 0.422811894059375), ('代替', 0.409344964096875), ('眼泪', 0.4051935780975), ('距离', 0.380215929154375), ('只能', 0.330829887041875)]","['稳赢', '共情', '早睡', '文案', '品尝', '蛋糕', '开心', '流泪', '妥协', '看清', '告别', '可惜', '代替', '眼泪', '距离', '只能']",True,选我吧 稳赢 共情的不是文案 是曾经的我 幸福是块昂贵的蛋糕 我始终还未品尝 你总以为我在跟你妥协 其实我在跟你告别 在眼泪中 我看清了我们的距离 可惜爱不是诗 我只能欲言又止 嘴上说着无所谓 心里怎会不流泪 突然的早睡 永远代替不开心。,0.0,0.0,0.0,0.0,0.0,0,"[('稳赢', '中性', 0.0, '选我吧 稳赢 共情的不', []), ('共情', '中性', 0.0, '吧 稳赢 共情的不是文案', []), ('文案', '中性', 0.0, '共情的不是文案 是曾经的', []), ('蛋糕', '负面', 0.3333333333333333, '是块昂贵的蛋糕 我始终还', [('昂贵', -1.0)]), ('总以为', '中性', 0.0, '未品尝 你总以为我在跟你妥', []), ('眼泪', '中性', 0.0, '你告别 在眼泪中 我看清', []), ('距离', '中性', 0.0, '清了我们的距离 可惜爱不', []), ('欲言又止', '中性', 0.0, '诗 我只能欲言又止 嘴上说着', []), ('无所谓', '中性', 0.0, ' 嘴上说着无所谓 心里怎会', []), ('流泪', '中性', 0.0, '心里怎会不流泪 突然的早', [])]",无,无,无,无,无,无,中性,无,无,无
网易云音乐,"零下的冬 炽热的爱 又是一个人.

没有靠山的时候就往自己身上靠靠.

陪一根 敬我们不堪的回忆.

可惜我心软 做不到失我者永失.

那一年 我们也说过永远.

没有深清专一只是爱了一个人很久很久.

怎么分了你不是说他是你的挚爱吗

今年的冬天能一起看雪吗.",1,ID王欣凯,2025-04-23 17:24:31,1359356908,零下的冬 炽热的爱 又是一个人 没有靠山的时候就往自己身上靠靠 陪一根 敬我们不堪的回忆 可惜我心软 做不到失我者永失 那一年 我们也说过永远 没有深清专一只是爱了一个人很久很久 怎么分了你不是说他是你的挚爱吗 今年的冬天能一起看雪吗,"['零下', '炽热', '靠山', '时候', '身上', '靠靠', '一根', '我们', '不堪', '回忆', '可惜', '心软', '不到', '我者', '永失', '一年', '我们', '永远', '深清', '专一', '很久很久', '怎么', '不是', '挚爱', '今年', '冬天', '一起', '看雪']",28,2,0.5001164078712463,正面,"[(' ', 'OTHER', 4, 5), (' ', 'OTHER', 9, 10), (' ', 'OTHER', 15, 16), (' ', 'OTHER', 31, 32), (' ', 'OTHER', 35, 36), (' ', 'OTHER', 44, 45), (' ', 'OTHER', 50, 51), (' ', 'OTHER', 59, 60), (' ', 'OTHER', 63, 64), (' ', 'OTHER', 71, 72), (' ', 'OTHER', 89, 90), (' ', 'OTHER', 105, 106), ('今年', 'TIME', 106, 108), ('冬天', 'TIME', 109, 111)]",[],[],[],[],"[('靠靠', 1.2802065363300001), ('挚爱', 1.02371160058), ('靠山', 0.894485059437), ('不堪', 0.7773808467860001), ('回忆', 0.735964765279), ('可惜', 0.676499030495), ('没有', 0.6225647130299999), ('不到', 0.533621926809), ('时候', 0.428874633344)]","['靠靠', '挚爱', '靠山', '不堪', '回忆', '可惜', '没有', '不到', '时候']",True,零下的冬 炽热的爱 又是一个人 没有靠山的时候就往自己身上靠靠 陪一根 敬我们不堪的回忆 可惜我心软 做不到失我者永失 那一年 我们也说过永远 没有深清专一只是爱了一个人很久很久 怎么分了你不是说他是你的挚爱吗 今年的冬天能一起看雪吗。,0.0,0.0,0.0,0.0,0.0,0,"[('靠山', '中性', 0.0, '个人 没有靠山的时候就往', []), ('时候', '中性', 0.0, '没有靠山的时候就往自己身', []), ('挚爱', '中性', 0.0, '说他是你的挚爱吗 今年的', [])]",无,中性,无,无,无,无,无,无,无,无
网易云音乐,"其实我很清楚 我很委屈 你也是.

我爱每一个陪伴过我的人.

记忆中的你太好了难忘也难说.

如果相处太累及时告别没有错.

我总想等等再等等.

聊天记录往上翻回到你爱我的瞬间.

黑名单里躺着的都是曾经的VIP.

如果梦里有我想要的 那我一定早睡.

今年冬天格外的冷 遗憾你比冬天先离开.",1,ID王欣凯,2025-04-23 17:22:55,1359356908,其实我很清楚 我很委屈 你也是 我爱每一个陪伴过我的人 记忆中的你太好了难忘也难说 如果相处太累及时告别没有错 我总想等等再等等 聊天记录往上翻回到你爱我的瞬间 黑名单里躺着的都是曾经的VIP 如果梦里有我想要的 那我一定早睡 今年冬天格外的冷 遗憾你比冬天先离开,"['清楚', '委屈', '陪伴', '记忆', '太好了', '难忘', '难说', '相处', '太累', '及时', '告别', '总想', '等等', '等等', '聊天记录', '往上', '回到', '瞬间', '黑名单', '曾经', 'VIP', '梦里', '想要', '一定', '早睡', '今年冬天', '格外', '遗憾', '冬天', '离开']",30,2,0.5102957487106323,正面,"[(' ', 'OTHER', 6, 7), (' ', 'OTHER', 11, 12), (' ', 'OTHER', 15, 16), (' ', 'OTHER', 27, 28), (' ', 'OTHER', 41, 42), ('太累', 'LOCATION', 46, 48), (' ', 'OTHER', 55, 56), (' ', 'OTHER', 64, 65), ('聊天记录', 'OTHER', 65, 69), ('瞬间', 'TIME', 78, 80), (' ', 'OTHER', 80, 81), ('黑名单', 'PERSON', 81, 84), (' ', 'OTHER', 96, 97), (' ', 'OTHER', 106, 107), (' ', 'OTHER', 113, 114), ('今年冬天', 'TIME', 114, 118), (' ', 'OTHER', 122, 123), ('冬天', 'TIME', 127, 129)]",['黑名单'],['太累'],[],[],"[('早睡', 0.8427875902153846), ('总想', 0.7158121386030769), ('太累', 0.7098345244238462), ('难说', 0.6891565561053846), ('陪伴', 0.6803409112792308), ('难忘', 0.6702532189338462), ('告别', 0.5951817575338462), ('委屈', 0.58517372101), ('记忆', 0.5739482523753846), ('想要', 0.531641722), ('离开', 0.42006135105076925), ('回到', 0.4140834261953846), ('没有', 0.23944796654999997)]","['早睡', '总想', '太累', '难说', '陪伴', '难忘', '告别', '委屈', '记忆', '想要', '离开', '回到', '没有']",True,其实我很清楚 我很委屈 你也是 我爱每一个陪伴过我的人 记忆中的你太好了难忘也难说 如果相处太累及时告别没有错 我总想等等再等等 聊天记录往上翻回到你爱我的瞬间 黑名单里躺着的都是曾经的VIP 如果梦里有我想要的 那我一定早睡 今年冬天格外的冷 遗憾你比冬天先离开。,0.0,0.0,0.0,0.0,0.0,0,"[('陪伴', '中性', 0.0, '我爱每一个陪伴过我的人 ', []), ('记忆', '正面', 0.3333333333333333, '过我的人 记忆中的你太好', [('好', 1.0)]), ('太好了', '中性', 0.0, '记忆中的你太好了难忘也难说', []), ('太累', '中性', 0.0, ' 如果相处太累及时告别没', []), ('总想', '中性', 0.0, '没有错 我总想等等再等等', []), ('聊天记录', '中性', 0.0, '等再等等 聊天记录往上翻回到', []), ('黑名单', '中性', 0.0, '我的瞬间 黑名单里躺着的都', [])]",无,无,无,无,无,无,无,无,无,无
网易云音乐,希望你下次遇到喜欢的人可以大胆一点，不要给自己留下遗憾哦[多多可怜],1,o邡飛懜葙fjh,2025-04-23 17:04:15,1359356908,希望你下次遇到喜欢的人可以大胆一点，不要给自己留下遗憾哦多多可怜,"['希望', '下次', '遇到', '喜欢', '大胆', '一点', '不要', '留下', '遗憾', '多多', '可怜']",11,2,0.4551690816879272,正面,"[('下次', 'TIME', 3, 5), ('，', 'OTHER', 17, 18)]",[],[],[],[],"[('大胆', 1.18755192684), ('可怜', 1.1505136114983332), ('遇到', 1.0284171427883333), ('留下', 0.9596236069233334), ('喜欢', 0.9504314005033333), ('希望', 0.8675563791966666)]","['大胆', '可怜', '遇到', '留下', '喜欢', '希望']",False,,0.0,0.0,0.0,0.0,0.0,0,"[('大胆', '中性', 0.0, '欢的人可以大胆一点，不要', [])]",无,无,无,无,无,无,无,无,无,无
网易云音乐,“朋友之上恋人未满”的关系太糟糕了,1,雨桜彼方,2025-04-23 16:58:30,1359356908,朋友之上恋人未满的关系太糟糕了,"['朋友', '之上', '恋人', '未满', '关系', '糟糕']",6,2,0.4562020301818847,正面,[],[],[],[],[],"[('未满', 2.4130456024825), ('恋人', 2.35869238333), ('朋友', 1.46177712071), ('关系', 1.18388596821)]","['未满', '恋人', '朋友', '关系']",False,,0.0,0.0,0.0,0.0,0.0,0,"[('朋友', '中性', 0.0, '朋友之上恋人未', []), ('恋人', '中性', 0.0, '朋友之上恋人未满的关系', []), ('关系', '负面', 0.3333333333333333, '恋人未满的关系太糟糕了', [('糟糕', -1.0)])]",无,无,中性,无,无,无,无,无,无,无
网易云音乐,不要让自己陷入自责与懊悔之中,1,风华灬怀旧,2025-04-23 16:44:17,1359356908,不要让自己陷入自责与懊悔之中,"['不要', '陷入', '自责', '懊悔', '之中']",5,1,0.4231359362602234,中性,[],[],[],[],[],"[('自责', 3.1487767852400004), ('懊悔', 3.13362266055), ('陷入', 2.24275102495)]","['自责', '懊悔', '陷入']",False,,0.0,0.0,0.0,0.0,0.0,0,[],无,无,无,无,无,无,无,无,无,无
网易云音乐,我也等了很久 但还是没等到,1,用户1441159175,2025-04-23 16:16:01,1359356908,我也等了很久 但还是没等到,['等到'],1,2,0.4011113345623016,正面,"[(' ', 'OTHER', 6, 7)]",[],[],[],[],"[('等到', 6.62966911369)]",['等到'],False,,0.0,0.0,0.0,0.0,0.0,0,[],无,无,无,无,无,无,无,无,无,无
网易云音乐,"我想要的从来都不是一句对不起.

我爱你可你好像不爱我.

会幸福吗 他好像不耐烦了.

受不了我情绪就不要跟我永远.

所有的原谅 其实因为都是不想失去.

唯一能伤害到我的都是我在意的.

为你流过的泪 回头打滑告诉我没必要.

你每次生气的时候总会拿我脾气说事.",1,夜怜安lyh,2025-04-23 16:03:18,1359356908,我想要的从来都不是一句对不起 我爱你可你好像不爱我 会幸福吗 他好像不耐烦了 受不了我情绪就不要跟我永远 所有的原谅 其实因为都是不想失去 唯一能伤害到我的都是我在意的 为你流过的泪 回头打滑告诉我没必要 你每次生气的时候总会拿我脾气说事,"['想要', '从来', '不是', '一句', '对不起', '我爱你', '好像', '不爱', '幸福', '好像', '不耐烦', '受不了', '情绪', '不要', '永远', '所有', '原谅', '因为', '不想', '失去', '唯一', '伤害', '在意', '流过', '回头', '打滑', '告诉', '必要', '每次', '生气', '时候', '总会', '脾气', '说事']",34,2,0.5720223188400269,正面,"[(' ', 'OTHER', 14, 15), (' ', 'OTHER', 25, 26), (' ', 'OTHER', 30, 31), (' ', 'OTHER', 38, 39), (' ', 'OTHER', 52, 53), ('原谅', 'PERSON', 56, 58), (' ', 'OTHER', 58, 59), (' ', 'OTHER', 69, 70), (' ', 'OTHER', 84, 85), (' ', 'OTHER', 91, 92), (' ', 'OTHER', 102, 103)]",['原谅'],[],[],[],"[('好像', 0.7489241206493333), ('打滑', 0.68420609948), ('流过', 0.58920550793), ('在意', 0.5429956958926667), ('总会', 0.5192806874979999), ('脾气', 0.488095095998), ('想要', 0.46075615906666667), ('生气', 0.44994614587133336), ('回头', 0.423404565788), ('失去', 0.40642841789666667), ('情绪', 0.40378860092133334), ('不想', 0.3976249972513333), ('告诉', 0.33467280859133336), ('时候', 0.28591642222933333)]","['好像', '打滑', '流过', '在意', '总会', '脾气', '想要', '生气', '回头', '失去', '情绪', '不想', '告诉', '时候']",True,我想要的从来都不是一句对不起 我爱你可你好像不爱我 会幸福吗 他好像不耐烦了 受不了我情绪就不要跟我永远 所有的原谅 其实因为都是不想失去 唯一能伤害到我的都是我在意的 为你流过的泪 回头打滑告诉我没必要 你每次生气的时候总会拿我脾气说事。,0.0,0.0,0.0,0.0,0.0,0,"[('对不起', '中性', 0.0, '都不是一句对不起 我爱你可', []), ('我爱你', '中性', 0.0, '句对不起 我爱你可你好像不', []), ('受不了', '中性', 0.0, '不耐烦了 受不了我情绪就不', []), ('情绪', '中性', 0.0, ' 受不了我情绪就不要跟我', []), ('原谅', '中性', 0.0, '远 所有的原谅 其实因为', []), ('生气', '中性', 0.0, '要 你每次生气的时候总会', []), ('时候', '中性', 0.0, '每次生气的时候总会拿我脾', []), ('总会', '中性', 0.0, '生气的时候总会拿我脾气说', []), ('脾气', '中性', 0.0, '候总会拿我脾气说事', [])]",无,中性,无,无,无,无,无,无,中性,无
网易云音乐,不想你了，晚安,1,龙子王99917,2025-04-23 16:01:04,1359356908,不想你了，晚安,"['不想', '晚安']",2,1,0.4019385874271393,中性,"[('，', 'OTHER', 4, 5)]",[],[],[],[],"[('晚安', 5.6308101612), ('不想', 2.982187479385)]","['晚安', '不想']",False,,0.0,0.0,0.0,0.0,0.0,0,"[('晚安', '中性', 0.0, '不想你了，晚安', [])]",中性,无,无,无,无,无,无,无,无,无
网易云音乐,"全是小学生，全都为情所困，
被甩了就打开音乐播放器找伤感音乐听，小小年纪就一把年纪[大哭]
而我，也曾经为她痴迷过，分手后有些失落。而你，我的朋友，开心点，未来还长，不必为她而浪费时间",1,枫析了,2025-04-23 15:55:34,1359356908,全是小学生，全都为情所困， 被甩了就打开音乐播放器找伤感音乐听，小小年纪就一把年纪大哭 而我，也曾经为她痴迷过，分手后有些失落。而你，我的朋友，开心点，未来还长，不必为她而浪费时间,"['全是', '小学生', '全都', '为情所困', '打开', '音乐', '播放器', '伤感', '音乐', '小小年纪', '一把', '年纪', '大哭', '曾经', '痴迷', '分手', '有些', '失落', '朋友', '开心', '未来', '还长', '不必', '浪费时间']",24,2,0.5268054008483887,正面,"[('小学生', 'PERSON', 2, 5), ('，', 'OTHER', 5, 6), ('，', 'OTHER', 12, 13), (' ', 'OTHER', 13, 14), ('，', 'OTHER', 31, 32), ('年纪', 'TIME', 39, 41), (' ', 'OTHER', 43, 44), ('，', 'OTHER', 46, 47), ('，', 'OTHER', 55, 56), ('。', 'OTHER', 63, 64), ('，', 'OTHER', 66, 67), ('，', 'OTHER', 71, 72), ('，', 'OTHER', 75, 76), ('未来', 'TIME', 76, 78), ('，', 'OTHER', 80, 81)]",['小学生'],[],[],[],"[('音乐', 0.94709558767), ('播放器', 0.8154122144428572), ('浪费时间', 0.7629858447928571), ('小小年纪', 0.7276503989499999), ('痴迷', 0.6854723256264286), ('失落', 0.6350030255628571), ('伤感', 0.5982303366314285), ('大哭', 0.5817811027421429), ('开心', 0.5808826182985715), ('分手', 0.5746861235549999), ('全都', 0.48349851010785716), ('打开', 0.43330609636214285), ('朋友', 0.41765060591714287)]","['音乐', '播放器', '浪费时间', '小小年纪', '痴迷', '失落', '伤感', '大哭', '开心', '分手', '全都', '打开', '朋友']",False,,0.0,0.0,0.0,0.0,0.0,0,"[('小学生', '中性', 0.0, '全是小学生，全都为情', []), ('全都', '中性', 0.0, '是小学生，全都为情所困，', []), ('音乐', '中性', 0.0, '甩了就打开音乐播放器找伤', []), ('播放器', '中性', 0.0, '就打开音乐播放器找伤感音乐', []), ('伤感', '中性', 0.0, '乐播放器找伤感音乐听，小', []), ('音乐', '中性', 0.0, '甩了就打开音乐播放器找伤', []), ('小小年纪', '中性', 0.0, '感音乐听，小小年纪就一把年纪', []), ('朋友', '中性', 0.0, '而你，我的朋友，开心点，', []), ('浪费时间', '中性', 0.0, '不必为她而浪费时间', [])]",无,无,中性,无,无,无,无,无,无,无
网易云音乐,我始终猜不透你 也许你从未在意过我,1,恸垳,2025-04-23 15:54:00,1359356908,我始终猜不透你 也许你从未在意过我,"['始终', '猜不透', '也许', '从未', '在意']",5,2,0.4273855090141296,正面,"[(' ', 'OTHER', 7, 8)]",[],[],[],[],"[('猜不透', 4.886771633465), ('在意', 4.072467719195)]","['猜不透', '在意']",False,,0.0,0.0,0.0,0.0,0.0,0,[],无,无,无,无,无,无,无,无,无,无
网易云音乐,"没有突如其来的冷淡 起初就没那么喜欢你.

你最懂我了 可最近我们话不多.

想到我们曾经也那么好 我也好想哭.

每一滴眼泪都是爱要消失的证据.

我不在相信承诺 我只要无条件的陪伴.

想放弃却又舍不得想继续却没又意义.

有些话我听了会高兴 但我永远不相信.

我知道没有人会爱我的全部包括我的情绪.",1,夜怜安lyh,2025-04-23 15:47:43,1359356908,没有突如其来的冷淡 起初就没那么喜欢你 你最懂我了 可最近我们话不多 想到我们曾经也那么好 我也好想哭 每一滴眼泪都是爱要消失的证据 我不在相信承诺 我只要无条件的陪伴 想放弃却又舍不得想继续却没又意义 有些话我听了会高兴 但我永远不相信 我知道没有人会爱我的全部包括我的情绪,"['突如其来', '冷淡', '起初', '那么', '喜欢', '最近', '我们', '想到', '我们', '曾经', '那么', '好想哭', '一滴', '眼泪', '爱要', '消失', '证据', '相信', '承诺', '无条件', '陪伴', '放弃', '舍不得', '继续', '意义', '有些', '高兴', '永远', '相信', '知道', '人会', '全部', '包括', '情绪']",34,2,0.5671370625495911,正面,"[(' ', 'OTHER', 9, 10), (' ', 'OTHER', 19, 20), (' ', 'OTHER', 25, 26), (' ', 'OTHER', 34, 35), (' ', 'OTHER', 45, 46), (' ', 'OTHER', 51, 52), (' ', 'OTHER', 66, 67), (' ', 'OTHER', 74, 75), (' ', 'OTHER', 84, 85), (' ', 'OTHER', 101, 102), (' ', 'OTHER', 111, 112), (' ', 'OTHER', 119, 120)]",[],[],[],[],"[('人会', 0.597738375145), ('相信', 0.566134822407), ('陪伴', 0.4422215923315), ('舍不得', 0.3943481247965), ('证据', 0.3572454364995), ('放弃', 0.328024540833), ('眼泪', 0.324154862478), ('承诺', 0.323468898841), ('没有', 0.31128235651499997), ('消失', 0.311163861073), ('情绪', 0.302841450691), ('喜欢', 0.285129420151), ('想到', 0.2804064569), ('意义', 0.279995034556), ('全部', 0.246398007629), ('继续', 0.2133712629145), ('包括', 0.21118258246149998), ('知道', 0.198705427)]","['人会', '相信', '陪伴', '舍不得', '证据', '放弃', '眼泪', '承诺', '没有', '消失', '情绪', '喜欢', '想到', '意义', '全部', '继续', '包括', '知道']",True,没有突如其来的冷淡 起初就没那么喜欢你 你最懂我了 可最近我们话不多 想到我们曾经也那么好 我也好想哭 每一滴眼泪都是爱要消失的证据 我不在相信承诺 我只要无条件的陪伴 想放弃却又舍不得想继续却没又意义 有些话我听了会高兴 但我永远不相信 我知道没有人会爱我的全部包括我的情绪。,0.0,0.0,0.0,0.0,0.0,0,"[('好想哭', '正面', 0.3333333333333333, '么好 我也好想哭 每一滴眼', [('好', 1.0)]), ('眼泪', '中性', 0.0, '哭 每一滴眼泪都是爱要消', []), ('消失', '中性', 0.0, '泪都是爱要消失的证据 我', []), ('证据', '中性', 0.0, '爱要消失的证据 我不在相', []), ('无条件', '中性', 0.0, '诺 我只要无条件的陪伴 想', []), ('陪伴', '中性', 0.0, '要无条件的陪伴 想放弃却', []), ('意义', '中性', 0.0, '继续却没又意义 有些话我', []), ('人会', '中性', 0.0, '我知道没有人会爱我的全部', []), ('全部', '中性', 0.0, '人会爱我的全部包括我的情', []), ('情绪', '中性', 0.0, '部包括我的情绪', [])]",无,无,无,无,无,无,无,无,无,无
网易云音乐,你的一句轻描淡写 我却想了好多天.,1,书生讲义气,2025-04-23 15:20:01,1359356908,你的一句轻描淡写 我却想了好多天,"['一句', '轻描淡写', '好多天']",3,1,0.3645955920219421,中性,"[(' ', 'OTHER', 8, 9)]",[],[],[],[],[],[],False,,0.0,0.0,0.0,0.0,0.0,0,[],无,无,无,无,无,无,无,无,无,无
网易云音乐,谁能想到这是我初三的单曲循环,1,窗外哼清照,2025-04-23 15:19:04,1359356908,谁能想到这是我初三的单曲循环,"['想到', '初三', '单曲', '循环']",4,2,0.513240396976471,正面,"[('初三', 'TIME', 7, 9)]",[],[],[],[],"[('单曲', 4.097079913166667), ('循环', 2.22823421644), ('想到', 1.8693763793333333)]","['单曲', '循环', '想到']",False,,0.0,0.0,0.0,0.0,0.0,0,"[('单曲', '中性', 0.0, '是我初三的单曲循环', [])]",无,无,无,无,无,无,无,无,无,无
网易云音乐,这里,1,啾太郎不要太可爱,2025-04-23 15:04:24,1359356908,这里,['这里'],1,2,0.4118743240833282,正面,[],[],[],[],[],[],[],False,,0.0,0.0,0.0,0.0,0.0,0,[],无,无,无,无,无,无,无,无,无,无
网易云音乐,所以你是怎么做到这么洒脱的,1,本人已死tex,2025-04-23 14:18:42,1359356908,所以你是怎么做到这么洒脱的,"['所以', '怎么', '做到', '这么', '洒脱']",5,2,0.4167236685752868,正面,[],[],[],[],[],"[('洒脱', 4.729013197745), ('做到', 3.32893986459)]","['洒脱', '做到']",False,,0.0,0.0,0.0,0.0,0.0,0,[],无,无,无,无,无,无,无,无,无,无
网易云音乐,喜欢固定的位置，同一款奶茶，不变的朋友,1,瓦达西白龙叠丝,2025-04-23 13:59:59,1359356908,喜欢固定的位置，同一款奶茶，不变的朋友,"['喜欢', '固定', '位置', '一款', '奶茶', '不变', '朋友']",7,2,0.5882713198661804,正面,"[('，', 'PRODUCT', 7, 8), ('，', 'PRODUCT', 13, 14)]",[],[],[],"['，', '，']","[('奶茶', 2.0526182984399997), ('不变', 1.252785107908), ('朋友', 1.169421696568), ('喜欢', 1.140517680604), ('位置', 1.134927844498)]","['奶茶', '不变', '朋友', '喜欢', '位置']",False,,0.0,0.0,0.0,0.0,0.0,0,"[('奶茶', '中性', 0.0, '置，同一款奶茶，不变的朋', []), ('朋友', '中性', 0.0, '茶，不变的朋友', [])]",无,无,中性,无,无,无,无,无,无,无
网易云音乐,我也是一名高中牲！一起加油！,1,喜尾smy,2025-04-23 13:35:49,1359356908,我也是一名高中牲！一起加油！,"['一名', '高中', '一起', '加油']",4,2,0.4152719378471374,正面,"[('！', 'OTHER', 8, 9), ('！', 'OTHER', 13, 14)]",[],[],[],[],"[('加油', 8.80692745117)]",['加油'],False,,0.0,0.0,0.0,0.0,0.0,0,[],无,无,无,无,无,无,无,无,无,无
网易云音乐,生活好像不应该这样 但又只能这样,1,余味惜陌,2025-04-23 13:24:00,1359356908,生活好像不应该这样 但又只能这样,"['生活', '好像', '只能']",3,2,0.4019555449485779,正面,"[(' ', 'OTHER', 9, 10)]",[],[],[],[],"[('好像', 1.4042327262175), ('只能', 1.3233195481675), ('应该', 1.17101426051), ('生活', 1.1584656082675)]","['好像', '只能', '应该', '生活']",False,,0.0,0.0,0.0,0.0,0.0,0,[],无,无,无,无,无,无,无,无,无,无
网易云音乐,这次没骗你们，十二周年点赞是真的有特效[多多大笑],1,云漫雨,2025-04-23 13:21:56,1359356908,这次没骗你们，十二周年点赞是真的有特效多多大笑,"['这次', '没骗', '你们', '十二', '周年', '点赞', '真的', '特效', '多多', '大笑']",10,1,0.4063395261764526,中性,"[('，', 'OTHER', 6, 7), ('周年', 'TIME', 9, 11)]",[],[],[],[],"[('没骗', 5.97738375145), ('大笑', 3.688557672915)]","['没骗', '大笑']",False,,0.0,0.0,0.0,0.0,0.0,0,[],无,无,无,无,无,无,无,无,无,无
网易云音乐,你是我的满目山河，亦是我的爱而不得。我爱你，你要记得我,1,爱楼的平房,2025-04-23 13:17:26,1359356908,你是我的满目山河，亦是我的爱而不得。我爱你，你要记得我,"['满目', '山河', '不得', '我爱你', '记得']",5,1,0.3582289218902588,中性,"[('山河', 'LOCATION', 6, 8), ('，', 'OTHER', 8, 9), ('。', 'OTHER', 17, 18), ('，', 'OTHER', 21, 22)]",[],['山河'],[],[],"[('满目', 2.534869384075), ('山河', 2.2602163119025), ('记得', 1.60253706248), ('不得', 1.4065164264425)]","['满目', '山河', '记得', '不得']",False,,0.0,0.0,0.0,0.0,0.0,0,"[('满目', '中性', 0.0, '你是我的满目山河，亦是', []), ('山河', '中性', 0.0, '是我的满目山河，亦是我的', []), ('我爱你', '中性', 0.0, '爱而不得。我爱你，你要记得', [])]",无,无,无,无,无,无,无,无,中性,无
网易云音乐,"可是都不真诚，新鲜感太快了
",1,试用期颂,2025-04-23 13:10:21,1359356908,可是都不真诚，新鲜感太快了,"['真诚', '新鲜感', '太快']",3,2,0.4422189593315124,正面,"[('，', 'OTHER', 6, 7)]",[],[],[],[],"[('新鲜感', 10.4349417492)]",['新鲜感'],False,,0.0,0.0,0.0,0.0,0.0,0,"[('新鲜感', '中性', 0.0, '都不真诚，新鲜感太快了', [])]",无,无,无,无,无,无,无,无,无,无
网易云音乐,可是你不说出来我怎么能知道呢？[多多大哭],1,天知道小白鼠,2025-04-23 13:00:06,1359356908,可是你不说出来我怎么能知道呢？多多大哭,"['出来', '怎么', '知道', '多多', '大哭']",5,2,0.442431628704071,正面,"[('？', 'OTHER', 14, 15)]",[],[],[],[],"[('大哭', 2.7149784794633334), ('出来', 1.4563987512666667), ('知道', 1.3247028466666666)]","['大哭', '出来', '知道']",False,,0.0,0.0,0.0,0.0,0.0,0,[],无,无,无,无,无,无,无,无,无,无
网易云音乐,我发现我总是偷偷生了很多人的气 又偷偷地原谅了很多人 有时候我甚至下定决心再也不原谅的 但是下一秒我可能因为一点小事又原谅了 当我意识到的时候 我才恍惚间发现 我的情绪都在不知不觉间自己消化了 原来一直让我受委屈的竟然是我自己,1,巴噶雅鹿,2025-04-23 12:59:09,1359356908,我发现我总是偷偷生了很多人的气 又偷偷地原谅了很多人 有时候我甚至下定决心再也不原谅的 但是下一秒我可能因为一点小事又原谅了 当我意识到的时候 我才恍惚间发现 我的情绪都在不知不觉间自己消化了 原来一直让我受委屈的竟然是我自己,"['发现', '总是', '偷偷', '很多', '偷偷地', '原谅', '很多', '有时候', '甚至', '下定决心', '再也', '原谅', '一秒', '可能', '因为', '一点', '小事', '原谅', '意识', '时候', '恍惚', '发现', '情绪', '不知不觉', '消化', '原来', '一直', '受委屈', '竟然']",29,2,0.555934727191925,正面,"[(' ', 'OTHER', 15, 16), ('原谅', 'PERSON', 20, 22), (' ', 'OTHER', 26, 27), ('原谅', 'PERSON', 40, 42), (' ', 'OTHER', 43, 44), ('原谅', 'PERSON', 59, 61), (' ', 'OTHER', 62, 63), (' ', 'OTHER', 71, 72), (' ', 'OTHER', 79, 80), (' ', 'OTHER', 96, 97)]","['原谅', '原谅', '原谅']",[],[],[],"[('受委屈', 1.1374573339777778), ('发现', 0.9717884139555556), ('小事', 0.8763291662144445), ('消化', 0.7715702454244444), ('意识', 0.7093604832288889), ('情绪', 0.6729810015355555), ('时候', 0.4765273703822222), ('可能', 0.41644755397)]","['受委屈', '发现', '小事', '消化', '意识', '情绪', '时候', '可能']",True,我发现我总是偷偷生了很多人的气 又偷偷地原谅了很多人 有时候我甚至下定决心再也不原谅的 但是下一秒我可能因为一点小事又原谅了 当我意识到的时候 我才恍惚间发现 我的情绪都在不知不觉间自己消化了 原来一直让我受委屈的竟然是我自己。,0.0,0.0,0.0,0.0,0.0,0,"[('原谅', '中性', 0.0, ' 又偷偷地原谅了很多人 ', []), ('有时候', '中性', 0.0, '了很多人 有时候我甚至下定', []), ('下定决心', '中性', 0.0, '时候我甚至下定决心再也不原谅', []), ('原谅', '中性', 0.0, ' 又偷偷地原谅了很多人 ', []), ('小事', '中性', 0.0, '能因为一点小事又原谅了 ', []), ('原谅', '中性', 0.0, ' 又偷偷地原谅了很多人 ', []), ('意识', '中性', 0.0, '谅了 当我意识到的时候 ', []), ('时候', '中性', 0.0, '很多人 有时候我甚至下定', []), ('情绪', '中性', 0.0, '发现 我的情绪都在不知不', []), ('受委屈', '中性', 0.0, '来一直让我受委屈的竟然是我', [])]",无,中性,无,无,无,无,无,无,无,无
网易云音乐,山高路远 你是我唯一带不走的行李,1,yin_ilove,2025-04-23 12:53:47,1359356908,山高路远 你是我唯一带不走的行李,"['山高路远', '唯一', '行李']",3,2,0.3660908639431,正面,"[('山高路远', 'LOCATION', 0, 4), (' ', 'OTHER', 4, 5)]",[],['山高路远'],[],[],"[('山高路远', 6.6037652357), ('行李', 3.824386884405)]","['山高路远', '行李']",False,,0.0,0.0,0.0,0.0,0.0,0,"[('山高路远', '中性', 0.0, '山高路远 你是我唯', []), ('行李', '中性', 0.0, '一带不走的行李', [])]",无,无,无,无,无,无,无,无,无,无
网易云音乐,不知道你在想我的时候会不会想起我也想你,1,地黑旋风,2025-04-23 12:52:23,1359356908,不知道你在想我的时候会不会想起我也想你,"['知道', '时候', '不会', '想起']",4,2,0.435785561800003,正面,[],[],[],[],[],"[('想起', 1.506389592735), ('不会', 1.10293029489), ('时候', 1.07218658336), ('知道', 0.993527135)]","['想起', '不会', '时候', '知道']",False,,0.0,0.0,0.0,0.0,0.0,0,"[('时候', '中性', 0.0, '你在想我的时候会不会想起', [])]",无,中性,无,无,无,无,无,无,无,无
网易云音乐,可是这个世上太多人不真诚 被爱就像中彩票 ,1,别凶猪猪i,2025-04-23 12:50:32,1359356908,可是这个世上太多人不真诚 被爱就像中彩票,"['这个', '世上', '太多人', '真诚', '彩票']",5,2,0.4635588228702545,正面,"[(' ', 'OTHER', 12, 13)]",[],[],[],[],"[('彩票', 8.48903160012)]",['彩票'],False,,0.0,0.0,0.0,0.0,0.0,0,"[('太多人', '中性', 0.0, '是这个世上太多人不真诚 被', []), ('彩票', '中性', 0.0, '被爱就像中彩票', [])]",无,无,无,无,无,无,无,无,无,无
网易云音乐,来了,1,Svki痛,2025-04-23 12:34:04,1359356908,来了,[],0,2,0.4005726873874664,正面,[],[],[],[],[],[],[],False,,0.0,0.0,0.0,0.0,0.0,0,[],无,无,无,无,无,无,无,无,无,无
网易云音乐,颜人中天天开心,1,cii77b,2025-04-23 12:29:28,1359356908,颜人中天天开心,"['颜人', '天天开心']",2,1,0.4473761618137359,中性,[],[],[],[],[],"[('颜人', 11.9547675029)]",['颜人'],False,,0.0,0.0,0.0,0.0,0.0,0,"[('颜人', '中性', 0.0, '颜人中天天开心', [])]",无,无,无,无,无,无,无,无,无,无
网易云音乐,是我,1,栀韵yu,2025-04-23 12:19:48,1359356908,是我,[],0,2,0.4238762259483337,正面,[],[],[],[],[],[],[],False,,0.0,0.0,0.0,0.0,0.0,0,[],无,无,无,无,无,无,无,无,无,无
网易云音乐,怎么说不出晚安，那就祝你早安午安晚安。,1,李黛玉丶,2025-04-23 12:19:14,1359356908,怎么说不出晚安，那就祝你早安午安晚安。,"['怎么', '说不出', '晚安', '早安', '午安', '晚安']",6,1,0.4664119482040405,中性,"[('，', 'OTHER', 7, 8), ('午安', 'LOCATION', 14, 16), ('。', 'OTHER', 18, 19)]",[],['午安'],[],[],"[('晚安', 4.50464812896), ('午安', 2.7801355304), ('早安', 2.28315420044), ('说不出', 1.494191634788)]","['晚安', '午安', '早安', '说不出']",False,,0.0,0.0,0.0,0.0,0.0,0,"[('晚安', '中性', 0.0, '怎么说不出晚安，那就祝你', []), ('早安', '中性', 0.0, '，那就祝你早安午安晚安。', []), ('午安', '中性', 0.0, '就祝你早安午安晚安。', []), ('晚安', '中性', 0.0, '怎么说不出晚安，那就祝你', [])]",中性,无,无,无,无,无,无,无,无,无
网易云音乐,.?.................?不贵 ..,1,狸奴0627,2025-04-23 12:06:48,1359356908,不贵,[],0,2,0.387842446565628,正面,[],[],[],[],[],[],[],False,,0.0,0.0,0.0,0.0,0.0,0,[],无,无,无,无,无,无,无,无,无,无
网易云音乐,一直很火啊,1,肥肥瘦了卜可爱-,2025-04-23 12:04:47,1359356908,一直很火啊,"['一直', '很火']",2,2,0.4277171492576599,正面,[],[],[],[],[],[],[],False,,0.0,0.0,0.0,0.0,0.0,0,[],无,无,无,无,无,无,无,无,无,无
网易云音乐,"我们全市第一都不到670,江苏欢迎你们",1,剑南春www,2025-04-23 11:55:59,1359356908,我们全市第一都不到江苏欢迎你们,"['我们', '全市', '第一', '不到', '江苏', '欢迎', '你们']",7,2,0.3910109400749206,正面,"[('江苏', 'LOCATION', 9, 11)]",[],['江苏'],[],[],"[('全市', 1.75947993473), ('欢迎', 1.72599904095), ('江苏', 1.5603765710775), ('不到', 1.3340548170225)]","['全市', '欢迎', '江苏', '不到']",False,,0.0,0.0,0.0,0.0,0.0,0,"[('全市', '中性', 0.0, '我们全市第一都不到', []), ('江苏', '中性', 0.0, '第一都不到江苏欢迎你们', [])]",无,无,无,无,无,无,无,无,无,无
网易云音乐,哈喽啊,1,薛定谔的他hjh,2025-04-23 11:49:57,1359356908,哈喽啊,[],0,1,0.3934115469455719,中性,[],[],[],[],[],[],[],False,,0.0,0.0,0.0,0.0,0.0,0,[],无,无,无,无,无,无,无,无,无,无
网易云音乐,"小子，看清楚你身上的VIP再说话
复制文案 骗人[奸笑]",1,梦醒吹风过,2025-04-23 11:40:42,1359356908,小子，看清楚你身上的VIP再说话 复制文案 骗人奸笑,"['小子', '看清楚', '身上', 'VIP', '说话', '复制', '文案', '骗人', '奸笑']",9,2,0.4599647521972656,正面,"[('，', 'OTHER', 2, 3), (' ', 'OTHER', 16, 17), (' ', 'OTHER', 21, 22)]",[],[],[],[],"[('奸笑', 2.0485399565833333), ('文案', 1.6978509308833332), ('骗人', 1.5443247772916668), ('复制', 1.318619372515), ('小子', 1.23273157974), ('说话', 0.8775576554233333)]","['奸笑', '文案', '骗人', '复制', '小子', '说话']",False,,0.0,0.0,0.0,0.0,0.0,0,"[('小子', '中性', 0.0, '小子，看清楚你', []), ('看清楚', '中性', 0.0, '小子，看清楚你身上的V', []), ('文案', '中性', 0.0, '说话 复制文案 骗人奸笑', []), ('骗人', '中性', 0.0, '复制文案 骗人奸笑', [])]",无,无,无,无,无,无,无,无,无,无
网易云音乐,晚安,1,单调冰冷,2025-04-23 11:37:56,1359356908,晚安,['晚安'],1,2,0.4150713980197906,正面,[],[],[],[],[],"[('晚安', 11.2616203224)]",['晚安'],False,,0.0,0.0,0.0,0.0,0.0,0,"[('晚安', '中性', 0.0, '晚安', [])]",中性,无,无,无,无,无,无,无,无,无
网易云音乐,祝你心想事成,1,单调冰冷,2025-04-23 11:37:38,1359356908,祝你心想事成,['心想事成'],1,1,0.3967251777648926,中性,[],[],[],[],[],[],[],False,,0.0,0.0,0.0,0.0,0.0,0,[],无,无,无,无,无,无,无,无,无,无
网易云音乐,忘了吗,1,单调冰冷,2025-04-23 11:36:59,1359356908,忘了吗,[],0,2,0.4029599726200104,正面,[],[],[],[],[],[],[],False,,0.0,0.0,0.0,0.0,0.0,0,[],无,无,无,无,无,无,无,无,无,无
网易云音乐,忘记跟在一起 是两码事,1,tangshiyyy,2025-04-23 11:20:38,1359356908,忘记跟在一起 是两码事,"['忘记', '一起', '两码事']",3,1,0.4334679245948791,中性,"[(' ', 'OTHER', 6, 7)]",[],[],[],[],"[('两码事', 5.1871585637), ('忘记', 3.42182033514)]","['两码事', '忘记']",False,,0.0,0.0,0.0,0.0,0.0,0,"[('两码事', '中性', 0.0, '在一起 是两码事', [])]",无,无,无,无,无,无,无,无,无,无
网易云音乐,到,1,曲吉MU,2025-04-23 10:51:21,1359356908,到,[],0,0,0.3596969544887543,负面,[],[],[],[],[],[],[],False,,0.0,0.0,0.0,0.0,0.0,0,[],无,无,无,无,无,无,无,无,无,无
网易云音乐,[多多大笑][多多大笑],1,听雷2007,2025-04-23 10:42:42,1359356908,多多大笑多多大笑,"['多多', '大笑', '多多', '大笑']",4,1,0.3972840309143066,中性,[],[],[],[],[],"[('大笑', 7.37711534583)]",['大笑'],False,,0.0,0.0,0.0,0.0,0.0,0,[],无,无,无,无,无,无,无,无,无,无
网易云音乐,y8o9po,1,1-炊烟,2025-04-23 10:41:12,1359356908,yopo,['yopo'],1,2,0.4099105298519134,正面,[],[],[],[],[],[],[],False,,0.0,0.0,0.0,0.0,0.0,0,[],无,无,无,无,无,无,无,无,无,无
网易云音乐,因为你唱的我才听，你唱的好好听,1,盛装登场杀完就走,2025-04-23 10:23:20,1359356908,因为你唱的我才听，你唱的好好听,"['因为', '好好']",2,2,0.4177378416061401,正面,"[('，', 'OTHER', 8, 9)]",[],[],[],[],[],[],False,,0.0,0.0,0.0,0.0,0.0,0,[],无,无,无,无,无,无,无,无,无,无
网易云音乐,唉 好累 大家一起来叹气吧,1,帅到被通缉嘟午夜忧郁霸总,2025-04-23 10:17:33,1359356908,唉 好累 大家一起来叹气吧,"['大家', '起来', '叹气']",3,2,0.4346824884414673,正面,"[(' ', 'OTHER', 1, 2), (' ', 'OTHER', 4, 5)]",[],[],[],[],"[('叹气', 2.867453428476667), ('大家', 1.6238331696900001), ('起来', 1.3204468155166666)]","['叹气', '大家', '起来']",False,,0.0,0.0,0.0,0.0,0.0,0,"[('大家', '正面', 0.3333333333333333, '唉 好累 大家一起来叹气', [('好', 1.0)])]",无,无,无,无,无,无,无,无,无,无
网易云音乐,晚安💤,1,蔷薇门,2025-04-23 10:16:52,1359356908,晚安,['晚安'],1,2,0.4150713980197906,正面,[],[],[],[],[],"[('晚安', 11.2616203224)]",['晚安'],False,,0.0,0.0,0.0,0.0,0.0,0,"[('晚安', '中性', 0.0, '晚安', [])]",中性,无,无,无,无,无,无,无,无,无
网易云音乐,这首歌又上网易云热搜榜了[多多耍酷],1,A荧o,2025-04-23 10:15:42,1359356908,这首歌又上网易云热搜榜了多多耍酷,"['首歌', '网易', '云热', '搜榜', '多多', '耍酷']",6,2,0.4155002534389496,正面,[],[],[],[],[],"[('云热', 2.988691875725), ('搜榜', 2.988691875725), ('首歌', 2.6806559554), ('网易', 2.136022844325)]","['云热', '搜榜', '首歌', '网易']",False,,0.0,0.0,0.0,0.0,0.0,0,"[('首歌', '中性', 0.0, '这首歌又上网易云', []), ('网易', '中性', 0.0, '这首歌又上网易云热搜榜了', []), ('云热', '中性', 0.0, '歌又上网易云热搜榜了多多', []), ('耍酷', '中性', 0.0, '搜榜了多多耍酷', [])]",无,无,无,无,无,无,无,中性,无,无
网易云音乐,这首歌怎么突然爆了？,1,含含涵涵,2025-04-23 10:12:13,1359356908,这首歌怎么突然爆了？,"['首歌', '怎么', '突然']",3,2,0.4410180449485779,正面,"[('？', 'MUSIC', 9, 10)]",[],[],[],[],"[('首歌', 10.7226238216)]",['首歌'],False,,0.0,0.0,0.0,0.0,0.0,0,"[('首歌', '中性', 0.0, '这首歌怎么突然爆', [])]",无,无,无,无,无,无,无,中性,无,无
网易云音乐,这个歌，真的很神奇。一个人坐公交车回学校，戴上耳机然后点开了一下这首从未听过的歌，然后仿佛这个世界就变了，变得那么静谧美好，仿佛处在有湖有山有牛有草的世外仙境，没有勾心斗角，真好。,1,牙牙乐2992,2025-04-23 10:08:45,1359356908,这个歌，真的很神奇。一个人坐公交车回学校，戴上耳机然后点开了一下这首从未听过的歌，然后仿佛这个世界就变了，变得那么静谧美好，仿佛处在有湖有山有牛有草的世外仙境，没有勾心斗角，真好。,"['这个', '真的', '神奇', '公交车', '学校', '戴上', '耳机', '然后', '点开', '一下', '这首', '从未', '听过', '然后', '仿佛', '这个', '世界', '变得', '那么', '静谧', '美好', '仿佛', '处在', '湖有', '山有', '世外', '仙境', '勾心斗角']",28,2,0.4020233154296875,正面,"[('，', 'MUSIC', 3, 4), ('。', 'MUSIC', 9, 10), ('，', 'OTHER', 20, 21), ('，', 'MUSIC', 40, 41), ('，', 'OTHER', 52, 53), ('静谧', 'PERSON', 57, 59), ('，', 'OTHER', 61, 62), ('，', 'OTHER', 79, 80), ('，', 'OTHER', 86, 87), ('。', 'OTHER', 89, 90)]",['静谧'],[],[],[],"[('点开', 1.2436252723222223), ('仙境', 1.0576278908111112), ('耳机', 1.0433131272733334), ('公交车', 0.9332688268255556), ('处在', 0.7433176887222221), ('变得', 0.6424967336188889), ('学校', 0.6324651000266667), ('世界', 0.48528104506333336), ('没有', 0.34586928501666664)]","['点开', '仙境', '耳机', '公交车', '处在', '变得', '学校', '世界', '没有']",False,,0.0,0.0,0.0,0.0,0.0,0,"[('公交车', '中性', 0.0, '。一个人坐公交车回学校，戴', []), ('学校', '中性', 0.0, '坐公交车回学校，戴上耳机', []), ('耳机', '中性', 0.0, '学校，戴上耳机然后点开了', []), ('世界', '中性', 0.0, '后仿佛这个世界就变了，变', []), ('静谧', '中性', 0.0, '，变得那么静谧美好，仿佛', []), ('仙境', '中性', 0.0, '有草的世外仙境，没有勾心', [])]",无,无,无,中性,无,无,无,无,无,无
网易云音乐,晚安，lala。,1,长安侠客辰,2025-04-23 10:00:18,1359356908,晚安，lala。,"['晚安', 'lala']",2,1,0.4166439771652221,中性,"[('，', 'OTHER', 2, 3), ('。', 'OTHER', 7, 8)]",[],[],[],[],"[('晚安', 11.2616203224)]",['晚安'],False,,0.0,0.0,0.0,0.0,0.0,0,"[('晚安', '中性', 0.0, '晚安，lala', [])]",中性,无,无,无,无,无,无,无,无,无
网易云音乐,"你来过很多地方，却唯独没有来过的我主页，亲爱的朋友 能来听听我的歌吗，虽然很小众，，没有什么人喜欢[小红花]2025
",1,瓦达西白龙叠丝,2025-04-23 09:58:47,1359356908,你来过很多地方，却唯独没有来过的我主页，亲爱的朋友 能来听听我的歌吗，虽然很小众，，没有什么人喜欢小红花,"['很多', '地方', '唯独', '主页', '亲爱', '朋友', '听听', '虽然', '很小', '喜欢', '小红花']",11,2,0.6212899088859558,正面,"[('，', 'OTHER', 7, 8), ('，', 'OTHER', 19, 20), (' ', 'MUSIC', 25, 26), ('，', 'MUSIC', 34, 35), ('，', 'MUSIC', 40, 41), ('，', 'MUSIC', 41, 42), ('小红花', 'PERSON', 49, 52)]",['小红花'],[],[],[],"[('主页', 1.5259716895857143), ('听听', 1.0750932617357143), ('没有', 0.8893781614714286), ('朋友', 0.8353012118342857), ('喜欢', 0.8146554861457143), ('地方', 0.6308417763328571)]","['主页', '听听', '没有', '朋友', '喜欢', '地方']",False,,0.0,0.0,0.0,0.0,0.0,0,"[('地方', '中性', 0.0, '你来过很多地方，却唯独没', []), ('主页', '中性', 0.0, '有来过的我主页，亲爱的朋', []), ('朋友', '中性', 0.0, '页，亲爱的朋友 能来听听', []), ('小红花', '正面', 0.3333333333333333, '什么人喜欢小红花', [('喜欢', 1.0)])]",无,无,中性,无,无,无,无,无,无,无
网易云音乐,这里,1,槐序深巷_HEar,2025-04-23 09:18:02,1359356908,这里,['这里'],1,2,0.4118743240833282,正面,[],[],[],[],[],[],[],False,,0.0,0.0,0.0,0.0,0.0,0,[],无,无,无,无,无,无,无,无,无,无
网易云音乐,来了,1,执念毵落人间,2025-04-23 09:16:09,1359356908,来了,[],0,2,0.4005726873874664,正面,[],[],[],[],[],[],[],False,,0.0,0.0,0.0,0.0,0.0,0,[],无,无,无,无,无,无,无,无,无,无
网易云音乐,非得变得那么坏才能立足世界吗 可是我想当一辈子的小孩,1,宅宅ooO,2025-04-23 09:03:15,1359356908,非得变得那么坏才能立足世界吗 可是我想当一辈子的小孩,"['非得', '变得', '那么', '才能', '立足', '世界', '一辈子', '小孩']",8,2,0.5543873310089111,正面,"[(' ', 'OTHER', 14, 15)]",[],[],[],[],"[('小孩', 1.88398172378), ('变得', 1.4456176506425), ('才能', 1.33891868998), ('世界', 1.0918823513925)]","['小孩', '变得', '才能', '世界']",False,,0.0,0.0,0.0,0.0,0.0,0,"[('世界', '中性', 0.0, '坏才能立足世界吗 可是我', []), ('小孩', '中性', 0.0, '当一辈子的小孩', [])]",无,无,无,中性,无,无,无,无,无,无
网易云音乐,那很好了，像皇帝一样诶，开心了就大赦天下,1,长颈鹿的恋人吗,2025-04-23 08:55:31,1359356908,那很好了，像皇帝一样诶，开心了就大赦天下,"['皇帝', '一样', '开心', '大赦天下']",4,2,0.4488784968852997,正面,"[('，', 'OTHER', 4, 5), ('，', 'OTHER', 11, 12)]",[],[],[],[],"[('开心', 4.06617832809), ('皇帝', 2.8113786969)]","['开心', '皇帝']",False,,0.0,0.0,0.0,0.0,0.0,0,"[('皇帝', '正面', 0.3333333333333333, '很好了，像皇帝一样诶，开', [('好', 1.0)])]",无,无,无,无,无,无,无,无,无,无
网易云音乐,喵,1,秀牛被偷拍,2025-04-23 08:34:43,1359356908,喵,[],0,2,0.4244136214256286,正面,[],[],[],[],[],[],[],False,,0.0,0.0,0.0,0.0,0.0,0,[],无,无,无,无,无,无,无,无,无,无
网易云音乐,哈哈哈,1,lengyiyang,2025-04-23 08:28:19,1359356908,哈哈哈,['哈哈哈'],1,2,0.3737122714519501,正面,[],[],[],[],[],[],[],False,,0.0,0.0,0.0,0.0,0.0,0,[],无,无,无,无,无,无,无,无,无,无
网易云音乐,[可爱],1,许呦呦H,2025-04-23 08:28:07,1359356908,可爱,['可爱'],1,2,0.4201076030731201,正面,[],[],[],[],[],"[('可爱', 7.61841090508)]",['可爱'],False,,0.0,0.0,0.0,0.0,0.0,0,[],无,无,无,无,无,无,无,无,无,无
网易云音乐,可一见钟情的人怎会甘心只做朋友.,1,抱着小熊200328,2025-04-23 08:00:41,1359356908,可一见钟情的人怎会甘心只做朋友,"['一见钟情', '怎会', '甘心', '朋友']",4,2,0.4076662957668304,正面,[],[],[],[],[],"[('甘心', 4.075642333035), ('朋友', 2.92355424142)]","['甘心', '朋友']",False,,0.0,0.0,0.0,0.0,0.0,0,"[('甘心', '中性', 0.0, '情的人怎会甘心只做朋友', []), ('朋友', '中性', 0.0, '会甘心只做朋友', [])]",无,无,中性,无,无,无,无,无,无,无
网易云音乐,晚安可可 今天的晚安我替你说啦 不止晚安 也不止今天   ˃̶͈ ꇴ ˂̶͈   ,1,快觉睡,2025-04-23 07:51:50,1359356908,晚安可可 今天的晚安我替你说啦 不止晚安 也不止今天 ꇴ,"['晚安', '可可', '今天', '晚安', '不止', '晚安', '不止', '今天']",8,2,0.4551305174827575,正面,"[(' ', 'OTHER', 4, 5), ('今天', 'TIME', 5, 7), (' ', 'OTHER', 15, 16), (' ', 'OTHER', 20, 21), ('今天', 'TIME', 24, 26), (' ', 'OTHER', 26, 27), ('ꇴ', 'OTHER', 27, 28)]",[],[],[],[],"[('晚安', 5.6308101612), ('不止', 2.420703287603333), ('可可', 1.4540879865666667)]","['晚安', '不止', '可可']",False,,0.0,0.0,0.0,0.0,0.0,0,"[('晚安', '中性', 0.0, '晚安可可 今天', []), ('晚安', '中性', 0.0, '晚安可可 今天', []), ('晚安', '中性', 0.0, '晚安可可 今天', [])]",中性,无,无,无,无,无,无,无,无,无
网易云音乐,如果我们有隔阂了 能不能发个hello重新开始.,1,忧郁是我主旋律,2025-04-23 07:19:01,1359356908,如果我们有隔阂了 能不能发个hello重新开始,"['我们', '隔阂', '不能', '发个', 'hello', '重新', '开始']",7,2,0.4689899384975433,正面,"[(' ', 'OTHER', 8, 9)]",[],[],[],[],"[('隔阂', 3.198870852923333), ('不能', 1.3300549448333332), ('开始', 1.28167570268)]","['隔阂', '不能', '开始']",False,,0.0,0.0,0.0,0.0,0.0,0,"[('隔阂', '中性', 0.0, '如果我们有隔阂了 能不能', [])]",无,无,无,无,无,无,无,无,无,无
网易云音乐,"无所谓了
",1,生欢不在,2025-04-23 06:44:03,1359356908,无所谓了,['无所谓'],1,1,0.4062415957450866,中性,[],[],[],[],[],[],[],False,,0.0,0.0,0.0,0.0,0.0,0,"[('无所谓', '中性', 0.0, '无所谓了', [])]",无,无,无,无,无,无,无,无,无,无
网易云音乐,在等一个06的女孩😆,1,爱情主义Eh,2025-04-23 05:44:28,1359356908,在等一个的女孩,['女孩'],1,2,0.4535506665706634,正面,[],[],[],[],[],"[('女孩', 7.46452728361)]",['女孩'],False,,0.0,0.0,0.0,0.0,0.0,0,"[('女孩', '中性', 0.0, '在等一个的女孩', [])]",无,无,无,无,无,无,无,无,无,无
网易云音乐,福建天气好不好 那个男孩对你好不好,1,向星许,2025-04-23 04:48:35,1359356908,福建天气好不好 那个男孩对你好不好,"['福建', '天气', '好不好', '那个', '男孩', '好不好']",6,2,0.5257182717323303,正面,"[('福建', 'LOCATION', 0, 2), (' ', 'OTHER', 7, 8)]",[],['福建'],[],[],"[('男孩', 2.7564886233833334), ('福建', 2.2250653930633333), ('天气', 2.1533146481966665)]","['男孩', '福建', '天气']",False,,0.0,0.0,0.0,0.0,0.0,0,"[('福建', '中性', 0.0, '福建天气好不好', []), ('天气', '中性', 0.0, '福建天气好不好 那', []), ('好不好', '中性', 0.0, '福建天气好不好 那个男孩', []), ('男孩', '中性', 0.0, '不好 那个男孩对你好不好', []), ('好不好', '中性', 0.0, '福建天气好不好 那个男孩', [])]",无,无,无,无,无,无,无,无,无,无
网易云音乐,晚安 你不会知道了 因为我结婚了 ,1,水原禾乃,2025-04-23 03:36:46,1359356908,晚安 你不会知道了 因为我结婚了,"['晚安', '不会', '知道', '因为', '结婚']",5,2,0.4375703036785126,正面,"[(' ', 'OTHER', 2, 3), (' ', 'OTHER', 9, 10)]",[],[],[],[],"[('晚安', 2.8154050806), ('结婚', 1.6410979979875), ('不会', 1.10293029489), ('知道', 0.993527135)]","['晚安', '结婚', '不会', '知道']",False,,0.0,0.0,0.0,0.0,0.0,0,"[('晚安', '中性', 0.0, '晚安 你不会知', [])]",中性,无,无,无,无,无,无,无,无,无
网易云音乐,晚安安,1,凌忾,2025-04-23 03:31:44,1359356908,晚安安,['晚安'],1,1,0.4094375073909759,中性,[],[],[],[],[],"[('晚安', 11.2616203224)]",['晚安'],False,,0.0,0.0,0.0,0.0,0.0,0,"[('晚安', '中性', 0.0, '晚安安', [])]",中性,无,无,无,无,无,无,无,无,无
网易云音乐,和别人谈起你 是我唯一能够正大光明想你的方式,1,你的陪伴抵一切,2025-04-23 03:21:02,1359356908,和别人谈起你 是我唯一能够正大光明想你的方式,"['别人', '谈起', '唯一', '能够', '正大光明', '方式']",6,2,0.5419188141822815,正面,"[(' ', 'OTHER', 6, 7), ('正大光明', 'OTHER', 13, 17)]",[],[],[],[],"[('谈起', 2.7944082518366664), ('能够', 1.6391211195266668), ('方式', 1.6004974431233334)]","['谈起', '能够', '方式']",False,,0.0,0.0,0.0,0.0,0.0,0,"[('正大光明', '中性', 0.0, '我唯一能够正大光明想你的方式', []), ('方式', '中性', 0.0, '光明想你的方式', [])]",无,无,无,无,无,无,无,无,无,无
网易云音乐,很久了 我依然站在原地 或许你也没有想到 我会怀念这么久,1,你的陪伴抵一切,2025-04-23 03:20:53,1359356908,很久了 我依然站在原地 或许你也没有想到 我会怀念这么久,"['很久', '依然', '原地', '或许', '想到', '我会', '怀念', '这么久']",8,2,0.3723125457763672,正面,"[(' ', 'OTHER', 3, 4), (' ', 'OTHER', 11, 12), (' ', 'OTHER', 20, 21)]",[],[],[],[],"[('怀念', 1.718481990914), ('原地', 1.661938134292), ('我会', 1.468212482896), ('想到', 1.1216258276), ('没有', 0.6225647130299999)]","['怀念', '原地', '我会', '想到', '没有']",False,,0.0,0.0,0.0,0.0,0.0,0,"[('原地', '中性', 0.0, '我依然站在原地 或许你也', []), ('我会', '中性', 0.0, '没有想到 我会怀念这么久', [])]",无,无,无,无,中性,无,无,无,无,无
网易云音乐,晚安啦宝宝,1,你的陪伴抵一切,2025-04-23 03:20:25,1359356908,晚安啦宝宝,"['晚安', '宝宝']",2,1,0.4353857636451721,中性,"[('宝宝', 'PERSON', 3, 5)]",['宝宝'],[],[],[],"[('晚安', 11.2616203224)]",['晚安'],False,,0.0,0.0,0.0,0.0,0.0,0,"[('晚安', '中性', 0.0, '晚安啦宝宝', []), ('宝宝', '中性', 0.0, '晚安啦宝宝', [])]",中性,无,无,无,无,无,无,无,无,无
网易云音乐,很想你 但你要早睡๑≧∇≦๑,1,你的陪伴抵一切,2025-04-23 03:20:06,1359356908,很想你 但你要早睡,['早睡'],1,2,0.490630954504013,正面,"[(' ', 'OTHER', 3, 4)]",[],[],[],[],"[('早睡', 10.9562386728)]",['早睡'],False,,0.0,0.0,0.0,0.0,0.0,0,[],无,无,无,无,无,无,无,无,无,无
网易云音乐,许愿qzc能一直陪着我,1,你的陪伴抵一切,2025-04-23 03:19:04,1359356908,许愿qzc能一直陪着我,"['许愿', 'qzc', '一直']",3,1,0.4000498652458191,中性,[],[],[],[],[],"[('许愿', 9.89334446674)]",['许愿'],False,,0.0,0.0,0.0,0.0,0.0,0,[],无,无,无,无,无,无,无,无,无,无
网易云音乐,你会想起我吗,1,你不该闯进我的生活l,2025-04-23 02:52:35,1359356908,你会想起我吗,['想起'],1,2,0.4614226818084717,正面,[],[],[],[],[],"[('想起', 6.02555837094)]",['想起'],False,,0.0,0.0,0.0,0.0,0.0,0,[],无,无,无,无,无,无,无,无,无,无
网易云音乐,曾经多少个牵肠拉扯不舍夜晚，到现在热情褪成陌路的感叹,1,BiteOnYourLipst,2025-04-23 02:47:11,1359356908,曾经多少个牵肠拉扯不舍夜晚，到现在热情褪成陌路的感叹,"['曾经', '牵肠', '拉扯', '不舍', '夜晚', '现在', '热情', '褪成', '陌路', '感叹']",10,2,0.4034743309020996,正面,"[('夜晚', 'TIME', 11, 13), ('，', 'OTHER', 13, 14), ('现在', 'TIME', 15, 17)]",[],[],[],[],"[('褪成', 2.7801355304), ('陌路', 2.25232406448), ('拉扯', 1.749477211496), ('感叹', 1.53721391071), ('热情', 1.3140544880260001)]","['褪成', '陌路', '拉扯', '感叹', '热情']",False,,0.0,0.0,0.0,0.0,0.0,0,"[('热情', '正面', 0.3333333333333333, '晚，到现在热情褪成陌路的', [('热情', 1.0)]), ('陌路', '正面', 0.3333333333333333, '在热情褪成陌路的感叹', [('热情', 1.0)])]",无,无,无,无,无,无,无,无,无,无
网易云音乐,时代的眼泪。,1,恬习,2025-04-23 02:19:09,1359356908,时代的眼泪。,"['时代', '眼泪']",2,2,0.4360748529434204,正面,"[('。', 'OTHER', 5, 6)]",[],[],[],[],"[('眼泪', 3.24154862478), ('时代', 2.75316514528)]","['眼泪', '时代']",False,,0.0,0.0,0.0,0.0,0.0,0,"[('时代', '中性', 0.0, '时代的眼泪。', []), ('眼泪', '中性', 0.0, '时代的眼泪。', [])]",无,无,无,无,无,无,无,无,无,无
网易云音乐,不喜欢我不要找我聊天,1,krssubn,2025-04-23 01:50:02,1359356908,不喜欢我不要找我聊天,"['喜欢', '不要', '找我聊']",3,2,0.4907724261283874,正面,[],[],[],[],[],"[('找我聊', 6.950338826), ('喜欢', 2.85129420151)]","['找我聊', '喜欢']",False,,0.0,0.0,0.0,0.0,0.0,0,"[('找我聊', '正面', 0.3333333333333333, '喜欢我不要找我聊天', [('喜欢', 1.0)])]",无,无,无,无,无,无,无,无,无,无
网易云音乐,我记得你最喜欢颜人中，这个时候你会还在听这首晚安吗？,1,钟意内_COIl,2025-04-23 01:49:26,1359356908,我记得你最喜欢颜人中，这个时候你会还在听这首晚安吗？,"['记得', '喜欢', '颜人', '这个', '时候', '这首', '晚安']",7,2,0.4357352256774902,正面,"[('，', 'OTHER', 10, 11), ('？', 'OTHER', 25, 26)]",[],[],[],[],"[('颜人', 2.39095350058), ('晚安', 2.25232406448), ('记得', 1.282029649984), ('喜欢', 1.140517680604), ('时候', 0.857749266688)]","['颜人', '晚安', '记得', '喜欢', '时候']",False,,0.0,0.0,0.0,0.0,0.0,0,"[('颜人', '正面', 0.3333333333333333, '得你最喜欢颜人中，这个时', [('喜欢', 1.0)]), ('时候', '中性', 0.0, '人中，这个时候你会还在听', []), ('晚安', '中性', 0.0, '还在听这首晚安吗？', [])]",中性,中性,无,无,无,无,无,无,无,无
网易云音乐,晚安,1,落雨偏爱江南,2025-04-23 01:42:05,1359356908,晚安,['晚安'],1,2,0.4150713980197906,正面,[],[],[],[],[],"[('晚安', 11.2616203224)]",['晚安'],False,,0.0,0.0,0.0,0.0,0.0,0,"[('晚安', '中性', 0.0, '晚安', [])]",中性,无,无,无,无,无,无,无,无,无
网易云音乐,嗨,1,潭-0,2025-04-23 01:38:03,1359356908,嗨,[],0,2,0.3642547130584717,正面,[],[],[],[],[],[],[],False,,0.0,0.0,0.0,0.0,0.0,0,[],无,无,无,无,无,无,无,无,无,无
网易云音乐,不为打翻的牛奶而哭泣,1,或许有点萌TuT,2025-04-23 01:35:04,1359356908,不为打翻的牛奶而哭泣,"['打翻', '牛奶', '哭泣']",3,2,0.4610800445079803,正面,[],[],[],[],[],"[('打翻', 3.13362266055), ('哭泣', 2.7149784794633334), ('牛奶', 2.6743139567333336)]","['打翻', '哭泣', '牛奶']",False,,0.0,0.0,0.0,0.0,0.0,0,"[('牛奶', '中性', 0.0, '不为打翻的牛奶而哭泣', [])]",无,无,无,无,无,无,无,无,无,无
网易云音乐,“晚安”这个词可以对任何一个人说，但唯独对你是特别的，夜深了要说“晚”，因为是你才让我感觉“安”，但你的“晚安”真的太难等了，别等了吧……也不会感觉“安”了.,1,_釋憶,2025-04-23 01:32:18,1359356908,晚安这个词可以对任何一个人说，但唯独对你是特别的，夜深了要说晚，因为是你才让我感觉安，但你的晚安真的太难等了，别等了吧也不会感觉安了,"['晚安', '这个', '任何', '唯独', '特别', '夜深', '要说', '因为', '感觉', '晚安', '真的', '太难', '不会', '感觉']",14,2,0.4675653576850891,正面,"[('，', 'OTHER', 14, 15), ('，', 'OTHER', 24, 25), ('夜深', 'TIME', 25, 27), ('，', 'OTHER', 31, 32), ('，', 'OTHER', 42, 43), ('，', 'OTHER', 54, 55)]",[],[],[],[],"[('晚安', 3.7538734408), ('感觉', 1.8804927631033335), ('太难', 1.6262571542633333), ('不会', 0.7352868632599999)]","['晚安', '感觉', '太难', '不会']",False,,0.0,0.0,0.0,0.0,0.0,0,"[('晚安', '中性', 0.0, '晚安这个词可以', []), ('感觉', '中性', 0.0, '是你才让我感觉安，但你的', []), ('晚安', '中性', 0.0, '晚安这个词可以', []), ('太难', '中性', 0.0, '的晚安真的太难等了，别等', []), ('感觉', '中性', 0.0, '是你才让我感觉安，但你的', [])]",中性,无,无,无,无,中性,无,无,无,无
网易云音乐,时间没有让我忘记你 只是习惯了没有你,1,情绪悲剧,2025-04-23 01:16:19,1359356908,时间没有让我忘记你 只是习惯了没有你,"['时间', '忘记', '习惯']",3,1,0.4313376545906067,中性,"[(' ', 'OTHER', 9, 10)]",[],[],[],[],"[('忘记', 1.368728134056), ('习惯', 1.25579853065), ('没有', 1.2451294260599999), ('时间', 0.8159079264920001)]","['忘记', '习惯', '没有', '时间']",False,,0.0,0.0,0.0,0.0,0.0,0,"[('时间', '中性', 0.0, '时间没有让我忘', []), ('习惯', '中性', 0.0, '记你 只是习惯了没有你', [])]",无,无,无,无,无,无,无,无,无,无
网易云音乐,再也没有人跟我说晚安了 再也没有人会在十点钟就哄着我睡觉了 他从来不会让我熬夜 哎 祝幸福,1,一棵树y11,2025-04-23 01:15:11,1359356908,再也没有人跟我说晚安了 再也没有人会在十点钟就哄着我睡觉了 他从来不会让我熬夜 哎 祝幸福,"['再也', '晚安', '再也', '人会', '十点钟', '睡觉', '从来不', '熬夜', '幸福']",9,2,0.5291677117347717,正面,"[(' ', 'OTHER', 11, 12), (' ', 'OTHER', 29, 30), (' ', 'OTHER', 39, 40), (' ', 'OTHER', 41, 42)]",[],[],[],[],"[('人会', 1.9924612504833332), ('晚安', 1.8769367204), ('熬夜', 1.6614753365416668), ('睡觉', 1.1721172071683335), ('没有', 1.0376078550499999)]","['人会', '晚安', '熬夜', '睡觉', '没有']",False,,0.0,0.0,0.0,0.0,0.0,0,"[('晚安', '中性', 0.0, '有人跟我说晚安了 再也没', []), ('人会', '中性', 0.0, ' 再也没有人会在十点钟就', [])]",中性,无,无,无,无,无,无,无,无,无
网易云音乐,哥哥晚安…😪,1,elee-不想睡觉,2025-04-23 00:58:30,1359356908,哥哥晚安,"['哥哥', '晚安']",2,1,0.4456696510314941,中性,"[('哥哥', 'LOCATION', 0, 2)]",[],['哥哥'],[],[],"[('晚安', 5.6308101612), ('哥哥', 3.17923209439)]","['晚安', '哥哥']",False,,0.0,0.0,0.0,0.0,0.0,0,"[('哥哥', '中性', 0.0, '哥哥晚安', []), ('晚安', '中性', 0.0, '哥哥晚安', [])]",中性,无,无,无,无,无,无,无,无,无
网易云音乐,哈喽,1,MuNiraaaa__UUQo,2025-04-23 00:51:44,1359356908,哈喽,[],0,1,0.4133865535259247,中性,[],[],[],[],[],[],[],False,,0.0,0.0,0.0,0.0,0.0,0,[],无,无,无,无,无,无,无,无,无,无
网易云音乐,谢谢你的出现 让我天真了无数次 ,1,恨你不讲信用,2025-04-23 00:49:14,1359356908,谢谢你的出现 让我天真了无数次,"['谢谢', '出现', '天真', '无数次']",4,2,0.3919238150119781,正面,"[('谢谢', 'PERSON', 0, 2), (' ', 'OTHER', 6, 7), ('天真', 'OTHER', 9, 11)]",['谢谢'],[],[],[],"[('出现', 3.84296799359)]",['出现'],False,,0.0,0.0,0.0,0.0,0.0,0,"[('谢谢', '中性', 0.0, '谢谢你的出现 ', []), ('天真', '中性', 0.0, '出现 让我天真了无数次', [])]",无,无,无,无,无,无,无,无,无,无
网易云音乐,晚安sjf,1,轩_1222,2025-04-23 00:41:32,1359356908,晚安sjf,"['晚安', 'sjf']",2,1,0.4240344762802124,中性,[],[],[],[],[],"[('晚安', 11.2616203224)]",['晚安'],False,,0.0,0.0,0.0,0.0,0.0,0,"[('晚安', '中性', 0.0, '晚安sjf', [])]",中性,无,无,无,无,无,无,无,无,无
网易云音乐,豪庭,1,白绾芊,2025-04-23 00:31:00,1359356908,豪庭,['豪庭'],1,2,0.4201066792011261,正面,[],[],[],[],[],"[('豪庭', 11.9547675029)]",['豪庭'],False,,0.0,0.0,0.0,0.0,0.0,0,"[('豪庭', '中性', 0.0, '豪庭', [])]",无,无,无,无,无,无,无,无,无,无
网易云音乐,晚安。,1,竹清清_,2025-04-23 00:26:40,1359356908,晚安。,['晚安'],1,1,0.3750616312026977,中性,"[('。', 'OTHER', 2, 3)]",[],[],[],[],"[('晚安', 11.2616203224)]",['晚安'],False,,0.0,0.0,0.0,0.0,0.0,0,"[('晚安', '中性', 0.0, '晚安。', [])]",中性,无,无,无,无,无,无,无,无,无
网易云音乐,@媛是我的一切 晚安,1,可我不善言表,2025-04-23 00:21:37,1359356908,媛是我的一切 晚安,"['一切', '晚安']",2,2,0.448348194360733,正面,"[('媛', 'OTHER', 0, 1), (' ', 'OTHER', 6, 7)]",[],[],[],[],"[('晚安', 11.2616203224)]",['晚安'],False,,0.0,0.0,0.0,0.0,0.0,0,"[('晚安', '中性', 0.0, '我的一切 晚安', [])]",中性,无,无,无,无,无,无,无,无,无
网易云音乐,你的消息太难等了那句晚安可能没机会了以后我们就是熟悉的陌生人了,1,思入眠,2025-04-23 00:20:15,1359356908,你的消息太难等了那句晚安可能没机会了以后我们就是熟悉的陌生人了,"['消息', '太难', '那句', '晚安', '可能', '机会', '以后', '我们', '熟悉', '陌生人']",10,2,0.4580291509628296,正面,[],[],[],[],[],"[('晚安', 1.6088029032000002), ('太难', 1.3939347036542855), ('陌生人', 1.2529684195785715), ('熟悉', 0.9317562769971428), ('消息', 0.7199849651671428), ('机会', 0.7167790602428571), ('可能', 0.53543256939)]","['晚安', '太难', '陌生人', '熟悉', '消息', '机会', '可能']",False,,0.0,0.0,0.0,0.0,0.0,0,"[('消息', '中性', 0.0, '你的消息太难等了那', []), ('太难', '中性', 0.0, '你的消息太难等了那句晚', []), ('晚安', '中性', 0.0, '难等了那句晚安可能没机会', []), ('机会', '中性', 0.0, '晚安可能没机会了以后我们', []), ('陌生人', '中性', 0.0, '就是熟悉的陌生人了', [])]",中性,无,无,无,无,无,无,无,无,无
网易云音乐,晚安,1,茗茶芳香,2025-04-23 00:11:23,1359356908,晚安,['晚安'],1,2,0.4150713980197906,正面,[],[],[],[],[],"[('晚安', 11.2616203224)]",['晚安'],False,,0.0,0.0,0.0,0.0,0.0,0,"[('晚安', '中性', 0.0, '晚安', [])]",中性,无,无,无,无,无,无,无,无,无
网易云音乐,晚安,1,小_爱神,2025-04-23 00:05:37,1359356908,晚安,['晚安'],1,2,0.4150713980197906,正面,[],[],[],[],[],"[('晚安', 11.2616203224)]",['晚安'],False,,0.0,0.0,0.0,0.0,0.0,0,"[('晚安', '中性', 0.0, '晚安', [])]",中性,无,无,无,无,无,无,无,无,无
网易云音乐,不用躲藏着我了 这次我不找你了,1,心软病TAT,2025-04-22 23:58:54,1359356908,不用躲藏着我了 这次我不找你了,"['不用', '躲藏着', '这次']",3,2,0.4201039671897888,正面,"[(' ', 'OTHER', 7, 8)]",[],[],[],[],"[('不用', 6.00897299265)]",['不用'],False,,0.0,0.0,0.0,0.0,0.0,0,"[('躲藏着', '中性', 0.0, '不用躲藏着我了 这次', [])]",无,无,无,无,无,无,无,无,无,无
网易云音乐,恨你突如其来的落差感 但也念你最初的那句晚安,1,小凌_lAV8,2025-04-22 23:56:18,1359356908,恨你突如其来的落差感 但也念你最初的那句晚安,"['突如其来', '落差', '最初', '那句', '晚安']",5,2,0.4595922231674194,正面,"[(' ', 'OTHER', 10, 11), ('最初', 'TIME', 15, 17)]",[],[],[],[],"[('晚安', 11.2616203224)]",['晚安'],False,,0.0,0.0,0.0,0.0,0.0,0,"[('晚安', '中性', 0.0, '最初的那句晚安', [])]",中性,无,无,无,无,无,无,无,无,无
网易云音乐,嘘 安静 睡觉啦 晚安哦[多多比耶][多多瞌睡],1,玥-葵奎川岛,2025-04-22 23:51:43,1359356908,嘘 安静 睡觉啦 晚安哦多多比耶多多瞌睡,"['安静', '睡觉', '晚安', '多多', '比耶', '多多', '瞌睡']",7,2,0.4963090717792511,正面,"[(' ', 'OTHER', 1, 2), ('安静', 'PERSON', 2, 4), (' ', 'OTHER', 4, 5), (' ', 'OTHER', 8, 9), ('耶', 'PERSON', 15, 16)]","['安静', '耶']",[],[],[],"[('晚安', 3.7538734408), ('瞌睡', 3.04333100917), ('睡觉', 2.344234414336667)]","['晚安', '瞌睡', '睡觉']",False,,0.0,0.0,0.0,0.0,0.0,0,"[('安静', '中性', 0.0, '嘘 安静 睡觉啦 ', []), ('晚安', '中性', 0.0, ' 睡觉啦 晚安哦多多比耶', [])]",中性,无,无,无,无,无,无,无,无,无
网易云音乐,来了来了,1,qwejie,2025-04-22 23:50:08,1359356908,来了来了,[],0,2,0.40651935338974,正面,[],[],[],[],[],[],[],False,,0.0,0.0,0.0,0.0,0.0,0,[],无,无,无,无,无,无,无,无,无,无
网易云音乐,晚安,1,米小圈D,2025-04-22 23:47:58,1359356908,晚安,['晚安'],1,2,0.4150713980197906,正面,[],[],[],[],[],"[('晚安', 11.2616203224)]",['晚安'],False,,0.0,0.0,0.0,0.0,0.0,0,"[('晚安', '中性', 0.0, '晚安', [])]",中性,无,无,无,无,无,无,无,无,无
网易云音乐,晚安,1,喜欢小名字,2025-04-22 23:45:10,1359356908,晚安,['晚安'],1,2,0.4150713980197906,正面,[],[],[],[],[],"[('晚安', 11.2616203224)]",['晚安'],False,,0.0,0.0,0.0,0.0,0.0,0,"[('晚安', '中性', 0.0, '晚安', [])]",中性,无,无,无,无,无,无,无,无,无
网易云音乐,明天再听一遍试试！,1,在楼下卖黄瓜和甜甜圈一夜暴富,2025-04-22 23:45:07,1359356908,明天再听一遍试试！,"['明天', '一遍', '试试']",3,1,0.3881314992904663,中性,"[('明天', 'TIME', 0, 2), ('！', 'OTHER', 8, 9)]",[],[],[],[],"[('试试', 8.14810501315)]",['试试'],False,,0.0,0.0,0.0,0.0,0.0,0,[],无,无,无,无,无,无,无,无,无,无
网易云音乐,你痛斥我不懂爱 我给你的爱是束缚 是逼问 是流不完的泪 是不能好好说话 亲爱的是你不爱我了,1,宅宅ooO,2025-04-22 23:43:26,1359356908,你痛斥我不懂爱 我给你的爱是束缚 是逼问 是流不完的泪 是不能好好说话 亲爱的是你不爱我了,"['痛斥', '束缚', '逼问', '不能', '好好', '说话', '亲爱']",7,2,0.4799831509590149,正面,"[(' ', 'OTHER', 7, 8), (' ', 'OTHER', 16, 17), (' ', 'OTHER', 20, 21), (' ', 'OTHER', 27, 28), (' ', 'OTHER', 35, 36)]",[],[],[],[],"[('流不完', 1.9924612504833332), ('逼问', 1.7061860009666667), ('痛斥', 1.6289238778216666), ('束缚', 1.3073156064583333), ('说话', 0.8775576554233333), ('不能', 0.6650274724166666)]","['流不完', '逼问', '痛斥', '束缚', '说话', '不能']",False,,0.0,0.0,0.0,0.0,0.0,0,[],无,无,无,无,无,无,无,无,无,无
网易云音乐,晚安,1,泪痛苦楚,2025-04-22 23:31:11,1359356908,晚安,['晚安'],1,2,0.4150713980197906,正面,[],[],[],[],[],"[('晚安', 11.2616203224)]",['晚安'],False,,0.0,0.0,0.0,0.0,0.0,0,"[('晚安', '中性', 0.0, '晚安', [])]",中性,无,无,无,无,无,无,无,无,无
网易云音乐,我总是爱犯困，所以总是掉眼泪,1,NV_千纸鹤,2025-04-22 23:25:57,1359356908,我总是爱犯困，所以总是掉眼泪,"['总是', '犯困', '所以', '总是', '眼泪']",5,2,0.5373495221138,正面,"[('，', 'OTHER', 6, 7)]",[],[],[],[],"[('犯困', 5.91061805515), ('眼泪', 3.24154862478)]","['犯困', '眼泪']",False,,0.0,0.0,0.0,0.0,0.0,0,"[('眼泪', '中性', 0.0, '所以总是掉眼泪', [])]",无,无,无,无,无,无,无,无,无,无
网易云音乐,好！做一个梦吧[憨笑],1,绯红色的鲨鱼辣椒,2025-04-22 23:21:48,1359356908,好！做一个梦吧憨笑,['憨笑'],1,2,0.4151915311813354,正面,"[('！', 'OTHER', 1, 2)]",[],[],[],[],[],[],False,,0.0,0.0,0.0,0.0,0.0,0,[],无,无,无,无,无,无,无,无,无,无
网易云音乐,晚安 你再也没有我的晚安了,1,我不是小貂,2025-04-22 23:07:09,1359356908,晚安 你再也没有我的晚安了,"['晚安', '再也', '晚安']",3,2,0.3932680189609527,正面,"[(' ', 'OTHER', 2, 3)]",[],[],[],[],"[('晚安', 7.5077468816), ('没有', 1.0376078550499999)]","['晚安', '没有']",False,,0.0,0.0,0.0,0.0,0.0,0,"[('晚安', '中性', 0.0, '晚安 你再也没', []), ('晚安', '中性', 0.0, '晚安 你再也没', [])]",中性,无,无,无,无,无,无,无,无,无
网易云音乐,我说的晚安是“我爱你”的意思,1,Scendlost,2025-04-22 23:02:08,1359356908,我说的晚安是我爱你的意思,"['晚安', '我爱你', '意思']",3,2,0.4666761457920074,正面,[],[],[],[],[],"[('晚安', 5.6308101612), ('意思', 2.904219122625)]","['晚安', '意思']",False,,0.0,0.0,0.0,0.0,0.0,0,"[('晚安', '中性', 0.0, '我说的晚安是我爱你的', []), ('我爱你', '中性', 0.0, '说的晚安是我爱你的意思', []), ('意思', '中性', 0.0, '是我爱你的意思', [])]",中性,无,无,无,无,无,无,无,中性,无
网易云音乐,你可以把你脆弱的一面展示给我 我不想听你说没事 ,1,恋谦脑,2025-04-22 22:59:06,1359356908,你可以把你脆弱的一面展示给我 我不想听你说没事,"['脆弱', '一面', '展示', '不想', '没事']",5,2,0.4659453630447387,正面,"[(' ', 'OTHER', 14, 15)]",[],[],[],[],"[('没事', 2.5728642484199997), ('展示', 2.4246533009099998), ('不想', 1.9881249862566666)]","['没事', '展示', '不想']",False,,0.0,0.0,0.0,0.0,0.0,0,[],无,无,无,无,无,无,无,无,无,无
网易云音乐,踹,1,X_v_Q,2025-04-22 22:57:46,1359356908,踹,[],0,2,0.4153987765312195,正面,[],[],[],[],[],[],[],False,,0.0,0.0,0.0,0.0,0.0,0,[],无,无,无,无,无,无,无,无,无,无
网易云音乐,晚安,1,苦练刀刃,2025-04-22 22:52:00,1359356908,晚安,['晚安'],1,2,0.4150713980197906,正面,[],[],[],[],[],"[('晚安', 11.2616203224)]",['晚安'],False,,0.0,0.0,0.0,0.0,0.0,0,"[('晚安', '中性', 0.0, '晚安', [])]",中性,无,无,无,无,无,无,无,无,无
网易云音乐,这里,1,511319-,2025-04-22 22:51:32,1359356908,这里,['这里'],1,2,0.4118743240833282,正面,[],[],[],[],[],[],[],False,,0.0,0.0,0.0,0.0,0.0,0,[],无,无,无,无,无,无,无,无,无,无
网易云音乐,戳戳,1,沙棠屿鳐,2025-04-22 22:42:27,1359356908,戳戳,['戳戳'],1,2,0.4302533864974975,正面,[],[],[],[],[],"[('戳戳', 10.9562386728)]",['戳戳'],False,,0.0,0.0,0.0,0.0,0.0,0,"[('戳戳', '中性', 0.0, '戳戳', [])]",无,无,无,无,无,无,无,无,无,无
网易云音乐,我也痛恨自己的泪失禁。。算了 晚安。,1,世间不缺小羽,2025-04-22 22:42:16,1359356908,我也痛恨自己的泪失禁。。算了 晚安。,"['痛恨', '失禁', '算了', '晚安']",4,2,0.4062500894069671,正面,"[('。', 'OTHER', 10, 11), ('。', 'OTHER', 11, 12), (' ', 'OTHER', 14, 15), ('。', 'OTHER', 17, 18)]",[],[],[],[],"[('晚安', 2.8154050806), ('失禁', 2.586332397625), ('痛恨', 2.1714354735925), ('算了', 1.91461359663)]","['晚安', '失禁', '痛恨', '算了']",False,,0.0,0.0,0.0,0.0,0.0,0,"[('晚安', '中性', 0.0, '。。算了 晚安。', [])]",中性,无,无,无,无,无,无,无,无,无
网易云音乐,可她并不是我的玫瑰啊……,1,Youtube新看点,2025-04-22 22:32:49,1359356908,可她并不是我的玫瑰啊,"['不是', '玫瑰']",2,2,0.4130142629146576,正面,[],[],[],[],[],"[('玫瑰', 8.45825994145)]",['玫瑰'],False,,0.0,0.0,0.0,0.0,0.0,0,"[('玫瑰', '中性', 0.0, '并不是我的玫瑰啊', [])]",无,无,无,无,无,无,无,无,无,无
网易云音乐,既然无法改变，那就让自己快乐一点吧[多多大笑],1,本尊小可爱,2025-04-22 22:32:37,1359356908,既然无法改变，那就让自己快乐一点吧多多大笑,"['既然', '无法', '改变', '就让', '快乐', '一点', '多多', '大笑']",8,2,0.4353252649307251,正面,"[('，', 'OTHER', 6, 7)]",[],[],[],[],"[('大笑', 1.8442788364575), ('就让', 1.7489817205025), ('无法', 1.3437798860575), ('改变', 1.3058947357625)]","['大笑', '就让', '无法', '改变']",False,,0.0,0.0,0.0,0.0,0.0,0,"[('无法', '中性', 0.0, '既然无法改变，那就', [])]",无,无,无,无,无,无,无,无,无,无
网易云音乐,隔着屏幕的爱能走多远呢,1,虚妄avh,2025-04-22 22:17:10,1359356908,隔着屏幕的爱能走多远呢,"['屏幕', '爱能']",2,2,0.3742917478084564,正面,[],[],[],[],[],"[('爱能', 5.97738375145), ('屏幕', 4.41588672488)]","['爱能', '屏幕']",False,,0.0,0.0,0.0,0.0,0.0,0,"[('屏幕', '中性', 0.0, '隔着屏幕的爱能走多', []), ('爱能', '中性', 0.0, '隔着屏幕的爱能走多远呢', [])]",无,无,无,无,无,无,无,无,无,无
网易云音乐,我,1,memories_GuLB,2025-04-22 22:16:28,1359356908,我,[],0,2,0.3911992311477661,正面,[],[],[],[],[],[],[],False,,0.0,0.0,0.0,0.0,0.0,0,[],无,无,无,无,无,无,无,无,无,无
网易云音乐,晚安,1,memories_GuLB,2025-04-22 22:15:51,1359356908,晚安,['晚安'],1,2,0.4150713980197906,正面,[],[],[],[],[],"[('晚安', 11.2616203224)]",['晚安'],False,,0.0,0.0,0.0,0.0,0.0,0,"[('晚安', '中性', 0.0, '晚安', [])]",中性,无,无,无,无,无,无,无,无,无
网易云音乐,加油,1,memories_GuLB,2025-04-22 22:15:10,1359356908,加油,['加油'],1,1,0.3995487689971924,中性,[],[],[],[],[],"[('加油', 8.80692745117)]",['加油'],False,,0.0,0.0,0.0,0.0,0.0,0,[],无,无,无,无,无,无,无,无,无,无
网易云音乐,晚安,1,memories_GuLB,2025-04-22 22:14:46,1359356908,晚安,['晚安'],1,2,0.4150713980197906,正面,[],[],[],[],[],"[('晚安', 11.2616203224)]",['晚安'],False,,0.0,0.0,0.0,0.0,0.0,0,"[('晚安', '中性', 0.0, '晚安', [])]",中性,无,无,无,无,无,无,无,无,无
网易云音乐,来了,1,乐透人生www,2025-04-22 22:13:28,1359356908,来了,[],0,2,0.4005726873874664,正面,[],[],[],[],[],[],[],False,,0.0,0.0,0.0,0.0,0.0,0,[],无,无,无,无,无,无,无,无,无,无
网易云音乐,喜欢有人对我说晚安,1,小柒qo,2025-04-22 22:10:30,1359356908,喜欢有人对我说晚安,"['喜欢', '有人', '晚安']",3,2,0.5298779606819153,正面,[],[],[],[],[],"[('晚安', 5.6308101612), ('喜欢', 2.85129420151)]","['晚安', '喜欢']",False,,0.0,0.0,0.0,0.0,0.0,0,"[('晚安', '中性', 0.0, '有人对我说晚安', [])]",中性,无,无,无,无,无,无,无,无,无
网易云音乐,晚安,1,5u楠楠,2025-04-22 22:04:32,1359356908,晚安,['晚安'],1,2,0.4150713980197906,正面,[],[],[],[],[],"[('晚安', 11.2616203224)]",['晚安'],False,,0.0,0.0,0.0,0.0,0.0,0,"[('晚安', '中性', 0.0, '晚安', [])]",中性,无,无,无,无,无,无,无,无,无
网易云音乐,想要各位的一句  晚安,1,比目鱼_3i51,2025-04-22 22:02:08,1359356908,想要各位的一句 晚安,"['想要', '各位', '一句', '晚安']",4,2,0.4501205086708069,正面,"[(' ', 'OTHER', 7, 8)]",[],[],[],[],"[('晚安', 5.6308101612), ('想要', 3.455671193)]","['晚安', '想要']",False,,0.0,0.0,0.0,0.0,0.0,0,"[('晚安', '中性', 0.0, '位的一句 晚安', [])]",中性,无,无,无,无,无,无,无,无,无
网易云音乐,好棒啊,1,烧酒菜的阿伯,2025-04-22 22:01:03,1359356908,好棒啊,[],0,2,0.4271312057971954,正面,[],[],[],[],[],[],[],False,,0.0,0.0,0.0,0.0,0.0,0,[],无,无,无,无,无,无,无,无,无,无
网易云音乐,小悠,1,hy爱悠悠,2025-04-22 21:54:45,1359356908,小悠,['小悠'],1,2,0.4680613279342651,正面,[],[],[],[],[],[],[],False,,0.0,0.0,0.0,0.0,0.0,0,[],无,无,无,无,无,无,无,无,无,无
网易云音乐,放得下你吗,1,怕冷-__,2025-04-22 21:54:30,1359356908,放得下你吗,['放得'],1,2,0.4224288463592529,正面,[],[],[],[],[],"[('放得', 9.27570483869)]",['放得'],False,,0.0,0.0,0.0,0.0,0.0,0,[],无,无,无,无,无,无,无,无,无,无
网易云音乐,好吧,1,仁失,2025-04-22 21:51:07,1359356908,好吧,[],0,1,0.3948127925395965,中性,[],[],[],[],[],[],[],False,,0.0,0.0,0.0,0.0,0.0,0,[],无,无,无,无,无,无,无,无,无,无
网易云音乐,来了🌚,1,妳的天真愚蠢,2025-04-22 21:49:05,1359356908,来了,[],0,2,0.4005726873874664,正面,[],[],[],[],[],[],[],False,,0.0,0.0,0.0,0.0,0.0,0,[],无,无,无,无,无,无,无,无,无,无
网易云音乐,加油,1,seven_小涵,2025-04-22 21:40:20,1359356908,加油,['加油'],1,1,0.3995487689971924,中性,[],[],[],[],[],"[('加油', 8.80692745117)]",['加油'],False,,0.0,0.0,0.0,0.0,0.0,0,[],无,无,无,无,无,无,无,无,无,无
网易云音乐,可是我爱的那个男孩好像不喜欢我了,1,挽秋小公举,2025-04-22 21:40:19,1359356908,可是我爱的那个男孩好像不喜欢我了,"['那个', '男孩', '好像', '喜欢']",4,2,0.5108547210693359,正面,[],[],[],[],[],"[('男孩', 2.7564886233833334), ('喜欢', 1.9008628010066666), ('好像', 1.8723103016233333)]","['男孩', '喜欢', '好像']",False,,0.0,0.0,0.0,0.0,0.0,0,"[('男孩', '正面', 0.3333333333333333, '我爱的那个男孩好像不喜欢', [('喜欢', 1.0)])]",无,无,无,无,无,无,无,无,无,无
网易云音乐,借你吉言,1,倒写他,2025-04-22 21:23:55,1359356908,借你吉言,['吉言'],1,2,0.4414868950843811,正面,[],[],[],[],[],"[('吉言', 11.7034530746)]",['吉言'],False,,0.0,0.0,0.0,0.0,0.0,0,"[('吉言', '中性', 0.0, '借你吉言', [])]",无,无,无,无,无,无,无,无,无,无
网易云音乐,晚安可以在对我说一遍吗,1,讨厌你似刀的语气,2025-04-22 21:23:52,1359356908,晚安可以在对我说一遍吗,"['晚安', '一遍']",2,2,0.4556796252727508,正面,[],[],[],[],[],"[('晚安', 11.2616203224)]",['晚安'],False,,0.0,0.0,0.0,0.0,0.0,0,"[('晚安', '中性', 0.0, '晚安可以在对我', [])]",中性,无,无,无,无,无,无,无,无,无
网易云音乐,你总让我觉得我的爱好廉价,1,让痛把你看清,2025-04-22 21:21:27,1359356908,你总让我觉得我的爱好廉价,"['觉得', '爱好', '廉价']",3,2,0.51820969581604,正面,[],[],[],[],[],"[('廉价', 4.166166574105), ('觉得', 2.41445496493)]","['廉价', '觉得']",False,,0.0,0.0,0.0,0.0,0.0,0,"[('廉价', '负面', 0.3333333333333333, '得我的爱好廉价', [('廉价', -1.0)])]",无,无,无,无,无,无,无,无,无,无
网易云音乐,"其实我知道我一直是一个人
",1,翻篇wyt,2025-04-22 21:12:06,1359356908,其实我知道我一直是一个人,"['知道', '一直']",2,1,0.4064565598964691,中性,[],[],[],[],[],"[('知道', 3.97410854)]",['知道'],False,,0.0,0.0,0.0,0.0,0.0,0,[],无,无,无,无,无,无,无,无,无,无
网易云音乐,"我不再需要可有可无的友情

",1,翻篇wyt,2025-04-22 21:11:51,1359356908,我不再需要可有可无的友情,"['不再', '需要', '可有可无', '友情']",4,1,0.4342566132545471,中性,[],[],[],[],[],"[('友情', 4.818998887465), ('需要', 2.17224032175)]","['友情', '需要']",False,,0.0,0.0,0.0,0.0,0.0,0,"[('可有可无', '中性', 0.0, '我不再需要可有可无的友情', []), ('友情', '中性', 0.0, '可有可无的友情', [])]",无,无,无,无,无,无,无,无,无,无
网易云音乐,戎装披挂凌云志，不负青春少年郎。我向往那身军装，渴望在热血与汗水中淬炼成钢。军营是一鼎熔炉，是守护万家灯火的盾牌。我想把青春压进枪膛，让生命在报国路上绽放光芒——扛得起风雨，担得起山河，这才是值得骄傲的人生。我愿意将自己的一切奉献给我热爱的祖国和人民,1,ZenithLumos,2025-04-22 20:55:39,1359356908,戎装披挂凌云志，不负青春少年郎。我向往那身军装，渴望在热血与汗水中淬炼成钢。军营是一鼎熔炉，是守护万家灯火的盾牌。我想把青春压进枪膛，让生命在报国路上绽放光芒扛得起风雨，担得起山河，这才是值得骄傲的人生。我愿意将自己的一切奉献给我热爱的祖国和人民,"['戎装', '披挂', '凌云志', '不负', '青春', '少年郎', '向往', '军装', '渴望', '热血', '汗水', '淬炼', '成钢', '军营', '一鼎', '熔炉', '守护', '万家灯火', '盾牌', '青春', '压进', '枪膛', '生命', '报国', '路上', '绽放', '光芒', '风雨', '担得', '山河', '这才', '值得', '骄傲', '人生', '愿意', '一切', '奉献给', '热爱', '祖国', '人民']",40,2,0.4678302407264709,正面,"[('凌云志', 'PERSON', 4, 7), ('，', 'OTHER', 7, 8), ('青春', 'LOCATION', 10, 12), ('。', 'OTHER', 15, 16), ('，', 'OTHER', 23, 24), ('淬炼', 'OTHER', 33, 35), ('。', 'OTHER', 37, 38), ('，', 'BRAND', 45, 46), ('。', 'BRAND', 56, 57), ('青春', 'LOCATION', 60, 62), ('，', 'OTHER', 66, 67), ('，', 'OTHER', 84, 85), ('山河', 'LOCATION', 88, 90), ('，', 'OTHER', 90, 91), ('。', 'OTHER', 101, 102)]",['凌云志'],"['青春', '青春', '山河']",[],"['，', '。']","[('青春', 0.5266175182673334), ('少年郎', 0.42673551211), ('压进', 0.39849225009666667), ('担得', 0.39849225009666667), ('成钢', 0.36891547693), ('熔炉', 0.36701019647), ('枪膛', 0.34581057091333334), ('奉献给', 0.33038978684700004), ('盾牌', 0.328587546138), ('绽放', 0.3274380069356667), ('戎装', 0.3101852600613333), ('热血', 0.3101852600613333), ('报国', 0.30985024886633333), ('山河', 0.30136217492033335), ('军装', 0.2937693772246667), ('不负', 0.29044306153800004), ('守护', 0.290072687357), ('军营', 0.28741876642499997), ('披挂', 0.28657909146399996), ('汗水', 0.279709643845)]","['青春', '少年郎', '压进', '担得', '成钢', '熔炉', '枪膛', '奉献给', '盾牌', '绽放', '戎装', '热血', '报国', '山河', '军装', '不负', '守护', '军营', '披挂', '汗水']",True,戎装披挂凌云志，不负青春少年郎。我想把青春压进枪膛，让生命在报国路上绽放光芒扛得起风雨，担得起山河，这才是值得骄傲的人生。我愿意将自己的一切奉献给我热爱的祖国和人民。,0.0,0.0,0.0,0.0,0.0,0,"[('戎装', '中性', 0.0, '戎装披挂凌云志', []), ('凌云志', '中性', 0.0, '戎装披挂凌云志，不负青春', []), ('青春', '中性', 0.0, '云志，不负青春少年郎。我', []), ('少年郎', '中性', 0.0, '，不负青春少年郎。我向往那', []), ('军装', '中性', 0.0, '我向往那身军装，渴望在热', []), ('热血', '正面', 0.3333333333333333, '装，渴望在热血与汗水中淬', [('热血', 1.0)]), ('汗水', '正面', 0.3333333333333333, '望在热血与汗水中淬炼成钢', [('热血', 1.0)]), ('淬炼', '中性', 0.0, '血与汗水中淬炼成钢。军营', []), ('成钢', '中性', 0.0, '汗水中淬炼成钢。军营是一', []), ('军营', '中性', 0.0, '淬炼成钢。军营是一鼎熔炉', []), ('熔炉', '中性', 0.0, '军营是一鼎熔炉，是守护万', []), ('盾牌', '中性', 0.0, '万家灯火的盾牌。我想把青', []), ('青春', '中性', 0.0, '云志，不负青春少年郎。我', []), ('枪膛', '中性', 0.0, '把青春压进枪膛，让生命在', []), ('报国', '中性', 0.0, '，让生命在报国路上绽放光', []), ('光芒', '中性', 0.0, '国路上绽放光芒扛得起风雨', []), ('风雨', '中性', 0.0, '光芒扛得起风雨，担得起山', []), ('山河', '中性', 0.0, '雨，担得起山河，这才是值', []), ('人生', '中性', 0.0, '值得骄傲的人生。我愿意将', []), ('祖国', '中性', 0.0, '给我热爱的祖国和人民', []), ('人民', '中性', 0.0, '爱的祖国和人民', [])]",无,无,无,无,无,无,无,无,无,无
网易云音乐,有买球的朋友吗[强],1,不纯粹的足球,2025-04-22 20:47:21,1359356908,有买球的朋友吗强,"['有买球', '朋友']",2,2,0.5134468674659729,正面,[],[],[],[],[],"[('买球', 5.97738375145), ('朋友', 2.92355424142)]","['买球', '朋友']",False,,0.0,0.0,0.0,0.0,0.0,0,"[('买球', '中性', 0.0, '有买球的朋友吗强', []), ('朋友', '中性', 0.0, '有买球的朋友吗强', [])]",无,无,中性,无,无,无,无,无,无,无
网易云音乐,我也是，可惜都是暂无可查，直到今天，终于解封了，我终于知道他听的是什么歌了,1,誓死不渝峰,2025-04-22 20:44:49,1359356908,我也是，可惜都是暂无可查，直到今天，终于解封了，我终于知道他听的是什么歌了,"['可惜', '无可', '直到', '今天', '终于', '解封', '终于', '知道']",8,2,0.4958793222904205,正面,"[('，', 'OTHER', 3, 4), ('，', 'OTHER', 12, 13), ('今天', 'TIME', 15, 17), ('，', 'OTHER', 17, 18), ('，', 'OTHER', 23, 24)]",[],[],[],[],"[('解封', 2.4582479479), ('无可', 1.6270973098380002), ('可惜', 1.35299806099), ('直到', 1.1356248027159999), ('知道', 0.794821708)]","['解封', '无可', '可惜', '直到', '知道']",False,,0.0,0.0,0.0,0.0,0.0,0,[],无,无,无,无,无,无,无,无,无,无
网易云音乐,好好睡觉 明天见！[多多大笑],1,hut系咯咯,2025-04-22 20:35:08,1359356908,好好睡觉 明天见！多多大笑,"['好好', '睡觉', '明天', '多多', '大笑']",5,1,0.450325608253479,中性,"[(' ', 'OTHER', 4, 5), ('明天', 'TIME', 5, 7), ('！', 'OTHER', 8, 9)]",[],[],[],[],"[('大笑', 3.688557672915), ('睡觉', 3.516351621505)]","['大笑', '睡觉']",False,,0.0,0.0,0.0,0.0,0.0,0,[],无,无,无,无,无,无,无,无,无,无
网易云音乐,我在黑夜中迷失了自己，所以我要把自己找回来！,1,一生败于情qwt,2025-04-22 20:27:00,1359356908,我在黑夜中迷失了自己，所以我要把自己找回来！,"['黑夜', '迷失', '所以', '我要', '回来']",5,2,0.4087321758270263,正面,"[('，', 'OTHER', 10, 11), ('！', 'OTHER', 21, 22)]",[],[],[],[],"[('迷失', 3.1373470940800003), ('黑夜', 2.71922482139), ('回来', 1.6940158076266665)]","['迷失', '黑夜', '回来']",False,,0.0,0.0,0.0,0.0,0.0,0,"[('黑夜', '中性', 0.0, '我在黑夜中迷失了自', [])]",无,无,无,无,无,无,无,无,无,无
网易云音乐,可是孤独本来就是常态啊！,1,卑微de承諾okh,2025-04-22 20:22:08,1359356908,可是孤独本来就是常态啊！,"['孤独', '本来', '常态']",3,2,0.3710712492465973,正面,"[('本来', 'TIME', 4, 6), ('！', 'OTHER', 11, 12)]",[],[],[],[],"[('常态', 8.1386262692)]",['常态'],False,,0.0,0.0,0.0,0.0,0.0,0,"[('常态', '中性', 0.0, '独本来就是常态啊！', [])]",无,无,无,无,无,无,无,无,无,无
网易云音乐,你怎么了,1,柔jl,2025-04-22 20:15:44,1359356908,你怎么了,['怎么'],1,2,0.443192183971405,正面,[],[],[],[],[],[],[],False,,0.0,0.0,0.0,0.0,0.0,0,[],无,无,无,无,无,无,无,无,无,无
网易云音乐,大中午晚什么安啊？,1,柔jl,2025-04-22 20:15:26,1359356908,大中午晚什么安啊？,['中午'],1,1,0.4640030860900879,中性,"[('中午', 'TIME', 1, 3), ('？', 'OTHER', 8, 9)]",[],[],[],[],[],[],False,,0.0,0.0,0.0,0.0,0.0,0,[],无,无,无,无,无,无,无,无,无,无
网易云音乐,需要多少,1,柔jl,2025-04-22 20:14:24,1359356908,需要多少,['需要'],1,2,0.4861611723899841,正面,[],[],[],[],[],"[('需要', 4.3444806435)]",['需要'],False,,0.0,0.0,0.0,0.0,0.0,0,[],无,无,无,无,无,无,无,无,无,无
网易云音乐,别累TVT,1,柔jl,2025-04-22 20:14:16,1359356908,别累TVT,"['别累', 'TVT']",2,2,0.4156107604503631,正面,[],[],[],[],[],[],[],False,,0.0,0.0,0.0,0.0,0.0,0,[],无,无,无,无,无,无,无,无,无,无
网易云音乐,呜呜呜我也好喜欢她讲的这段话[流泪][流泪],1,粉笔小夜-,2025-04-22 19:55:48,1359356908,呜呜呜我也好喜欢她讲的这段话流泪流泪,"['呜呜', '也好', '喜欢', '这段话', '流泪', '流泪']",6,2,0.4189739823341369,正面,[],[],[],[],[],"[('流泪', 5.346763110386667), ('喜欢', 1.9008628010066666)]","['流泪', '喜欢']",False,,0.0,0.0,0.0,0.0,0.0,0,"[('呜呜', '中性', 0.0, '呜呜呜我也好喜', []), ('这段话', '正面', 0.3333333333333333, '喜欢她讲的这段话流泪流泪', [('喜欢', 1.0)]), ('流泪', '中性', 0.0, '讲的这段话流泪流泪', []), ('流泪', '中性', 0.0, '讲的这段话流泪流泪', [])]",无,无,无,无,无,无,中性,无,无,无
网易云音乐,好累,1,仁失,2025-04-22 19:54:25,1359356908,好累,[],0,1,0.3957341611385345,中性,[],[],[],[],[],[],[],False,,0.0,0.0,0.0,0.0,0.0,0,[],无,无,无,无,无,无,无,无,无,无
网易云音乐,我喜欢的人我不说出口他永远不知道我喜欢他,1,光暗少年,2025-04-22 19:52:45,1359356908,我喜欢的人我不说出口他永远不知道我喜欢他,"['喜欢', '出口', '永远', '知道', '喜欢']",5,2,0.4599994122982025,正面,[],[],[],[],[],"[('喜欢', 2.85129420151), ('出口', 1.3571204566225), ('知道', 0.993527135)]","['喜欢', '出口', '知道']",False,,0.0,0.0,0.0,0.0,0.0,0,[],无,无,无,无,无,无,无,无,无,无
网易云音乐,曾经的晚安 现在的黑名单,1,来一碗豆浆zz,2025-04-22 19:49:26,1359356908,曾经的晚安 现在的黑名单,"['曾经', '晚安', '现在', '黑名单']",4,2,0.495934784412384,正面,"[(' ', 'OTHER', 5, 6), ('现在', 'TIME', 6, 8), ('黑名单', 'PERSON', 9, 12)]",['黑名单'],[],[],[],"[('晚安', 11.2616203224)]",['晚安'],False,,0.0,0.0,0.0,0.0,0.0,0,"[('晚安', '中性', 0.0, '曾经的晚安 现在的黑', []), ('黑名单', '中性', 0.0, '安 现在的黑名单', [])]",中性,无,无,无,无,无,无,无,无,无
网易云音乐,别想太多，好好生活也许日子过着过着就会有答案努力走着走着就会有温柔的着落[多多大笑],1,月衔瓷影,2025-04-22 19:45:32,1359356908,别想太多，好好生活也许日子过着过着就会有答案努力走着走着就会有温柔的着落多多大笑,"['别想', '太多', '好好', '生活', '也许', '日子', '答案', '努力', '温柔', '着落', '多多', '大笑']",12,2,0.4200950264930725,正面,"[('，', 'OTHER', 4, 5)]",[],[],[],[],"[('过着', 2.0485399565833333), ('着落', 1.547592855855), ('大笑', 1.229519224305), ('答案', 1.1255197301316666), ('日子', 0.9879778113083333), ('生活', 0.7723104055116666)]","['过着', '着落', '大笑', '答案', '日子', '生活']",False,,0.0,0.0,0.0,0.0,0.0,0,"[('日子', '正面', 0.3333333333333333, '好生活也许日子过着过着就', [('好', 1.0)]), ('答案', '中性', 0.0, '过着就会有答案努力走着走', [])]",无,无,无,无,无,无,无,无,无,无
网易云音乐,不要总想着依靠别人 要自己长大 如果没人护你周全 请记得保护自己 愿你可以做自己的小太阳 闪闪发光的同时也自带防晒,1,天降之炎,2025-04-22 19:44:02,1359356908,不要总想着依靠别人 要自己长大 如果没人护你周全 请记得保护自己 愿你可以做自己的小太阳 闪闪发光的同时也自带防晒,"['不要', '想着', '依靠', '别人', '长大', '没人护', '周全', '记得', '保护', '太阳', '闪闪发光', '同时', '自带', '防晒']",14,2,0.530494749546051,正面,"[(' ', 'OTHER', 9, 10), ('长大', 'LOCATION', 13, 15), (' ', 'OTHER', 15, 16), ('周全', 'PERSON', 22, 24), (' ', 'OTHER', 24, 25), (' ', 'OTHER', 32, 33), ('太阳', 'LOCATION', 42, 44), (' ', 'OTHER', 44, 45)]",['周全'],"['长大', '太阳']",[],[],"[('没人护', 1.19547675029), ('防晒', 1.04666904475), ('自带', 0.9652182409930001), ('闪闪发光', 0.912999302751), ('长大', 0.709606313191), ('记得', 0.641014824992), ('依靠', 0.631083613979), ('太阳', 0.622791975533), ('想着', 0.6196316484069999), ('保护', 0.539900427222)]","['没人护', '防晒', '自带', '闪闪发光', '长大', '记得', '依靠', '太阳', '想着', '保护']",False,,0.0,0.0,0.0,0.0,0.0,0,"[('长大', '中性', 0.0, '人 要自己长大 如果没人', []), ('周全', '中性', 0.0, '果没人护你周全 请记得保', []), ('太阳', '中性', 0.0, '做自己的小太阳 闪闪发光', []), ('闪闪发光', '中性', 0.0, '的小太阳 闪闪发光的同时也自', []), ('自带', '中性', 0.0, '光的同时也自带防晒', [])]",无,无,无,无,无,无,无,无,无,无
网易云音乐,可是真正喜欢的人不会这么容易就忘掉啊[多多大哭],1,归晚wra,2025-04-22 19:39:55,1359356908,可是真正喜欢的人不会这么容易就忘掉啊多多大哭,"['真正', '喜欢', '不会', '这么', '容易', '忘掉', '多多', '大哭']",8,2,0.492598295211792,正面,[],[],[],[],[],"[('忘掉', 2.26412264138), ('大哭', 2.0362338595975), ('喜欢', 1.425647100755), ('不会', 1.10293029489)]","['忘掉', '大哭', '喜欢', '不会']",False,,0.0,0.0,0.0,0.0,0.0,0,[],无,无,无,无,无,无,无,无,无,无
网易云音乐,我永远忘不了我的青春被毁掉的那个夏天 我甚至想逃离这个世界,1,君主jru,2025-04-22 19:29:25,1359356908,我永远忘不了我的青春被毁掉的那个夏天 我甚至想逃离这个世界,"['永远', '忘不了', '青春', '毁掉', '那个', '夏天', '甚至', '逃离', '这个', '世界']",10,2,0.4713087677955627,正面,"[('青春', 'LOCATION', 8, 10), ('夏天', 'TIME', 16, 18), (' ', 'OTHER', 18, 19)]",[],['青春'],[],[],"[('忘不了', 1.8364357561359999), ('毁掉', 1.820977421276), ('逃离', 1.723494784648), ('青春', 1.5798525548020002), ('世界', 0.873505881114)]","['忘不了', '毁掉', '逃离', '青春', '世界']",False,,0.0,0.0,0.0,0.0,0.0,0,"[('青春', '中性', 0.0, '忘不了我的青春被毁掉的那', []), ('世界', '中性', 0.0, '想逃离这个世界', [])]",无,无,无,中性,无,无,无,无,无,无
网易云音乐,2025年了有谁还在听晚安,1,w与神明同游,2025-04-22 19:27:18,1359356908,年了有谁还在听晚安,['晚安'],1,1,0.410532146692276,中性,[],[],[],[],[],"[('晚安', 11.2616203224)]",['晚安'],False,,0.0,0.0,0.0,0.0,0.0,0,"[('晚安', '中性', 0.0, '有谁还在听晚安', [])]",中性,无,无,无,无,无,无,无,无,无
网易云音乐,“晚安”是我能对你说的最后一句话了[多多难过],1,彼岸花开绫小路君彼兮,2025-04-22 19:20:59,1359356908,晚安是我能对你说的最后一句话了多多难过,"['晚安', '最后', '一句', '多多', '难过']",5,2,0.4090975821018219,正面,[],[],[],[],[],"[('晚安', 5.6308101612), ('难过', 3.76112573416)]","['晚安', '难过']",False,,0.0,0.0,0.0,0.0,0.0,0,"[('晚安', '中性', 0.0, '晚安是我能对你', [])]",中性,无,无,无,无,无,无,无,无,无
网易云音乐,抱抱你[可爱]要好好的啊乖乖！,1,十月不可能存在的樱花,2025-04-22 19:02:19,1359356908,抱抱你可爱要好好的啊乖乖！,"['抱抱', '可爱', '好好', '乖乖']",4,2,0.4479629099369049,正面,"[('！', 'OTHER', 12, 13)]",[],[],[],[],"[('抱抱', 5.08150401685), ('可爱', 3.80920545254)]","['抱抱', '可爱']",False,,0.0,0.0,0.0,0.0,0.0,0,[],无,无,无,无,无,无,无,无,无,无
网易云音乐,好好生活吧 会有更好的人在等你哦,1,是麻酱咩,2025-04-22 18:55:25,1359356908,好好生活吧 会有更好的人在等你哦,"['好好', '生活', '更好']",3,2,0.4138463735580444,正面,"[(' ', 'OTHER', 5, 6)]",[],[],[],[],"[('生活', 4.63386243307)]",['生活'],False,,0.0,0.0,0.0,0.0,0.0,0,[],无,无,无,无,无,无,无,无,无,无
网易云音乐,别熬夜啦宝贝[多多可怜],1,毛毛vfx,2025-04-22 18:37:44,1359356908,别熬夜啦宝贝多多可怜,"['熬夜', '宝贝', '多多', '可怜']",4,1,0.4062619209289551,中性,"[('宝贝', 'PERSON', 4, 6)]",['宝贝'],[],[],[],"[('熬夜', 4.984426009625), ('可怜', 3.451540834495)]","['熬夜', '可怜']",False,,0.0,0.0,0.0,0.0,0.0,0,"[('宝贝', '中性', 0.0, '别熬夜啦宝贝多多可怜', [])]",无,无,无,无,无,无,无,无,无,无
网易云音乐,喵喵喵,1,自由鸟_701,2025-04-22 18:26:43,1359356908,喵喵喵,[],0,2,0.4107837378978729,正面,[],[],[],[],[],[],[],False,,0.0,0.0,0.0,0.0,0.0,0,[],无,无,无,无,无,无,无,无,无,无
网易云音乐,你好,1,0324_r54U,2025-04-22 18:23:06,1359356908,你好,['你好'],1,2,0.4453571736812591,正面,[],[],[],[],[],[],[],False,,0.0,0.0,0.0,0.0,0.0,0,"[('你好', '中性', 0.0, '你好', [])]",无,无,无,无,无,无,无,无,无,无
网易云音乐,或许离别太久了 早已不合适重逢了 就像你说的那些都是以前了,1,小岛愉悦节奏,2025-04-22 18:20:32,1359356908,或许离别太久了 早已不合适重逢了 就像你说的那些都是以前了,"['或许', '离别', '太久', '早已', '合适', '重逢', '那些', '以前']",8,2,0.3761136531829834,正面,"[('太久', 'PERSON', 4, 6), (' ', 'OTHER', 7, 8), (' ', 'OTHER', 16, 17)]",['太久'],[],[],[],"[('重逢', 4.74091852209), ('离别', 4.56077707943)]","['重逢', '离别']",False,,0.0,0.0,0.0,0.0,0.0,0,"[('太久', '中性', 0.0, '或许离别太久了 早已不', [])]",无,无,无,无,无,无,无,无,无,无
网易云音乐,哈喽,1,垚想见一面,2025-04-22 17:41:01,1359356908,哈喽,[],0,1,0.4133865535259247,中性,[],[],[],[],[],[],[],False,,0.0,0.0,0.0,0.0,0.0,0,[],无,无,无,无,无,无,无,无,无,无
网易云音乐,看到伤感文案非常有感触但至今与0个异性有过感情纠葛是因为什么[便便][便便],1,小星落云,2025-04-22 17:23:33,1359356908,看到伤感文案非常有感触但至今与个异性有过感情纠葛是因为什么便便便便,"['看到', '伤感', '文案', '非常', '感触', '至今', '异性', '有过', '感情纠葛', '是因为']",10,2,0.5244466066360474,正面,"[('感情纠葛', 'LOCATION', 20, 24)]",[],['感情纠葛'],[],[],"[('感情纠葛', 1.9330154265), ('文案', 1.6978509308833332), ('感触', 1.6614753365416668), ('异性', 1.5288816388766666), ('伤感', 1.3958707854733332), ('看到', 0.8108016203083334)]","['感情纠葛', '文案', '感触', '异性', '伤感', '看到']",False,,0.0,0.0,0.0,0.0,0.0,0,"[('伤感', '中性', 0.0, '看到伤感文案非常有', []), ('文案', '中性', 0.0, '看到伤感文案非常有感触', []), ('异性', '中性', 0.0, '但至今与个异性有过感情纠', []), ('感情纠葛', '中性', 0.0, '个异性有过感情纠葛是因为什么', [])]",无,无,无,无,无,无,无,无,无,无
网易云音乐,[流泪][流泪],1,1mo唯唯,2025-04-22 16:54:30,1359356908,流泪流泪,"['流泪', '流泪']",2,2,0.4014351069927215,正面,[],[],[],[],[],"[('流泪', 8.02014466558)]",['流泪'],False,,0.0,0.0,0.0,0.0,0.0,0,"[('流泪', '中性', 0.0, '流泪流泪', []), ('流泪', '中性', 0.0, '流泪流泪', [])]",无,无,无,无,无,无,中性,无,无,无
网易云音乐,哈哈哈 我现在设置不看他了,1,1mo唯唯,2025-04-22 16:53:17,1359356908,哈哈哈 我现在设置不看他了,"['哈哈哈', '现在', '设置', '不看']",4,2,0.4617364108562469,正面,"[(' ', 'OTHER', 3, 4), ('现在', 'TIME', 5, 7)]",[],[],[],[],"[('设置', 6.35370353446)]",['设置'],False,,0.0,0.0,0.0,0.0,0.0,0,[],无,无,无,无,无,无,无,无,无,无
网易云音乐,差一步美满，就牵着手走散~,1,差两点你呢,2025-04-22 15:45:07,1359356908,差一步美满，就牵着手走散,"['一步', '美满', '牵着手', '走散']",4,1,0.3963018357753753,中性,"[('，', 'OTHER', 5, 6)]",[],[],[],[],"[('牵着手', 5.97738375145), ('走散', 5.266690911)]","['牵着手', '走散']",False,,0.0,0.0,0.0,0.0,0.0,0,[],无,无,无,无,无,无,无,无,无,无
网易云音乐,"看哭了 呜呜呜～

",1,Dancya_,2025-04-22 14:55:55,1359356908,看哭了 呜呜呜～,['呜呜'],1,2,0.4413020014762878,正面,"[(' ', 'OTHER', 3, 4), ('～', 'OTHER', 7, 8)]",[],[],[],[],"[('看哭', 11.9547675029)]",['看哭'],False,,0.0,0.0,0.0,0.0,0.0,0,"[('呜呜', '中性', 0.0, '看哭了 呜呜呜～', [])]",无,无,无,无,无,无,无,无,无,无
网易云音乐,这里,1,小满_lh,2025-04-22 14:10:39,1359356908,这里,['这里'],1,2,0.4118743240833282,正面,[],[],[],[],[],[],[],False,,0.0,0.0,0.0,0.0,0.0,0,[],无,无,无,无,无,无,无,无,无,无
网易云音乐,hi,1,oi_小彤,2025-04-22 14:07:24,1359356908,hi,['hi'],1,2,0.4191814064979553,正面,[],[],[],[],[],[],[],False,,0.0,0.0,0.0,0.0,0.0,0,[],无,无,无,无,无,无,无,无,无,无
网易云音乐,晚安,1,一吱yoyo,2025-04-22 14:04:12,1359356908,晚安,['晚安'],1,2,0.4150713980197906,正面,[],[],[],[],[],"[('晚安', 11.2616203224)]",['晚安'],False,,0.0,0.0,0.0,0.0,0.0,0,"[('晚安', '中性', 0.0, '晚安', [])]",中性,无,无,无,无,无,无,无,无,无
网易云音乐,晚安,1,xc_梦,2025-04-22 13:53:31,1359356908,晚安,['晚安'],1,2,0.4150713980197906,正面,[],[],[],[],[],"[('晚安', 11.2616203224)]",['晚安'],False,,0.0,0.0,0.0,0.0,0.0,0,"[('晚安', '中性', 0.0, '晚安', [])]",中性,无,无,无,无,无,无,无,无,无
网易云音乐,"不需要答案你的态度已经很明显了
.
我不介意他有过去但我介意他过不去.

如果当初不执着或许我们还是朋友.

我早就困了只是想和你聊天陪陪你.

莫非要让你尝尽了苦悲才懂得我最珍贵.

我试图冷落你但发现痛的只有我自己.",1,ID江宜,2025-04-22 13:51:38,1359356908,不需要答案你的态度已经很明显了 我不介意他有过去但我介意他过不去 如果当初不执着或许我们还是朋友 我早就困了只是想和你聊天陪陪你 莫非要让你尝尽了苦悲才懂得我最珍贵 我试图冷落你但发现痛的只有我自己,"['需要', '答案', '态度', '已经', '明显', '不介意', '过去', '介意', '过不去', '当初', '执着', '或许', '我们', '朋友', '早就', '困了', '聊天', '陪陪', '莫非', '悲才', '懂得', '珍贵', '试图', '冷落', '发现']",25,2,0.4915066063404083,正面,"[(' ', 'OTHER', 15, 16), ('过去', 'TIME', 22, 24), ('过不去', 'TIME', 29, 32), (' ', 'OTHER', 32, 33), ('当初', 'TIME', 35, 37), (' ', 'OTHER', 48, 49), ('聊天', 'OTHER', 59, 61), (' ', 'OTHER', 64, 65), ('莫非', 'LOCATION', 65, 67), (' ', 'OTHER', 82, 83)]",[],['莫非'],[],[],"[('尝尽', 0.9195975002230768), ('陪陪', 0.8003207761923077), ('介意', 0.7980243944153845), ('执着', 0.6925259886169232), ('冷落', 0.660196742933077), ('莫非', 0.5609751558984615), ('试图', 0.5441640329553846), ('懂得', 0.5382254149530769), ('答案', 0.5194706446761539), ('态度', 0.45338283127230766), ('朋友', 0.44977757560307696), ('发现', 0.3363882971384615), ('需要', 0.3341908187307692)]","['尝尽', '陪陪', '介意', '执着', '冷落', '莫非', '试图', '懂得', '答案', '态度', '朋友', '发现', '需要']",False,,0.0,0.0,0.0,0.0,0.0,0,"[('答案', '中性', 0.0, '不需要答案你的态度已', []), ('态度', '中性', 0.0, '要答案你的态度已经很明显', []), ('不介意', '中性', 0.0, '明显了 我不介意他有过去但', []), ('朋友', '中性', 0.0, '许我们还是朋友 我早就困', []), ('聊天', '中性', 0.0, '只是想和你聊天陪陪你 莫', []), ('莫非', '中性', 0.0, '天陪陪你 莫非要让你尝尽', [])]",无,无,中性,无,无,无,无,无,无,无
网易云音乐,"那些道理我都懂但是到了深夜就翻了船

转身的那一秒开始我的幸福便与你无关

我爱你但你心不诚我不傻别总是骗我

幸福的时候会词穷痛苦的时候千言万语

喜欢是一瞬间的事忘记却是一辈子的事

只是用了很久演了一场不是主角的戏",1,ID江宜,2025-04-22 13:50:53,1359356908,那些道理我都懂但是到了深夜就翻了船 转身的那一秒开始我的幸福便与你无关 我爱你但你心不诚我不傻别总是骗我 幸福的时候会词穷痛苦的时候千言万语 喜欢是一瞬间的事忘记却是一辈子的事 只是用了很久演了一场不是主角的戏,"['那些', '道理', '深夜', '转身', '一秒', '开始', '幸福', '无关', '我爱你', '心不诚', '傻别', '总是', '幸福', '时候', '词穷', '痛苦', '时候', '千言万语', '喜欢', '一瞬间', '忘记', '却是', '一辈子', '很久演', '一场', '不是', '主角']",27,2,0.5307168364524841,正面,"[('深夜', 'TIME', 11, 13), (' ', 'OTHER', 17, 18), (' ', 'OTHER', 35, 36), (' ', 'OTHER', 52, 53), (' ', 'OTHER', 70, 71), (' ', 'OTHER', 88, 89)]",[],[],[],[],"[('时候', 0.9530547407644444), ('主角', 0.8911271850644444), ('无关', 0.8104474961977778), ('忘记', 0.76040451892), ('转身', 0.7315699416433333), ('道理', 0.7167331202411111), ('喜欢', 0.6336209336688889), ('开始', 0.4272252342266667)]","['时候', '主角', '无关', '忘记', '转身', '道理', '喜欢', '开始']",True,那些道理我都懂但是到了深夜就翻了船 转身的那一秒开始我的幸福便与你无关 我爱你但你心不诚我不傻别总是骗我 幸福的时候会词穷痛苦的时候千言万语 喜欢是一瞬间的事忘记却是一辈子的事 只是用了很久演了一场不是主角的戏。,0.0,0.0,0.0,0.0,0.0,0,"[('道理', '中性', 0.0, '那些道理我都懂但是', []), ('我爱你', '中性', 0.0, '与你无关 我爱你但你心不诚', []), ('时候', '中性', 0.0, '我 幸福的时候会词穷痛苦', []), ('时候', '中性', 0.0, '我 幸福的时候会词穷痛苦', []), ('主角', '中性', 0.0, '了一场不是主角的戏', [])]",无,中性,无,无,无,无,无,无,中性,无
网易云音乐,"我说没有你怎么办你说我要学会一个人

人和人的缘分不是一场不出门就能避开的雨

我要成为这个世界的大王让自己不再流泪

胡思乱想是一种病缺乏安全感也是一种病

抽烟叹的气已经够多了我只要爱不要唉了

你又在怀念什么离开我不是你梦寐以求的吗",1,ID江宜,2025-04-22 13:50:23,1359356908,我说没有你怎么办你说我要学会一个人 人和人的缘分不是一场不出门就能避开的雨 我要成为这个世界的大王让自己不再流泪 胡思乱想是一种病缺乏安全感也是一种病 抽烟叹的气已经够多了我只要爱不要唉了 你又在怀念什么离开我不是你梦寐以求的吗,"['怎么办', '学会', '缘分', '不是', '一场', '出门', '避开', '我要', '成为', '这个', '世界', '大王', '不再', '流泪', '胡思乱想', '一种', '缺乏', '安全感', '一种', '抽烟', '已经', '不要', '怀念', '离开', '不是', '梦寐以求']",26,2,0.524420440196991,正面,"[(' ', 'OTHER', 17, 18), (' ', 'OTHER', 37, 38), (' ', 'OTHER', 56, 57), ('安全感', 'PERSON', 67, 70), (' ', 'OTHER', 75, 76), (' ', 'OTHER', 94, 95)]",['安全感'],[],[],[],"[('缘分', 0.7789000633650001), ('怀念', 0.7160341628808333), ('抽烟', 0.6949996684133333), ('流泪', 0.6683453887983334), ('避开', 0.6572468746608333), ('出门', 0.5732251024083334), ('学会', 0.5625634013199999), ('缺乏', 0.5111883961633333), ('离开', 0.4550664636383333), ('世界', 0.3639607837975), ('成为', 0.32238508322), ('没有', 0.25940196376249997)]","['缘分', '怀念', '抽烟', '流泪', '避开', '出门', '学会', '缺乏', '离开', '世界', '成为', '没有']",True,我说没有你怎么办你说我要学会一个人 人和人的缘分不是一场不出门就能避开的雨 我要成为这个世界的大王让自己不再流泪 胡思乱想是一种病缺乏安全感也是一种病 抽烟叹的气已经够多了我只要爱不要唉了 你又在怀念什么离开我不是你梦寐以求的吗。,0.0,0.0,0.0,0.0,0.0,0,"[('怎么办', '中性', 0.0, '我说没有你怎么办你说我要学', []), ('学会', '中性', 0.0, '办你说我要学会一个人 人', []), ('缘分', '中性', 0.0, ' 人和人的缘分不是一场不', []), ('世界', '中性', 0.0, '要成为这个世界的大王让自', []), ('大王', '中性', 0.0, '这个世界的大王让自己不再', []), ('流泪', '中性', 0.0, '让自己不再流泪 胡思乱想', []), ('安全感', '中性', 0.0, '一种病缺乏安全感也是一种病', [])]",无,无,无,中性,无,无,中性,无,无,无
网易云音乐,"晚安,lsj，这次真的和你晚安了",1,yaenomy,2025-04-22 13:45:33,1359356908,晚安lsj，这次真的和你晚安了,"['晚安', 'lsj', '这次', '真的', '晚安']",5,1,0.3827241957187652,中性,"[('，', 'OTHER', 5, 6)]",[],[],[],[],"[('晚安', 11.2616203224)]",['晚安'],False,,0.0,0.0,0.0,0.0,0.0,0,"[('晚安', '中性', 0.0, '晚安lsj，这', []), ('晚安', '中性', 0.0, '晚安lsj，这', [])]",中性,无,无,无,无,无,无,无,无,无
网易云音乐,听了数百遍晚安  却等不到她那句晚安,1,出于心软,2025-04-22 13:38:08,1359356908,听了数百遍晚安 却等不到她那句晚安,"['数百遍', '晚安', '不到', '那句', '晚安']",5,2,0.4381471574306488,正面,"[(' ', 'OTHER', 7, 8)]",[],[],[],[],"[('晚安', 7.5077468816), ('不到', 1.77873975603)]","['晚安', '不到']",False,,0.0,0.0,0.0,0.0,0.0,0,"[('晚安', '中性', 0.0, '听了数百遍晚安 却等不到', []), ('晚安', '中性', 0.0, '听了数百遍晚安 却等不到', [])]",中性,无,无,无,无,无,无,无,无,无
网易云音乐,痛是后知后觉的 差点转发的视频 安静的微信 消失的电话和晚安 ,1,庞江涛无福无木,2025-04-22 13:28:16,1359356908,痛是后知后觉的 差点转发的视频 安静的微信 消失的电话和晚安,"['痛是', '后知后觉', '差点', '转发', '视频', '安静', '微信', '消失', '电话', '晚安']",10,2,0.5151805281639099,正面,"[(' ', 'OTHER', 7, 8), (' ', 'OTHER', 15, 16), ('安静', 'PERSON', 16, 18), (' ', 'OTHER', 21, 22)]",['安静'],[],[],[],"[('微信', 1.7078239289857142), ('晚安', 1.6088029032000002), ('转发', 1.3580326424714286), ('视频', 1.1510190335628572), ('差点', 1.1108563230114286), ('消失', 0.8890396030657143), ('电话', 0.8361668772842857)]","['微信', '晚安', '转发', '视频', '差点', '消失', '电话']",False,,0.0,0.0,0.0,0.0,0.0,0,"[('差点', '中性', 0.0, '知后觉的 差点转发的视频', []), ('视频', '中性', 0.0, '差点转发的视频 安静的微', []), ('安静', '中性', 0.0, '发的视频 安静的微信 消', []), ('消失', '中性', 0.0, '静的微信 消失的电话和晚', []), ('电话', '中性', 0.0, '信 消失的电话和晚安', []), ('晚安', '中性', 0.0, '失的电话和晚安', [])]",中性,无,无,无,无,无,无,无,无,无
网易云音乐,我发誓当你身边有新人出现我就再也不要出现在你的世界里,1,FF妃-,2025-04-22 12:56:26,1359356908,我发誓当你身边有新人出现我就再也不要出现在你的世界里,"['发誓', '身边', '新人', '出现', '再也', '不要', '出现', '世界']",8,2,0.4456395208835602,正面,[],[],[],[],[],"[('发誓', 1.722482124256), ('新人', 1.7097639037), ('出现', 1.5371871974359999), ('世界', 0.873505881114)]","['发誓', '新人', '出现', '世界']",False,,0.0,0.0,0.0,0.0,0.0,0,"[('新人', '中性', 0.0, '当你身边有新人出现我就再', []), ('世界', '中性', 0.0, '出现在你的世界里', [])]",无,无,无,中性,无,无,无,无,无,无
网易云音乐,很好奇 人在什么情况下 才会放弃自己特别喜欢的人.,1,悸郁j,2025-04-22 12:36:13,1359356908,很好奇 人在什么情况下 才会放弃自己特别喜欢的人,"['好奇', '情况', '放弃', '特别', '喜欢']",5,2,0.5286831855773926,正面,"[(' ', 'OTHER', 3, 4), (' ', 'OTHER', 11, 12)]",[],[],[],[],"[('放弃', 2.18683027222), ('喜欢', 1.9008628010066666), ('情况', 1.3357468117633333)]","['放弃', '喜欢', '情况']",False,,0.0,0.0,0.0,0.0,0.0,0,"[('情况', '中性', 0.0, ' 人在什么情况下 才会放', [])]",无,无,无,无,无,无,无,无,无,无
网易云音乐,不要被外界的声音打扰，把世界调成静音，听他们破防的声音,1,悸郁j,2025-04-22 12:31:41,1359356908,不要被外界的声音打扰，把世界调成静音，听他们破防的声音,"['不要', '外界', '声音', '打扰', '世界', '静音', '他们', '破防', '声音']",9,2,0.4967013299465179,正面,"[('，', 'OTHER', 10, 11), ('，', 'OTHER', 18, 19)]",[],[],[],[],"[('破防', 1.7078239289857142), ('声音', 1.5205214514771428), ('静音', 1.5149772551428573), ('打扰', 1.2488031932514285), ('外界', 0.9865468094485715), ('世界', 0.6239327722242857)]","['破防', '声音', '静音', '打扰', '外界', '世界']",False,,0.0,0.0,0.0,0.0,0.0,0,"[('外界', '中性', 0.0, '不要被外界的声音打扰', []), ('声音', '中性', 0.0, '要被外界的声音打扰，把世', []), ('世界', '中性', 0.0, '音打扰，把世界调成静音，', []), ('静音', '中性', 0.0, '把世界调成静音，听他们破', []), ('声音', '中性', 0.0, '要被外界的声音打扰，把世', [])]",无,无,无,中性,无,无,无,无,无,无
网易云音乐,不要被外界的声音打扰，把世界调成静音，听他们破防的声音,1,悸郁j,2025-04-22 12:30:41,1359356908,不要被外界的声音打扰，把世界调成静音，听他们破防的声音,"['不要', '外界', '声音', '打扰', '世界', '静音', '他们', '破防', '声音']",9,2,0.4967013299465179,正面,"[('，', 'OTHER', 10, 11), ('，', 'OTHER', 18, 19)]",[],[],[],[],"[('破防', 1.7078239289857142), ('声音', 1.5205214514771428), ('静音', 1.5149772551428573), ('打扰', 1.2488031932514285), ('外界', 0.9865468094485715), ('世界', 0.6239327722242857)]","['破防', '声音', '静音', '打扰', '外界', '世界']",False,,0.0,0.0,0.0,0.0,0.0,0,"[('外界', '中性', 0.0, '不要被外界的声音打扰', []), ('声音', '中性', 0.0, '要被外界的声音打扰，把世', []), ('世界', '中性', 0.0, '音打扰，把世界调成静音，', []), ('静音', '中性', 0.0, '把世界调成静音，听他们破', []), ('声音', '中性', 0.0, '要被外界的声音打扰，把世', [])]",无,无,无,中性,无,无,无,无,无,无
网易云音乐,这里,1,Nov_11_30,2025-04-22 12:14:20,1359356908,这里,['这里'],1,2,0.4118743240833282,正面,[],[],[],[],[],[],[],False,,0.0,0.0,0.0,0.0,0.0,0,[],无,无,无,无,无,无,无,无,无,无
网易云音乐,想你的话 你会出现吗,1,想我就早点睡觉,2025-04-22 11:59:59,1359356908,想你的话 你会出现吗,"['的话', '出现']",2,2,0.4452413916587829,正面,"[(' ', 'OTHER', 4, 5)]",[],[],[],[],"[('出现', 3.84296799359)]",['出现'],False,,0.0,0.0,0.0,0.0,0.0,0,[],无,无,无,无,无,无,无,无,无,无
网易云音乐,她有和你说过 她不爱了吗,1,月亮月亮_Dex,2025-04-22 11:51:43,1359356908,她有和你说过 她不爱了吗,[],0,2,0.5197277665138245,正面,"[(' ', 'OTHER', 6, 7)]",[],[],[],[],[],[],False,,0.0,0.0,0.0,0.0,0.0,0,[],无,无,无,无,无,无,无,无,无,无
网易云音乐,"我想把世界上最好的都给你 却发现世界上最好的就是你

你与世界 选择你 爱与正确 选择爱

恰到好处的喜欢最舒服 你不用多好 我喜欢就好 我没有很好 你不嫌弃就好

我向来三分钟热度 唯你在我心上反复

你在的时候 你是一切 你不在的时候 一切是你

这世间风情万种 你却是我的情有独钟

",1,冻雾柔情红米,2025-04-22 11:49:50,1359356908,我想把世界上最好的都给你 却发现世界上最好的就是你 你与世界 选择你 爱与正确 选择爱 恰到好处的喜欢最舒服 你不用多好 我喜欢就好 我没有很好 你不嫌弃就好 我向来三分钟热度 唯你在我心上反复 你在的时候 你是一切 你不在的时候 一切是你 这世间风情万种 你却是我的情有独钟,"['世界', '最好', '发现', '世界', '最好', '世界', '选择', '正确', '选择', '恰到好处', '喜欢', '最舒服', '不用', '多好', '喜欢', '嫌弃', '向来', '三分钟', '热度', '心上', '反复', '时候', '一切', '时候', '一切', '世间', '风情万种', '却是', '情有独钟']",29,2,0.4802419543266296,正面,"[(' ', 'OTHER', 12, 13), (' ', 'OTHER', 25, 26), (' ', 'OTHER', 30, 31), (' ', 'OTHER', 34, 35), (' ', 'OTHER', 39, 40), (' ', 'OTHER', 43, 44), (' ', 'OTHER', 54, 55), (' ', 'OTHER', 60, 61), (' ', 'OTHER', 66, 67), (' ', 'OTHER', 72, 73), (' ', 'OTHER', 79, 80), (' ', 'OTHER', 88, 89), (' ', 'OTHER', 97, 98), (' ', 'OTHER', 103, 104), (' ', 'OTHER', 108, 109), (' ', 'OTHER', 115, 116), (' ', 'OTHER', 120, 121), (' ', 'OTHER', 128, 129)]",[],[],[],[],"[('世界', 0.7707404833358823), ('喜欢', 0.6708927532964706), ('选择', 0.6059749054635294), ('嫌弃', 0.5556664915129412), ('热度', 0.5180545559511766), ('时候', 0.5045583921694118), ('世间', 0.48793385798117644), ('向来', 0.4530705256164706), ('反复', 0.3675651121094118), ('不用', 0.3534689995676471), ('发现', 0.2572381095764706), ('没有', 0.18310726853823528)]","['世界', '喜欢', '选择', '嫌弃', '热度', '时候', '世间', '向来', '反复', '不用', '发现', '没有']",True,我想把世界上最好的都给你 却发现世界上最好的就是你 你与世界 选择你 爱与正确 选择爱 恰到好处的喜欢最舒服 你不用多好 我喜欢就好 我没有很好 你不嫌弃就好 我向来三分钟热度 唯你在我心上反复 你在的时候 你是一切 你不在的时候 一切是你 这世间风情万种 你却是我的情有独钟。,0.0,0.0,0.0,0.0,0.0,0,"[('世界', '中性', 0.0, '我想把世界上最好的都', []), ('世界', '中性', 0.0, '我想把世界上最好的都', []), ('世界', '中性', 0.0, '我想把世界上最好的都', []), ('热度', '中性', 0.0, '向来三分钟热度 唯你在我', []), ('时候', '中性', 0.0, '复 你在的时候 你是一切', []), ('时候', '中性', 0.0, '复 你在的时候 你是一切', []), ('世间', '中性', 0.0, '切是你 这世间风情万种 ', [])]",无,中性,无,中性,无,无,无,无,无,无
网易云音乐,"只要有你在 我会更有底气

可以乱想 但别担心 我始终爱你

站那儿别动 我现在去接你

我目光短浅 眼里只有你

谁也不能让你受委屈 我也不行

凡事有交代 件件有着落 事事有回应

别人再好 都与你无关 你再不好 我都喜欢

睡醒了我会第一时间找你 忙完了会第一时间回复你

",1,冻雾柔情红米,2025-04-22 11:47:06,1359356908,只要有你在 我会更有底气 可以乱想 但别担心 我始终爱你 站那儿别动 我现在去接你 我目光短浅 眼里只有你 谁也不能让你受委屈 我也不行 凡事有交代 件件有着落 事事有回应 别人再好 都与你无关 你再不好 我都喜欢 睡醒了我会第一时间找你 忙完了会第一时间回复你,"['我会', '底气', '但别', '担心', '始终', '那儿', '别动', '现在', '目光短浅', '眼里', '不能', '受委屈', '不行', '凡事', '交代', '有着落', '事事', '回应', '别人', '无关', '不好', '喜欢', '睡醒', '我会', '第一', '时间', '第一', '时间', '回复']",29,2,0.567548394203186,正面,"[(' ', 'OTHER', 5, 6), (' ', 'OTHER', 12, 13), (' ', 'OTHER', 17, 18), (' ', 'OTHER', 22, 23), (' ', 'OTHER', 28, 29), (' ', 'OTHER', 34, 35), ('现在', 'TIME', 36, 38), (' ', 'OTHER', 41, 42), (' ', 'OTHER', 47, 48), (' ', 'OTHER', 53, 54), (' ', 'OTHER', 63, 64), (' ', 'OTHER', 68, 69), (' ', 'OTHER', 74, 75), (' ', 'OTHER', 80, 81), (' ', 'OTHER', 86, 87), (' ', 'OTHER', 91, 92), (' ', 'OTHER', 97, 98), (' ', 'OTHER', 102, 103), (' ', 'OTHER', 107, 108), (' ', 'OTHER', 119, 120)]",[],[],[],[],"[('我会', 0.8156736016088888), ('受委屈', 0.5687286669888889), ('睡醒', 0.5560476307722222), ('别动', 0.5466797023016666), ('事事', 0.5072218348616667), ('底气', 0.5018412889733334), ('凡事', 0.4666344134127778), ('时间', 0.4532821813844445), ('交代', 0.41809182400833333), ('回应', 0.41390040165722225), ('回复', 0.40846991940055555), ('无关', 0.4052237480988889), ('不行', 0.35051781140444443), ('喜欢', 0.31681046683444447), ('担心', 0.31392110552222224), ('不能', 0.22167582413888887)]","['我会', '受委屈', '睡醒', '别动', '事事', '底气', '凡事', '时间', '交代', '回应', '回复', '无关', '不行', '喜欢', '担心', '不能']",True,只要有你在 我会更有底气 可以乱想 但别担心 我始终爱你 站那儿别动 我现在去接你 我目光短浅 眼里只有你 谁也不能让你受委屈 我也不行 凡事有交代 件件有着落 事事有回应 别人再好 都与你无关 你再不好 我都喜欢 睡醒了我会第一时间找你 忙完了会第一时间回复你。,0.0,0.0,0.0,0.0,0.0,0,"[('我会', '中性', 0.0, '要有你在 我会更有底气 ', []), ('底气', '中性', 0.0, ' 我会更有底气 可以乱想', []), ('受委屈', '中性', 0.0, '也不能让你受委屈 我也不行', []), ('凡事', '中性', 0.0, '我也不行 凡事有交代 件', []), ('交代', '中性', 0.0, '行 凡事有交代 件件有着', []), ('有着落', '中性', 0.0, '交代 件件有着落 事事有回', []), ('事事', '中性', 0.0, '件有着落 事事有回应 别', []), ('我会', '中性', 0.0, '要有你在 我会更有底气 ', []), ('时间', '中性', 0.0, '了我会第一时间找你 忙完', []), ('时间', '中性', 0.0, '了我会第一时间找你 忙完', [])]",无,无,无,无,中性,无,无,无,无,无
网易云音乐,"我会一直陪着你 不是我想 是我会

小事你可以随便闹 大事你往我身后靠

你陪着我的时候 我从未羡慕过任何人

哪怕我在生气 也会耐着性子去哄你

我永远需要你 也希望永远被你需要

你是声色张扬下 我欲盖弥彰的理想

对你 没有偏袒的意思 是正儿八经的偏心

喜欢你 从一而终 认真且怂

",1,冻雾柔情红米,2025-04-22 11:44:37,1359356908,我会一直陪着你 不是我想 是我会 小事你可以随便闹 大事你往我身后靠 你陪着我的时候 我从未羡慕过任何人 哪怕我在生气 也会耐着性子去哄你 我永远需要你 也希望永远被你需要 你是声色张扬下 我欲盖弥彰的理想 对你 没有偏袒的意思 是正儿八经的偏心 喜欢你 从一而终 认真且怂,"['我会', '一直', '不是', '我会', '小事', '随便', '大事', '身后', '时候', '从未', '羡慕', '任何人', '哪怕', '生气', '性子', '永远', '需要', '希望', '永远', '需要', '声色', '张扬', '欲盖弥彰', '理想', '偏袒', '意思', '正儿八经', '偏心', '喜欢', '从一而终', '认真']",31,2,0.540414571762085,正面,"[(' ', 'OTHER', 7, 8), (' ', 'OTHER', 12, 13), (' ', 'OTHER', 16, 17), (' ', 'OTHER', 25, 26), (' ', 'OTHER', 34, 35), (' ', 'OTHER', 42, 43), (' ', 'OTHER', 52, 53), (' ', 'OTHER', 59, 60), (' ', 'OTHER', 69, 70), (' ', 'OTHER', 76, 77), (' ', 'OTHER', 86, 87), ('张扬', 'PERSON', 91, 93), (' ', 'OTHER', 94, 95), (' ', 'OTHER', 103, 104), (' ', 'OTHER', 106, 107), (' ', 'OTHER', 114, 115), ('正儿八经', 'OTHER', 116, 120), (' ', 'OTHER', 123, 124), (' ', 'OTHER', 127, 128), (' ', 'OTHER', 132, 133)]",['张扬'],[],[],[],"[('我会', 0.8156736016088888), ('偏心', 0.5687286669888889), ('偏袒', 0.5466797023016666), ('声色', 0.5457300115594445), ('需要', 0.48272007149999996), ('性子', 0.4644118948233333), ('羡慕', 0.44540862574944445), ('小事', 0.4381645831072222), ('生气', 0.37495512155944444), ('理想', 0.36534375959055554), ('大事', 0.3507989636011111), ('意思', 0.32269101362499997), ('喜欢', 0.31681046683444447), ('希望', 0.2891854597322222), ('时候', 0.2382636851911111), ('没有', 0.17293464250833332)]","['我会', '偏心', '偏袒', '声色', '需要', '性子', '羡慕', '小事', '生气', '理想', '大事', '意思', '喜欢', '希望', '时候', '没有']",True,我会一直陪着你 不是我想 是我会 小事你可以随便闹 大事你往我身后靠 你陪着我的时候 我从未羡慕过任何人 哪怕我在生气 也会耐着性子去哄你 我永远需要你 也希望永远被你需要 你是声色张扬下 我欲盖弥彰的理想 对你 没有偏袒的意思 是正儿八经的偏心 喜欢你 从一而终 认真且怂。,0.0,0.0,0.0,0.0,0.0,0,"[('我会', '中性', 0.0, '我会一直陪着你', []), ('我会', '中性', 0.0, '我会一直陪着你', []), ('小事', '中性', 0.0, ' 是我会 小事你可以随便', []), ('大事', '中性', 0.0, '以随便闹 大事你往我身后', []), ('时候', '中性', 0.0, '你陪着我的时候 我从未羡', []), ('生气', '中性', 0.0, ' 哪怕我在生气 也会耐着', []), ('性子', '中性', 0.0, ' 也会耐着性子去哄你 我', []), ('声色', '中性', 0.0, '需要 你是声色张扬下 我', []), ('张扬', '中性', 0.0, ' 你是声色张扬下 我欲盖', []), ('理想', '中性', 0.0, '欲盖弥彰的理想 对你 没', []), ('意思', '中性', 0.0, '没有偏袒的意思 是正儿八', []), ('正儿八经', '中性', 0.0, '的意思 是正儿八经的偏心 喜', []), ('偏心', '正面', 0.3333333333333333, '正儿八经的偏心 喜欢你 ', [('喜欢', 1.0)])]",无,中性,无,无,中性,无,无,无,无,无
网易云音乐,“我是一个高中生，我的目标是考上自己心仪的大学，而不是纠结一个和我未来没有关系的人喜不喜欢我。”,1,闲枳的一颗星星,2025-04-22 11:28:40,1359356908,我是一个高中生，我的目标是考上自己心仪的大学，而不是纠结一个和我未来没有关系的人喜不喜欢我。,"['高中生', '目标', '考上', '心仪', '大学', '不是', '纠结', '未来', '关系', '喜不喜欢']",10,2,0.439092755317688,正面,"[('高中生', 'PERSON', 4, 7), ('，', 'OTHER', 7, 8), ('，', 'OTHER', 22, 23), ('未来', 'TIME', 32, 34), ('。', 'OTHER', 45, 46)]",['高中生'],[],[],[],"[('心仪', 1.5097818774), ('纠结', 1.426950663792857), ('考上', 1.2949136778600001), ('大学', 0.81631617465), ('目标', 0.7576521196257142), ('关系', 0.6765062675485715), ('没有', 0.4446890807357143)]","['心仪', '纠结', '考上', '大学', '目标', '关系', '没有']",False,,0.0,0.0,0.0,0.0,0.0,0,"[('高中生', '中性', 0.0, '我是一个高中生，我的目标', []), ('目标', '中性', 0.0, '中生，我的目标是考上自己', []), ('心仪', '中性', 0.0, '是考上自己心仪的大学，而', []), ('大学', '中性', 0.0, '自己心仪的大学，而不是纠', []), ('关系', '中性', 0.0, '我未来没有关系的人喜不喜', [])]",无,无,无,无,无,无,无,无,无,无
网易云音乐,如果不开心  那就晚安,1,-未归期-,2025-04-22 10:52:16,1359356908,如果不开心 那就晚安,"['开心', '晚安']",2,2,0.4553270041942596,正面,"[(' ', 'OTHER', 5, 6)]",[],[],[],[],"[('晚安', 5.6308101612), ('开心', 4.06617832809)]","['晚安', '开心']",False,,0.0,0.0,0.0,0.0,0.0,0,"[('晚安', '中性', 0.0, '开心 那就晚安', [])]",中性,无,无,无,无,无,无,无,无,无
网易云音乐,2025听晚安的天天开心撒,1,云村KKKUU,2025-04-22 10:05:42,1359356908,听晚安的天天开心撒,"['晚安', '天天开心']",2,1,0.4210218489170074,中性,[],[],[],[],[],"[('晚安', 11.2616203224)]",['晚安'],False,,0.0,0.0,0.0,0.0,0.0,0,"[('晚安', '中性', 0.0, '听晚安的天天开心', [])]",中性,无,无,无,无,无,无,无,无,无
网易云音乐,劝删,1,漫天星辰曜你,2025-04-22 09:12:32,1359356908,劝删,[],0,2,0.4063929915428161,正面,[],[],[],[],[],[],[],False,,0.0,0.0,0.0,0.0,0.0,0,[],无,无,无,无,无,无,无,无,无,无
网易云音乐,[流泪],1,小奶龙啊噢,2025-04-22 08:24:42,1359356908,流泪,['流泪'],1,2,0.4234683811664581,正面,[],[],[],[],[],"[('流泪', 8.02014466558)]",['流泪'],False,,0.0,0.0,0.0,0.0,0.0,0,"[('流泪', '中性', 0.0, '流泪', [])]",无,无,无,无,无,无,中性,无,无,无
网易云音乐,晚安,1,天真小喵宅,2025-04-22 06:57:59,1359356908,晚安,['晚安'],1,2,0.4150713980197906,正面,[],[],[],[],[],"[('晚安', 11.2616203224)]",['晚安'],False,,0.0,0.0,0.0,0.0,0.0,0,"[('晚安', '中性', 0.0, '晚安', [])]",中性,无,无,无,无,无,无,无,无,无
网易云音乐,祝我成公上岸！加油,1,用户6283474603,2025-04-22 06:38:33,1359356908,祝我成公上岸！加油,"['成公', '上岸', '加油']",3,2,0.393289715051651,正面,"[('！', 'OTHER', 6, 7)]",[],[],[],[],"[('加油', 8.80692745117)]",['加油'],False,,0.0,0.0,0.0,0.0,0.0,0,[],无,无,无,无,无,无,无,无,无,无
网易云音乐,好嘟,1,雨哼,2025-04-22 05:45:57,1359356908,好嘟,['好嘟'],1,2,0.4043361246585846,正面,[],[],[],[],[],[],[],False,,0.0,0.0,0.0,0.0,0.0,0,[],无,无,无,无,无,无,无,无,无,无
网易云音乐,麦门神曲,1,无x极,2025-04-22 03:53:20,1359356908,麦门神曲,"['麦门', '神曲']",2,2,0.4139839112758636,正面,"[('麦门', 'LOCATION', 0, 2)]",[],['麦门'],[],[],"[('麦门', 5.97738375145), ('神曲', 5.1315457461)]","['麦门', '神曲']",False,,0.0,0.0,0.0,0.0,0.0,0,"[('麦门', '中性', 0.0, '麦门神曲', []), ('神曲', '中性', 0.0, '麦门神曲', [])]",无,无,无,无,无,无,无,无,无,无
网易云音乐,我们曾彻夜长谈  如今却没机会道晚安,1,7秒前奏,2025-04-22 03:33:19,1359356908,我们曾彻夜长谈 如今却没机会道晚安,"['我们', '彻夜', '长谈', '如今', '机会', '晚安']",6,1,0.3792907297611236,中性,"[('长谈', 'OTHER', 5, 7), (' ', 'OTHER', 7, 8), ('如今', 'TIME', 8, 10)]",[],[],[],[],"[('晚安', 5.6308101612), ('机会', 2.50872671085)]","['晚安', '机会']",False,,0.0,0.0,0.0,0.0,0.0,0,"[('长谈', '中性', 0.0, '我们曾彻夜长谈 如今却没', []), ('机会', '中性', 0.0, ' 如今却没机会道晚安', []), ('晚安', '中性', 0.0, '却没机会道晚安', [])]",中性,无,无,无,无,无,无,无,无,无
网易云音乐,晚安(¦3[▓▓] ,1,亲爱的嘉诚,2025-04-22 03:19:03,1359356908,晚安,['晚安'],1,2,0.4150713980197906,正面,[],[],[],[],[],"[('晚安', 11.2616203224)]",['晚安'],False,,0.0,0.0,0.0,0.0,0.0,0,"[('晚安', '中性', 0.0, '晚安', [])]",中性,无,无,无,无,无,无,无,无,无
网易云音乐,20号在芜湖亲眼看到颜人中唱给我听哈哈,1,想与你赏夕阳,2025-04-22 03:11:05,1359356908,号在芜湖亲眼看到颜人中唱给我听哈哈,"['芜湖', '亲眼看到', '颜人', '哈哈']",4,2,0.4794658124446869,正面,"[('芜湖', 'LOCATION', 2, 4)]",[],['芜湖'],[],[],"[('颜人', 5.97738375145), ('芜湖', 4.3622639597)]","['颜人', '芜湖']",False,,0.0,0.0,0.0,0.0,0.0,0,"[('芜湖', '中性', 0.0, '号在芜湖亲眼看到颜', []), ('亲眼看到', '中性', 0.0, '号在芜湖亲眼看到颜人中唱给', []), ('颜人', '中性', 0.0, '湖亲眼看到颜人中唱给我听', [])]",无,无,无,无,无,无,无,无,无,无
网易云音乐,好烦,1,还我漂漂拳778,2025-04-22 03:05:35,1359356908,好烦,['好烦'],1,1,0.3842816650867462,中性,[],[],[],[],[],[],[],False,,0.0,0.0,0.0,0.0,0.0,0,[],无,无,无,无,无,无,无,无,无,无
网易云音乐,晚安宝宝,1,网虹琪弟,2025-04-22 02:14:34,1359356908,晚安宝宝,"['晚安', '宝宝']",2,1,0.4704072177410126,中性,"[('宝宝', 'PERSON', 2, 4)]",['宝宝'],[],[],[],"[('晚安', 11.2616203224)]",['晚安'],False,,0.0,0.0,0.0,0.0,0.0,0,"[('晚安', '中性', 0.0, '晚安宝宝', []), ('宝宝', '中性', 0.0, '晚安宝宝', [])]",中性,无,无,无,无,无,无,无,无,无
网易云音乐,我赞同你的暧昧因为他确实比我好。,1,初见_WVbZ,2025-04-22 02:10:39,1359356908,我赞同你的暧昧因为他确实比我好。,"['赞同', '暧昧', '因为', '确实']",4,2,0.4395415484905243,正面,"[('。', 'OTHER', 15, 16)]",[],[],[],[],"[('赞同', 7.68407155089)]",['赞同'],False,,0.0,0.0,0.0,0.0,0.0,0,[],无,无,无,无,无,无,无,无,无,无
网易云音乐,晚安sjf,1,轩_1222,2025-04-22 02:10:26,1359356908,晚安sjf,"['晚安', 'sjf']",2,1,0.4240344762802124,中性,[],[],[],[],[],"[('晚安', 11.2616203224)]",['晚安'],False,,0.0,0.0,0.0,0.0,0.0,0,"[('晚安', '中性', 0.0, '晚安sjf', [])]",中性,无,无,无,无,无,无,无,无,无
网易云音乐,晚安。,1,小叹句,2025-04-22 01:46:50,1359356908,晚安。,['晚安'],1,1,0.3750616312026977,中性,"[('。', 'OTHER', 2, 3)]",[],[],[],[],"[('晚安', 11.2616203224)]",['晚安'],False,,0.0,0.0,0.0,0.0,0.0,0,"[('晚安', '中性', 0.0, '晚安。', [])]",中性,无,无,无,无,无,无,无,无,无
网易云音乐,感谢,1,晏初晨,2025-04-22 01:38:26,1359356908,感谢,['感谢'],1,1,0.3856169879436493,中性,[],[],[],[],[],"[('感谢', 7.49214886092)]",['感谢'],False,,0.0,0.0,0.0,0.0,0.0,0,[],无,无,无,无,无,无,无,无,无,无
网易云音乐,来啊,1,囍你于怀,2025-04-22 01:18:52,1359356908,来啊,[],0,2,0.3896038830280304,正面,[],[],[],[],[],[],[],False,,0.0,0.0,0.0,0.0,0.0,0,[],无,无,无,无,无,无,无,无,无,无
网易云音乐,外面下雨了，特别想戴耳机来听这首歌，思绪拉回到2019年⛈️,1,Jenny____________,2025-04-22 01:15:46,1359356908,外面下雨了，特别想戴耳机来听这首歌，思绪拉回到年,"['外面', '下雨', '特别', '耳机', '首歌', '思绪', '回到']",7,2,0.4667414724826813,正面,"[('，', 'OTHER', 5, 6), ('，', 'MUSIC', 17, 18)]",[],[],[],[],"[('首歌', 2.14452476432), ('耳机', 1.8779636290919999), ('思绪', 1.743778820336), ('下雨', 1.690788056062), ('回到', 1.076616908108)]","['首歌', '耳机', '思绪', '下雨', '回到']",False,,0.0,0.0,0.0,0.0,0.0,0,"[('耳机', '中性', 0.0, '，特别想戴耳机来听这首歌', []), ('首歌', '中性', 0.0, '耳机来听这首歌，思绪拉回', []), ('思绪', '中性', 0.0, '听这首歌，思绪拉回到年', [])]",无,无,无,无,无,无,无,中性,无,无
网易云音乐,一个人怎么可以同时分心和很多人聊天呢,1,冬青望春寒,2025-04-22 01:12:57,1359356908,一个人怎么可以同时分心和很多人聊天呢,"['怎么', '同时', '分心', '很多', '聊天']",5,2,0.4290880560874939,正面,"[('聊天', 'OTHER', 15, 17)]",[],[],[],[],"[('分心', 10.0088573539)]",['分心'],False,,0.0,0.0,0.0,0.0,0.0,0,"[('聊天', '中性', 0.0, '心和很多人聊天呢', [])]",无,无,无,无,无,无,无,无,无,无
网易云音乐,我现在其实很不开心😠 希望明天就能开心啦,1,孤独不终老l,2025-04-22 00:50:26,1359356908,我现在其实很不开心 希望明天就能开心啦,"['现在', '开心', '希望', '明天', '开心']",5,2,0.4567367434501648,正面,"[('现在', 'TIME', 1, 3), (' ', 'OTHER', 9, 10), ('明天', 'TIME', 12, 14)]",[],[],[],[],"[('开心', 5.421571104120001), ('希望', 1.7351127583933332)]","['开心', '希望']",False,,0.0,0.0,0.0,0.0,0.0,0,[],无,无,无,无,无,无,无,无,无,无
网易云音乐,晚安,1,我为绿色代盐,2025-04-22 00:46:24,1359356908,晚安,['晚安'],1,2,0.4150713980197906,正面,[],[],[],[],[],"[('晚安', 11.2616203224)]",['晚安'],False,,0.0,0.0,0.0,0.0,0.0,0,"[('晚安', '中性', 0.0, '晚安', [])]",中性,无,无,无,无,无,无,无,无,无
网易云音乐,晚安,1,想你每一粥_HH,2025-04-22 00:45:17,1359356908,晚安,['晚安'],1,2,0.4150713980197906,正面,[],[],[],[],[],"[('晚安', 11.2616203224)]",['晚安'],False,,0.0,0.0,0.0,0.0,0.0,0,"[('晚安', '中性', 0.0, '晚安', [])]",中性,无,无,无,无,无,无,无,无,无
网易云音乐,我现在其实很不开心😠 希望明天就能开心啦,1,孤独不终老l,2025-04-22 00:43:56,1359356908,我现在其实很不开心 希望明天就能开心啦,"['现在', '开心', '希望', '明天', '开心']",5,2,0.4567367434501648,正面,"[('现在', 'TIME', 1, 3), (' ', 'OTHER', 9, 10), ('明天', 'TIME', 12, 14)]",[],[],[],[],"[('开心', 5.421571104120001), ('希望', 1.7351127583933332)]","['开心', '希望']",False,,0.0,0.0,0.0,0.0,0.0,0,[],无,无,无,无,无,无,无,无,无,无
网易云音乐,可以去我歌单里留评论吗,1,寒秋时逢,2025-04-22 00:38:06,1359356908,可以去我歌单里留评论吗,"['歌单', '评论']",2,2,0.5214457511901855,正面,[],[],[],[],[],"[('歌单', 6.25719164545), ('评论', 3.388502433385)]","['歌单', '评论']",False,,0.0,0.0,0.0,0.0,0.0,0,"[('歌单', '中性', 0.0, '可以去我歌单里留评论吗', []), ('评论', '中性', 0.0, '我歌单里留评论吗', [])]",无,无,无,无,无,无,无,无,无,无
网易云音乐, 晚安,1,小_爱神,2025-04-22 00:22:04,1359356908,晚安,['晚安'],1,2,0.4150713980197906,正面,[],[],[],[],[],"[('晚安', 11.2616203224)]",['晚安'],False,,0.0,0.0,0.0,0.0,0.0,0,"[('晚安', '中性', 0.0, '晚安', [])]",中性,无,无,无,无,无,无,无,无,无
网易云音乐,晚安是我们都没有说出口的情话 我补不上了,1,逆转时空的爱,2025-04-22 00:10:47,1359356908,晚安是我们都没有说出口的情话 我补不上了,"['晚安', '我们', '出口', '情话', '补不上']",5,2,0.4535823464393616,正面,"[(' ', 'OTHER', 14, 15)]",[],[],[],[],"[('补不上', 2.39095350058), ('晚安', 2.25232406448), ('情话', 2.1530366871999997), ('出口', 1.0856963652979998), ('没有', 0.6225647130299999)]","['补不上', '晚安', '情话', '出口', '没有']",False,,0.0,0.0,0.0,0.0,0.0,0,"[('晚安', '中性', 0.0, '晚安是我们都没', []), ('情话', '中性', 0.0, '有说出口的情话 我补不上', [])]",中性,无,无,无,无,无,无,无,无,无
网易云音乐,晚安,1,熊熊无语住了,2025-04-22 00:08:29,1359356908,晚安,['晚安'],1,2,0.4150713980197906,正面,[],[],[],[],[],"[('晚安', 11.2616203224)]",['晚安'],False,,0.0,0.0,0.0,0.0,0.0,0,"[('晚安', '中性', 0.0, '晚安', [])]",中性,无,无,无,无,无,无,无,无,无
网易云音乐,现在这个点我不开心，我没有收到晚安，但想对所有陌生人说：“晚安”,1,一一梦晴天,2025-04-22 00:07:37,1359356908,现在这个点我不开心，我没有收到晚安，但想对所有陌生人说：晚安,"['现在', '这个', '开心', '收到', '晚安', '所有', '陌生人', '晚安']",8,2,0.4515731036663055,正面,"[('现在', 'TIME', 0, 2), ('，', 'OTHER', 9, 10), ('，', 'OTHER', 17, 18), ('：', 'OTHER', 27, 28)]",[],[],[],[],"[('晚安', 3.7538734408), ('陌生人', 1.4617964895083333), ('开心', 1.3553927760300002), ('收到', 1.1132620922983334), ('没有', 0.5188039275249999)]","['晚安', '陌生人', '开心', '收到', '没有']",False,,0.0,0.0,0.0,0.0,0.0,0,"[('晚安', '中性', 0.0, '我没有收到晚安，但想对所', []), ('陌生人', '中性', 0.0, '但想对所有陌生人说：晚安', []), ('晚安', '中性', 0.0, '我没有收到晚安，但想对所', [])]",中性,无,无,无,无,无,无,无,无,无
网易云音乐,高考加油,1,眷饵,2025-04-22 00:05:00,1359356908,高考加油,"['高考', '加油']",2,1,0.466469258069992,中性,[],[],[],[],[],"[('加油', 4.403463725585), ('高考', 4.24451580006)]","['加油', '高考']",False,,0.0,0.0,0.0,0.0,0.0,0,[],无,无,无,无,无,无,无,无,无,无
网易云音乐,晚安💤,1,竹清清_,2025-04-21 23:59:43,1359356908,晚安,['晚安'],1,2,0.4150713980197906,正面,[],[],[],[],[],"[('晚安', 11.2616203224)]",['晚安'],False,,0.0,0.0,0.0,0.0,0.0,0,"[('晚安', '中性', 0.0, '晚安', [])]",中性,无,无,无,无,无,无,无,无,无
网易云音乐,加油,1,微冻芒果,2025-04-21 23:58:51,1359356908,加油,['加油'],1,1,0.3995487689971924,中性,[],[],[],[],[],"[('加油', 8.80692745117)]",['加油'],False,,0.0,0.0,0.0,0.0,0.0,0,[],无,无,无,无,无,无,无,无,无,无
网易云音乐,唉,1,微冻芒果,2025-04-21 23:57:47,1359356908,唉,[],0,2,0.3892130553722381,正面,[],[],[],[],[],[],[],False,,0.0,0.0,0.0,0.0,0.0,0,[],无,无,无,无,无,无,无,无,无,无
网易云音乐,还有46天高考了，好焦虑啊，感觉什么也学不会，陌生人你可以给我加油吗,1,小乖想你la,2025-04-21 23:56:20,1359356908,还有天高考了，好焦虑啊，感觉什么也学不会，陌生人你可以给我加油吗,"['高考', '焦虑', '感觉', '不会', '陌生人', '加油']",6,2,0.441202312707901,正面,"[('，', 'OTHER', 6, 7), ('，', 'OTHER', 11, 12), ('，', 'OTHER', 20, 21)]",[],[],[],[],"[('加油', 1.4678212418616667), ('陌生人', 1.4617964895083333), ('高考', 1.4148386000200002), ('感觉', 0.9402463815516667), ('不会', 0.7352868632599999), ('还有', 0.6712748844866666)]","['加油', '陌生人', '高考', '感觉', '不会', '还有']",False,,0.0,0.0,0.0,0.0,0.0,0,"[('感觉', '正面', 0.3333333333333333, '好焦虑啊，感觉什么也学不', [('好', 1.0)]), ('陌生人', '中性', 0.0, '也学不会，陌生人你可以给我', [])]",无,无,无,无,无,正面,无,无,无,无
网易云音乐,祝每个不真诚的人永远烂在新鲜感循环的臭泥潭,1,你头好圆啊,2025-04-21 23:48:12,1359356908,祝每个不真诚的人永远烂在新鲜感循环的臭泥潭,"['每个', '真诚', '永远', '新鲜感', '循环', '泥潭']",6,2,0.4349569678306579,正面,[],[],[],[],[],"[('新鲜感', 3.4783139164), ('泥潭', 3.2977814889133334), ('循环', 2.22823421644)]","['新鲜感', '泥潭', '循环']",False,,0.0,0.0,0.0,0.0,0.0,0,"[('新鲜感', '中性', 0.0, '人永远烂在新鲜感循环的臭泥', []), ('泥潭', '中性', 0.0, '感循环的臭泥潭', [])]",无,无,无,无,无,无,无,无,无,无
网易云音乐,在一段感情里 每当我开始为爱发疯的时候 我就知道这个人已经不爱我了,1,愿你开心哟,2025-04-21 23:47:53,1359356908,在一段感情里 每当我开始为爱发疯的时候 我就知道这个人已经不爱我了,"['一段', '感情', '每当', '开始', '发疯', '时候', '知道', '这个', '已经', '不爱']",10,2,0.5234787464141846,正面,"[(' ', 'OTHER', 6, 7), (' ', 'OTHER', 19, 20)]",[],[],[],[],"[('发疯', 1.7613854902340003), ('感情', 1.27511538117), ('时候', 0.857749266688), ('知道', 0.794821708), ('开始', 0.769005421608)]","['发疯', '感情', '时候', '知道', '开始']",False,,0.0,0.0,0.0,0.0,0.0,0,"[('感情', '中性', 0.0, '在一段感情里 每当我', []), ('时候', '中性', 0.0, '为爱发疯的时候 我就知道', [])]",无,中性,无,无,无,无,无,无,无,无
网易云音乐,晚安啦 祝好梦陌生人,1,困兽_en,2025-04-21 23:47:13,1359356908,晚安啦 祝好梦陌生人,"['晚安', '祝好', '陌生人']",3,2,0.4345011711120605,正面,"[(' ', 'OTHER', 3, 4)]",[],[],[],[],"[('晚安', 5.6308101612), ('陌生人', 4.385389468525)]","['晚安', '陌生人']",False,,0.0,0.0,0.0,0.0,0.0,0,"[('晚安', '中性', 0.0, '晚安啦 祝好梦', []), ('陌生人', '中性', 0.0, '啦 祝好梦陌生人', [])]",中性,无,无,无,无,无,无,无,无,无
网易云音乐,晚安啦King婷！,1,BHWBH,2025-04-21 23:40:08,1359356908,晚安啦King婷！,"['晚安', 'King']",2,2,0.4021842181682586,正面,"[('婷', 'OTHER', 7, 8), ('！', 'OTHER', 8, 9)]",[],[],[],[],"[('晚安', 11.2616203224)]",['晚安'],False,,0.0,0.0,0.0,0.0,0.0,0,"[('晚安', '中性', 0.0, '晚安啦King', [])]",中性,无,无,无,无,无,无,无,无,无
网易云音乐,晚安,1,所谓小小小,2025-04-21 23:38:34,1359356908,晚安,['晚安'],1,2,0.4150713980197906,正面,[],[],[],[],[],"[('晚安', 11.2616203224)]",['晚安'],False,,0.0,0.0,0.0,0.0,0.0,0,"[('晚安', '中性', 0.0, '晚安', [])]",中性,无,无,无,无,无,无,无,无,无
网易云音乐,这,1,DfovikZ77,2025-04-21 23:38:07,1359356908,这,[],0,1,0.394278734922409,中性,[],[],[],[],[],[],[],False,,0.0,0.0,0.0,0.0,0.0,0,[],无,无,无,无,无,无,无,无,无,无
网易云音乐,豪庭,1,袅烟云雾里,2025-04-21 23:32:26,1359356908,豪庭,['豪庭'],1,2,0.4201066792011261,正面,[],[],[],[],[],"[('豪庭', 11.9547675029)]",['豪庭'],False,,0.0,0.0,0.0,0.0,0.0,0,"[('豪庭', '中性', 0.0, '豪庭', [])]",无,无,无,无,无,无,无,无,无,无
网易云音乐,天天开心 上岸 晚安,1,难求片刻幸福-,2025-04-21 23:29:51,1359356908,天天开心 上岸 晚安,"['天天开心', '上岸', '晚安']",3,1,0.4433856308460235,中性,"[(' ', 'OTHER', 4, 5), (' ', 'OTHER', 7, 8)]",[],[],[],[],"[('晚安', 11.2616203224)]",['晚安'],False,,0.0,0.0,0.0,0.0,0.0,0,"[('晚安', '中性', 0.0, '心 上岸 晚安', [])]",中性,无,无,无,无,无,无,无,无,无
网易云音乐,人和人之间建立关系要用很多日夜 而归零只是一瞬间,1,tangshiyyy,2025-04-21 23:29:46,1359356908,人和人之间建立关系要用很多日夜 而归零只是一瞬间,"['之间', '建立', '关系', '很多', '日夜', '归零', '一瞬间']",7,2,0.4598805904388428,正面,"[('日夜', 'TIME', 13, 15), (' ', 'OTHER', 15, 16)]",[],[],[],[],"[('归零', 3.6520795576), ('关系', 1.5785146242800001), ('建立', 1.5405192548666669)]","['归零', '关系', '建立']",False,,0.0,0.0,0.0,0.0,0.0,0,"[('关系', '中性', 0.0, '人之间建立关系要用很多日', [])]",无,无,无,无,无,无,无,无,无,无
网易云音乐,来,1,思念成困意,2025-04-21 23:27:35,1359356908,来,[],0,2,0.3546566665172577,正面,[],[],[],[],[],[],[],False,,0.0,0.0,0.0,0.0,0.0,0,[],无,无,无,无,无,无,无,无,无,无
网易云音乐,@小耶爱吃小花卷 小狗小狗，平时都没什么时间和你多讲讲话欸，嗯…我想了半天，想把今天看到的所有好风景和开心的事情都揉进我的一句晚安里。小狗晚安啦～[多多可怜][多多比耶],1,小卷爱吃小花卷,2025-04-21 23:26:58,1359356908,小耶爱吃小花卷 小狗小狗，平时都没什么时间和你多讲讲话欸，嗯我想了半天，想把今天看到的所有好风景和开心的事情都揉进我的一句晚安里。小狗晚安啦～多多可怜多多比耶,"['小耶爱', '花卷', '小狗', '小狗', '平时', '没什么', '时间', '讲话', '半天', '今天', '看到', '所有', '风景', '开心', '事情', '一句', '晚安', '小狗', '晚安', '多多', '可怜', '多多', '比耶']",23,2,0.5723655819892883,正面,"[('小耶爱', 'PERSON', 0, 3), (' ', 'OTHER', 7, 8), ('小狗', 'PERSON', 8, 10), ('小狗', 'PERSON', 10, 12), ('，', 'OTHER', 12, 13), ('平时', 'TIME', 13, 15), ('，', 'OTHER', 28, 29), ('，', 'OTHER', 35, 36), ('今天', 'TIME', 38, 40), ('。', 'OTHER', 64, 65), ('小狗', 'PERSON', 65, 67), ('～', 'OTHER', 70, 71), ('耶', 'PERSON', 78, 79)]","['小耶爱', '小狗', '小狗', '小狗', '耶']",[],[],[],"[('晚安', 2.25232406448), ('花卷', 1.1502782379199998), ('开心', 0.8132356656180001), ('风景', 0.7607258373129999), ('讲话', 0.714374526273), ('可怜', 0.690308166899), ('事情', 0.490514070704), ('看到', 0.486480972185), ('时间', 0.40795396324600003)]","['晚安', '花卷', '开心', '风景', '讲话', '可怜', '事情', '看到', '时间']",False,,0.0,0.0,0.0,0.0,0.0,0,"[('小耶爱', '中性', 0.0, '小耶爱吃小花卷 ', []), ('花卷', '中性', 0.0, '小耶爱吃小花卷 小狗小狗', []), ('小狗', '中性', 0.0, '吃小花卷 小狗小狗，平时', []), ('小狗', '中性', 0.0, '吃小花卷 小狗小狗，平时', []), ('没什么', '中性', 0.0, '狗，平时都没什么时间和你多', []), ('时间', '中性', 0.0, '时都没什么时间和你多讲讲', []), ('讲话', '中性', 0.0, '间和你多讲讲话欸，嗯我想', []), ('风景', '正面', 0.3333333333333333, '到的所有好风景和开心的事', [('好', 1.0)]), ('事情', '中性', 0.0, '景和开心的事情都揉进我的', []), ('晚安', '中性', 0.0, '进我的一句晚安里。小狗晚', []), ('小狗', '中性', 0.0, '吃小花卷 小狗小狗，平时', []), ('晚安', '中性', 0.0, '进我的一句晚安里。小狗晚', [])]",中性,无,无,无,无,无,无,无,无,无
网易云音乐,加油  我也准备考警校,1,安什麼欣,2025-04-21 23:21:28,1359356908,加油 我也准备考警校,"['加油', '准备考', '警校']",3,2,0.4741486310958862,正面,"[(' ', 'OTHER', 2, 3)]",[],[],[],[],"[('准备考', 4.402510157133333), ('警校', 4.171461096966667), ('加油', 2.9356424837233335)]","['准备考', '警校', '加油']",False,,0.0,0.0,0.0,0.0,0.0,0,"[('准备考', '中性', 0.0, '加油 我也准备考警校', []), ('警校', '中性', 0.0, '我也准备考警校', [])]",无,无,无,无,无,无,无,无,无,无
网易云音乐,晚安,1,泪痛苦楚,2025-04-21 23:19:42,1359356908,晚安,['晚安'],1,2,0.4150713980197906,正面,[],[],[],[],[],"[('晚安', 11.2616203224)]",['晚安'],False,,0.0,0.0,0.0,0.0,0.0,0,"[('晚安', '中性', 0.0, '晚安', [])]",中性,无,无,无,无,无,无,无,无,无
网易云音乐,好好生活 早睡 晚安,1,乖涉,2025-04-21 23:16:36,1359356908,好好生活 早睡 晚安,"['好好', '生活', '早睡', '晚安']",4,1,0.4484676122665405,中性,"[(' ', 'OTHER', 4, 5), (' ', 'OTHER', 7, 8)]",[],[],[],[],"[('晚安', 3.7538734408), ('早睡', 3.6520795576), ('生活', 1.5446208110233333)]","['晚安', '早睡', '生活']",False,,0.0,0.0,0.0,0.0,0.0,0,"[('晚安', '中性', 0.0, '活 早睡 晚安', [])]",中性,无,无,无,无,无,无,无,无,无
网易云音乐,我知道再怎么亲密  大家都有各自的生活 绝对不可能把谁变成自己的私人物品 但偶尔就是会有这种想法 然后觉得有点落寞,1,想和属于自己的小猫安眠,2025-04-21 23:15:52,1359356908,我知道再怎么亲密 大家都有各自的生活 绝对不可能把谁变成自己的私人物品 但偶尔就是会有这种想法 然后觉得有点落寞,"['知道', '怎么', '亲密', '大家', '各自', '生活', '绝对', '可能', '变成', '私人物品', '偶尔', '这种', '想法', '然后', '觉得', '有点', '落寞']",17,2,0.5133709907531738,正面,"[(' ', 'OTHER', 8, 9), (' ', 'OTHER', 18, 19), (' ', 'OTHER', 35, 36), (' ', 'OTHER', 47, 48)]",[],[],[],[],"[('私人物品', 1.4224517070333333), ('想法', 0.7374052787866667), ('变成', 0.6360317839266667), ('有点', 0.6220457619), ('大家', 0.54127772323), ('觉得', 0.5365455477622222), ('生活', 0.5148736036744445), ('知道', 0.44156761555555557), ('可能', 0.41644755397)]","['私人物品', '想法', '变成', '有点', '大家', '觉得', '生活', '知道', '可能']",False,,0.0,0.0,0.0,0.0,0.0,0,"[('大家', '中性', 0.0, '怎么亲密 大家都有各自的', []), ('私人物品', '中性', 0.0, '变成自己的私人物品 但偶尔就', []), ('有点', '中性', 0.0, ' 然后觉得有点落寞', [])]",无,无,无,无,无,无,无,无,无,无
网易云音乐,晚安   欧丽娟老师讲“爱不是一种很强烈的感觉，而是一种意志”，我从来不以为然。直到遇见你，我告诉自己不要对你说“我爱你”，而是要把爱你变成一种意志，包括流着泪在这里写这些话。我会努力的！如果不能强烈、迅速地爱你，那就来个长久陪伴、最长情的告白。,1,z_zzz7,2025-04-21 23:14:53,1359356908,晚安 欧丽娟老师讲爱不是一种很强烈的感觉，而是一种意志，我从来不以为然。直到遇见你，我告诉自己不要对你说我爱你，而是要把爱你变成一种意志，包括流着泪在这里写这些话。我会努力的！如果不能强烈、迅速地爱你，那就来个长久陪伴、最长情的告白。,"['晚安', '欧丽娟', '老师', '讲爱', '不是', '一种', '强烈', '感觉', '而是', '一种', '意志', '从来', '不以为然', '直到', '遇见', '告诉', '不要', '我爱你', '而是', '变成', '一种', '意志', '包括', '流着泪', '这里', '这些', '我会', '努力', '不能', '强烈', '迅速', '地爱', '长久', '陪伴', '最长', '告白']",36,2,0.4185278117656708,正面,"[(' ', 'OTHER', 2, 3), ('，', 'OTHER', 20, 21), ('，', 'OTHER', 27, 28), ('。', 'OTHER', 35, 36), ('，', 'OTHER', 41, 42), ('，', 'OTHER', 55, 56), ('，', 'OTHER', 68, 69), ('。', 'OTHER', 81, 82), ('！', 'OTHER', 87, 88), ('、', 'OTHER', 94, 95), ('，', 'OTHER', 100, 101), ('、', 'OTHER', 109, 110), ('。', 'OTHER', 116, 117)]",[],[],[],[],"[('意志', 1.0620761325342858), ('告白', 0.8649227273357143), ('晚安', 0.8044014516000001), ('陪伴', 0.6317451319021429), ('遇见', 0.5581359232185714), ('我会', 0.5243616010342856), ('老师', 0.4552444094714286), ('变成', 0.4088775753814286), ('直到', 0.4055802866842857), ('感觉', 0.4029627349507143), ('告诉', 0.358578009205), ('包括', 0.30168940351642853), ('不能', 0.28501177389285715)]","['意志', '告白', '晚安', '陪伴', '遇见', '我会', '老师', '变成', '直到', '感觉', '告诉', '包括', '不能']",True,晚安 欧丽娟老师讲爱不是一种很强烈的感觉，而是一种意志，我从来不以为然。直到遇见你，我告诉自己不要对你说我爱你，而是要把爱你变成一种意志，包括流着泪在这里写这些话。我会努力的。,0.0,0.0,0.0,0.0,0.0,0,"[('晚安', '中性', 0.0, '晚安 欧丽娟老', []), ('欧丽娟', '中性', 0.0, '晚安 欧丽娟老师讲爱不', []), ('老师', '中性', 0.0, '安 欧丽娟老师讲爱不是一', []), ('感觉', '正面', 0.3333333333333333, '种很强烈的感觉，而是一种', [('强烈', 1.0)]), ('意志', '中性', 0.0, '，而是一种意志，我从来不', []), ('我爱你', '中性', 0.0, '不要对你说我爱你，而是要把', []), ('意志', '中性', 0.0, '，而是一种意志，我从来不', []), ('流着泪', '中性', 0.0, '意志，包括流着泪在这里写这', []), ('我会', '中性', 0.0, '写这些话。我会努力的！如', []), ('陪伴', '中性', 0.0, '就来个长久陪伴、最长情的', [])]",中性,无,无,无,中性,正面,无,无,中性,无
网易云音乐,@媛是我的一切 晚安,1,可我不善言表,2025-04-21 23:13:16,1359356908,媛是我的一切 晚安,"['一切', '晚安']",2,2,0.448348194360733,正面,"[('媛', 'OTHER', 0, 1), (' ', 'OTHER', 6, 7)]",[],[],[],[],"[('晚安', 11.2616203224)]",['晚安'],False,,0.0,0.0,0.0,0.0,0.0,0,"[('晚安', '中性', 0.0, '我的一切 晚安', [])]",中性,无,无,无,无,无,无,无,无,无
网易云音乐,这里,1,不吃米龟的小何,2025-04-21 23:07:16,1359356908,这里,['这里'],1,2,0.4118743240833282,正面,[],[],[],[],[],[],[],False,,0.0,0.0,0.0,0.0,0.0,0,[],无,无,无,无,无,无,无,无,无,无
网易云音乐,晚安宝宝🥱,1,-奕只小小哼-,2025-04-21 22:57:59,1359356908,晚安宝宝,"['晚安', '宝宝']",2,1,0.4704072177410126,中性,"[('宝宝', 'PERSON', 2, 4)]",['宝宝'],[],[],[],"[('晚安', 11.2616203224)]",['晚安'],False,,0.0,0.0,0.0,0.0,0.0,0,"[('晚安', '中性', 0.0, '晚安宝宝', []), ('宝宝', '中性', 0.0, '晚安宝宝', [])]",中性,无,无,无,无,无,无,无,无,无
网易云音乐,天天开心,1,唉声连连,2025-04-21 22:48:28,1359356908,天天开心,['天天开心'],1,1,0.466487318277359,中性,[],[],[],[],[],[],[],False,,0.0,0.0,0.0,0.0,0.0,0,[],无,无,无,无,无,无,无,无,无,无
网易云音乐,晚安 已经再也没有我的晚安了,1,幻瘾雨季,2025-04-21 22:47:21,1359356908,晚安 已经再也没有我的晚安了,"['晚安', '已经', '再也', '晚安']",4,2,0.4002788960933685,正面,"[(' ', 'OTHER', 2, 3)]",[],[],[],[],"[('晚安', 7.5077468816), ('没有', 1.0376078550499999)]","['晚安', '没有']",False,,0.0,0.0,0.0,0.0,0.0,0,"[('晚安', '中性', 0.0, '晚安 已经再也', []), ('晚安', '中性', 0.0, '晚安 已经再也', [])]",中性,无,无,无,无,无,无,无,无,无
网易云音乐,好好生活 晚安,1,memories_GuLB,2025-04-21 22:46:03,1359356908,好好生活 晚安,"['好好', '生活', '晚安']",3,1,0.4460978507995605,中性,"[(' ', 'OTHER', 4, 5)]",[],[],[],[],"[('晚安', 5.6308101612), ('生活', 2.316931216535)]","['晚安', '生活']",False,,0.0,0.0,0.0,0.0,0.0,0,"[('晚安', '中性', 0.0, '好好生活 晚安', [])]",中性,无,无,无,无,无,无,无,无,无
网易云音乐,😴,1,Yiiiz3,2025-04-21 22:43:15,1359356908,,[],0,0,0.0,负面,[],[],[],[],[],[],[],False,,0.0,0.0,0.0,0.0,0.0,0,[],无,无,无,无,无,无,无,无,无,无
网易云音乐,今天比昨天更喜欢你,1,Alzq07,2025-04-21 22:36:50,1359356908,今天比昨天更喜欢你,"['今天', '昨天', '喜欢']",3,2,0.4434696435928345,正面,"[('今天', 'TIME', 0, 2), ('昨天', 'TIME', 3, 5)]",[],[],[],[],"[('喜欢', 5.70258840302)]",['喜欢'],False,,0.0,0.0,0.0,0.0,0.0,0,[],无,无,无,无,无,无,无,无,无,无
网易云音乐,今天的你还在为情所困吗,1,Alzq07,2025-04-21 22:36:30,1359356908,今天的你还在为情所困吗,"['今天', '为情所困']",2,2,0.3651409447193146,正面,"[('今天', 'TIME', 0, 2)]",[],[],[],[],[],[],False,,0.0,0.0,0.0,0.0,0.0,0,[],无,无,无,无,无,无,无,无,无,无
网易云音乐,期中考试加油，祝你也祝我,1,Alzq07,2025-04-21 22:36:12,1359356908,期中考试加油，祝你也祝我,"['期中考试', '加油']",2,2,0.409324586391449,正面,"[('，', 'OTHER', 6, 7)]",[],[],[],[],"[('加油', 8.80692745117)]",['加油'],False,,0.0,0.0,0.0,0.0,0.0,0,[],无,无,无,无,无,无,无,无,无,无
网易云音乐,我最不后悔的就是遇见你,1,Alzq07,2025-04-21 22:35:58,1359356908,我最不后悔的就是遇见你,"['后悔', '遇见']",2,1,0.3828703165054321,中性,[],[],[],[],[],"[('遇见', 3.90695146253), ('后悔', 3.660713219985)]","['遇见', '后悔']",False,,0.0,0.0,0.0,0.0,0.0,0,[],无,无,无,无,无,无,无,无,无,无
网易云音乐,我爱你，永远……,1,Alzq07,2025-04-21 22:35:47,1359356908,我爱你，永远,"['我爱你', '永远']",2,2,0.3584336042404175,正面,"[('，', 'OTHER', 3, 4)]",[],[],[],[],[],[],False,,0.0,0.0,0.0,0.0,0.0,0,"[('我爱你', '中性', 0.0, '我爱你，永远', [])]",无,无,无,无,无,无,无,无,中性,无
网易云音乐,学会释怀是一辈子的必修课,1,Alzq07,2025-04-21 22:35:38,1359356908,学会释怀是一辈子的必修课,"['学会', '释怀', '一辈子', '必修课']",4,1,0.4048060476779938,中性,"[('释怀', 'PERSON', 2, 4)]",['释怀'],[],[],[],"[('必修课', 5.4781193364), ('学会', 3.37538040792)]","['必修课', '学会']",False,,0.0,0.0,0.0,0.0,0.0,0,"[('学会', '中性', 0.0, '学会释怀是一辈', []), ('释怀', '中性', 0.0, '学会释怀是一辈子的', []), ('必修课', '中性', 0.0, '是一辈子的必修课', [])]",无,无,无,无,无,无,无,无,无,无
网易云音乐,喜欢你好像是上辈子的事,1,Alzq07,2025-04-21 22:35:26,1359356908,喜欢你好像是上辈子的事,"['喜欢', '好像', '上辈子']",3,2,0.4372400641441345,正面,[],[],[],[],[],"[('喜欢', 2.85129420151), ('好像', 2.808465452435)]","['喜欢', '好像']",False,,0.0,0.0,0.0,0.0,0.0,0,"[('上辈子', '中性', 0.0, '欢你好像是上辈子的事', [])]",无,无,无,无,无,无,无,无,无,无
网易云音乐,我爱的歌我反复听，我爱的人我反复爱,1,Alzq07,2025-04-21 22:35:01,1359356908,我爱的歌我反复听，我爱的人我反复爱,"['反复', '反复']",2,2,0.3926651775836944,正面,"[('，', 'MUSIC', 8, 9)]",[],[],[],[],"[('反复', 6.24860690586)]",['反复'],False,,0.0,0.0,0.0,0.0,0.0,0,[],无,无,无,无,无,无,无,无,无,无
网易云音乐,在这儿,1,大不列颠张学友,2025-04-21 22:28:58,1359356908,在这儿,['这儿'],1,2,0.3915238380432129,正面,[],[],[],[],[],[],[],False,,0.0,0.0,0.0,0.0,0.0,0,[],无,无,无,无,无,无,无,无,无,无
网易云音乐,我好想她,1,冬檡月,2025-04-21 22:23:50,1359356908,我好想她,[],0,2,0.4144357144832611,正面,[],[],[],[],[],[],[],False,,0.0,0.0,0.0,0.0,0.0,0,[],无,无,无,无,无,无,无,无,无,无
网易云音乐,何必拿真心与寂寞去纠缠,1,好困呐311,2025-04-21 22:23:31,1359356908,何必拿真心与寂寞去纠缠,"['何必', '真心', '寂寞', '纠缠']",4,1,0.4219964742660522,中性,[],[],[],[],[],"[('纠缠', 8.17382990439)]",['纠缠'],False,,0.0,0.0,0.0,0.0,0.0,0,[],无,无,无,无,无,无,无,无,无,无
网易云音乐,这里[可爱],1,Iwantyourlove-,2025-04-21 22:19:24,1359356908,这里可爱,"['这里', '可爱']",2,2,0.438357949256897,正面,[],[],[],[],[],"[('可爱', 7.61841090508)]",['可爱'],False,,0.0,0.0,0.0,0.0,0.0,0,[],无,无,无,无,无,无,无,无,无,无
网易云音乐,晚安.,1,忆江-y,2025-04-21 22:08:02,1359356908,晚安,['晚安'],1,2,0.4150713980197906,正面,[],[],[],[],[],"[('晚安', 11.2616203224)]",['晚安'],False,,0.0,0.0,0.0,0.0,0.0,0,"[('晚安', '中性', 0.0, '晚安', [])]",中性,无,无,无,无,无,无,无,无,无
网易云音乐,互赞笔记,1,痛忯,2025-04-21 22:06:18,1359356908,互赞笔记,"['互赞', '笔记']",2,2,0.4448273181915283,正面,[],[],[],[],[],"[('互赞', 5.97738375145), ('笔记', 4.24007132635)]","['互赞', '笔记']",False,,0.0,0.0,0.0,0.0,0.0,0,"[('笔记', '中性', 0.0, '互赞笔记', [])]",无,无,无,无,无,无,无,无,无,无
网易云音乐,你换掉了常用的头像 我截图的所有美好都对不上号了,1,nozzlem,2025-04-21 22:03:10,1359356908,你换掉了常用的头像 我截图的所有美好都对不上号了,"['换掉', '常用', '头像', '截图', '所有', '美好', '对不上']",7,2,0.4011192917823791,正面,"[(' ', 'OTHER', 9, 10)]",[],[],[],[],"[('截图', 3.8342607930666666), ('换掉', 3.468056696833333), ('头像', 3.1770765998366666)]","['截图', '换掉', '头像']",False,,0.0,0.0,0.0,0.0,0.0,0,"[('头像', '中性', 0.0, '掉了常用的头像 我截图的', []), ('对不上', '中性', 0.0, '所有美好都对不上号了', [])]",无,无,无,无,无,无,无,无,无,无
网易云音乐,时隔多年，突然听到还是会心头一颤[多多大哭][多多大哭],1,TilInolongercan,2025-04-21 22:02:40,1359356908,时隔多年，突然听到还是会心头一颤多多大哭多多大哭,"['时隔多年', '突然', '听到', '心头', '一颤', '多多', '大哭', '多多', '大哭']",9,2,0.450053870677948,正面,"[('，', 'OTHER', 4, 5)]",[],[],[],[],"[('大哭', 5.429956958926667), ('听到', 1.91310087626)]","['大哭', '听到']",False,,0.0,0.0,0.0,0.0,0.0,0,"[('时隔多年', '中性', 0.0, '时隔多年，突然听到', [])]",无,无,无,无,无,无,无,无,无,无
网易云音乐,打卡,1,等雨亭ting,2025-04-21 22:00:32,1359356908,打卡,['打卡'],1,1,0.4306034445762634,中性,[],[],[],[],[],"[('打卡', 12.2912397395)]",['打卡'],False,,0.0,0.0,0.0,0.0,0.0,0,[],无,无,无,无,无,无,无,无,无,无
网易云音乐,"晚安
",1,小新翼翼的梦l,2025-04-21 21:54:15,1359356908,晚安,['晚安'],1,2,0.4150713980197906,正面,[],[],[],[],[],"[('晚安', 11.2616203224)]",['晚安'],False,,0.0,0.0,0.0,0.0,0.0,0,"[('晚安', '中性', 0.0, '晚安', [])]",中性,无,无,无,无,无,无,无,无,无
网易云音乐,上次听竟然是6年前，那时候我还没是自由自在的一个人，,1,我叫魏启萌,2025-04-21 21:42:00,1359356908,上次听竟然是年前，那时候我还没是自由自在的一个人，,"['上次', '竟然', '年前', '时候', '自由自在']",5,2,0.3881741464138031,正面,"[('上次', 'TIME', 0, 2), ('年前', 'TIME', 6, 8), ('，', 'OTHER', 8, 9), ('，', 'OTHER', 24, 25)]",[],[],[],[],"[('时候', 4.28874633344)]",['时候'],False,,0.0,0.0,0.0,0.0,0.0,0,"[('时候', '中性', 0.0, '是年前，那时候我还没是自', [])]",无,中性,无,无,无,无,无,无,无,无
网易云音乐,爱听[色],1,零碎泪痣,2025-04-21 21:34:48,1359356908,爱听色,['听色'],1,2,0.4336543381214142,正面,[],[],[],[],[],[],[],False,,0.0,0.0,0.0,0.0,0.0,0,[],无,无,无,无,无,无,无,无,无,无
网易云音乐,唉 小蒽(╥ω╥`),1,滢聆,2025-04-21 21:26:23,1359356908,唉 小蒽ω,[],0,2,0.4458936154842376,正面,"[(' ', 'OTHER', 1, 2), ('ω', 'OTHER', 4, 5)]",[],[],[],[],[],[],False,,0.0,0.0,0.0,0.0,0.0,0,[],无,无,无,无,无,无,无,无,无,无
网易云音乐,唉 小蒽(╥ω╥`),1,滢聆,2025-04-21 21:26:23,1359356908,唉 小蒽ω,[],0,2,0.4458936154842376,正面,"[(' ', 'OTHER', 1, 2), ('ω', 'OTHER', 4, 5)]",[],[],[],[],[],[],False,,0.0,0.0,0.0,0.0,0.0,0,[],无,无,无,无,无,无,无,无,无,无
网易云音乐,不喜欢之后,1,oni_miko,2025-04-21 21:23:22,1359356908,不喜欢之后,"['喜欢', '之后']",2,2,0.4529593586921692,正面,[],[],[],[],[],"[('喜欢', 5.70258840302)]",['喜欢'],False,,0.0,0.0,0.0,0.0,0.0,0,[],无,无,无,无,无,无,无,无,无,无
网易云音乐,快乐一点吧陌生人  晚安💤,1,别说违心话-Q,2025-04-21 21:18:53,1359356908,快乐一点吧陌生人 晚安,"['快乐', '一点', '陌生人', '晚安']",4,2,0.4327586889266968,正面,"[(' ', 'OTHER', 8, 9)]",[],[],[],[],"[('晚安', 5.6308101612), ('陌生人', 4.385389468525)]","['晚安', '陌生人']",False,,0.0,0.0,0.0,0.0,0.0,0,"[('陌生人', '中性', 0.0, '快乐一点吧陌生人 晚安', []), ('晚安', '中性', 0.0, '吧陌生人 晚安', [])]",中性,无,无,无,无,无,无,无,无,无
网易云音乐,今天我生日，能跟我说句晚安吗,1,他经常偷偷的哭,2025-04-21 21:16:57,1359356908,今天我生日，能跟我说句晚安吗,"['今天', '生日', '晚安']",3,2,0.504993200302124,正面,"[('今天', 'TIME', 0, 2), ('生日', 'TIME', 3, 5), ('，', 'OTHER', 5, 6)]",[],[],[],[],"[('晚安', 11.2616203224)]",['晚安'],False,,0.0,0.0,0.0,0.0,0.0,0,"[('晚安', '中性', 0.0, '能跟我说句晚安吗', [])]",中性,无,无,无,无,无,无,无,无,无
网易云音乐,他们都爱你漂亮的眼睛 可我想 你昨晚怎么又没好好睡觉,1,你痛不痛,2025-04-21 21:12:32,1359356908,他们都爱你漂亮的眼睛 可我想 你昨晚怎么又没好好睡觉,"['他们', '漂亮', '眼睛', '昨晚', '怎么', '好好', '睡觉']",7,2,0.5049894452095032,正面,"[(' ', 'OTHER', 10, 11), (' ', 'OTHER', 14, 15), ('昨晚', 'TIME', 16, 18)]",[],[],[],[],"[('睡觉', 3.516351621505), ('眼睛', 2.56683001533)]","['睡觉', '眼睛']",False,,0.0,0.0,0.0,0.0,0.0,0,"[('眼睛', '中性', 0.0, '爱你漂亮的眼睛 可我想 ', [])]",无,无,无,无,无,无,无,无,无,无
网易云音乐,别翻了   晚安    不要熬夜 早点睡～,1,梚柚,2025-04-21 20:44:02,1359356908,别翻了 晚安 不要熬夜 早点睡～,"['别翻', '晚安', '不要', '熬夜', '早点']",5,1,0.3979800641536712,中性,"[(' ', 'OTHER', 3, 4), (' ', 'OTHER', 6, 7), (' ', 'OTHER', 11, 12), ('～', 'OTHER', 15, 16)]",[],[],[],[],"[('晚安', 5.6308101612), ('熬夜', 4.984426009625)]","['晚安', '熬夜']",False,,0.0,0.0,0.0,0.0,0.0,0,"[('晚安', '中性', 0.0, '别翻了 晚安 不要熬夜', [])]",中性,无,无,无,无,无,无,无,无,无
网易云音乐,你好,1,不嘻嘻不星,2025-04-21 20:25:32,1359356908,你好,['你好'],1,2,0.4453571736812591,正面,[],[],[],[],[],[],[],False,,0.0,0.0,0.0,0.0,0.0,0,"[('你好', '中性', 0.0, '你好', [])]",无,无,无,无,无,无,无,无,无,无
网易云音乐,踹,1,小舟荡江边,2025-04-21 20:24:01,1359356908,踹,[],0,2,0.4153987765312195,正面,[],[],[],[],[],[],[],False,,0.0,0.0,0.0,0.0,0.0,0,[],无,无,无,无,无,无,无,无,无,无
网易云音乐,"😍

",1,云村村民168190343076142,2025-04-21 20:23:19,1359356908,,[],0,0,0.0,负面,[],[],[],[],[],[],[],False,,0.0,0.0,0.0,0.0,0.0,0,[],无,无,无,无,无,无,无,无,无,无
网易云音乐,我天天失眠 我也希望能睡个好觉[多多大哭],1,奶酥好乖,2025-04-21 20:06:14,1359356908,我天天失眠 我也希望能睡个好觉多多大哭,"['天天', '失眠', '希望', '睡个', '好觉', '多多', '大哭']",7,2,0.5302016139030457,正面,"[('天天', 'TIME', 1, 3), (' ', 'OTHER', 5, 6)]",[],[],[],[],"[('失眠', 2.768655424123333), ('大哭', 2.7149784794633334), ('希望', 1.7351127583933332)]","['失眠', '大哭', '希望']",False,,0.0,0.0,0.0,0.0,0.0,0,[],无,无,无,无,无,无,无,无,无,无
网易云音乐,加油！祝你考得高分[憨笑],1,果子和琴梨,2025-04-21 20:02:35,1359356908,加油！祝你考得高分憨笑,"['加油', '考得', '高分', '憨笑']",4,1,0.4166185855865478,中性,"[('！', 'OTHER', 2, 3)]",[],[],[],[],"[('考得', 3.9849225009666664), ('高分', 3.4998267567666663), ('加油', 2.9356424837233335)]","['考得', '高分', '加油']",False,,0.0,0.0,0.0,0.0,0.0,0,"[('高分', '中性', 0.0, '！祝你考得高分憨笑', [])]",无,无,无,无,无,无,无,无,无,无
网易云音乐,人都会变的 你变的太快了[惊恐][惊恐] 累了 我放过你了。,1,巴小祺,2025-04-21 20:00:09,1359356908,人都会变的 你变的太快了惊恐惊恐 累了 我放过你了。,"['太快', '惊恐', '惊恐', '放过']",4,2,0.3860315084457397,正面,"[(' ', 'OTHER', 5, 6), (' ', 'OTHER', 16, 17), (' ', 'OTHER', 19, 20), ('。', 'OTHER', 25, 26)]",[],[],[],[],"[('放过', 8.39941944143)]",['放过'],False,,0.0,0.0,0.0,0.0,0.0,0,[],无,无,无,无,无,无,无,无,无,无
网易云音乐,需要多少？,1,柔jl,2025-04-21 19:51:11,1359356908,需要多少？,['需要'],1,2,0.4378491044044494,正面,"[('？', 'OTHER', 4, 5)]",[],[],[],[],"[('需要', 4.3444806435)]",['需要'],False,,0.0,0.0,0.0,0.0,0.0,0,[],无,无,无,无,无,无,无,无,无,无
网易云音乐,人生不过三万天 何必给自己留下遗憾,1,找个舒服地方睡一觉,2025-04-21 19:48:06,1359356908,人生不过三万天 何必给自己留下遗憾,"['人生', '不过', '三万', '何必', '留下', '遗憾']",6,1,0.4285049438476562,中性,"[(' ', 'OTHER', 7, 8)]",[],[],[],[],"[('人生', 3.42397830137), ('留下', 2.87887082077)]","['人生', '留下']",False,,0.0,0.0,0.0,0.0,0.0,0,"[('人生', '中性', 0.0, '人生不过三万天', [])]",无,无,无,无,无,无,无,无,无,无
网易云音乐,说好了不见，可是我还是忍不住想见你,1,王者荣耀情报员康娜酱,2025-04-21 19:45:05,1359356908,说好了不见，可是我还是忍不住想见你,"['说好', '不见', '忍不住', '想见']",4,2,0.3788504898548126,正面,"[('，', 'OTHER', 5, 6)]",[],[],[],[],"[('想见', 2.1941784181425), ('说好', 2.05512626074), ('忍不住', 1.654307355805), ('不见', 1.5446107268175)]","['想见', '说好', '忍不住', '不见']",False,,0.0,0.0,0.0,0.0,0.0,0,[],无,无,无,无,无,无,无,无,无,无
网易云音乐,[爱心],1,顏R中,2025-04-21 18:57:11,1359356908,爱心,['爱心'],1,2,0.3838077187538147,正面,[],[],[],[],[],"[('爱心', 8.52539924429)]",['爱心'],False,,0.0,0.0,0.0,0.0,0.0,0,"[('爱心', '中性', 0.0, '爱心', [])]",无,无,无,无,无,无,无,无,无,中性
网易云音乐,我会永远喜欢你,1,睡觉总爱听歌,2025-04-21 18:48:39,1359356908,我会永远喜欢你,"['我会', '永远', '喜欢']",3,2,0.4198992550373077,正面,[],[],[],[],[],"[('我会', 3.67053120724), ('喜欢', 2.85129420151)]","['我会', '喜欢']",False,,0.0,0.0,0.0,0.0,0.0,0,"[('我会', '正面', 0.3333333333333333, '我会永远喜欢你', [('喜欢', 1.0)])]",无,无,无,无,正面,无,无,无,无,无
网易云音乐,这里[大笑],1,谓语dc,2025-04-21 18:38:13,1359356908,这里大笑,"['这里', '大笑']",2,2,0.4107131659984588,正面,[],[],[],[],[],"[('大笑', 7.37711534583)]",['大笑'],False,,0.0,0.0,0.0,0.0,0.0,0,[],无,无,无,无,无,无,无,无,无,无
网易云音乐,若执着于枯木，就很难再遇到下一个春。没关系，我偏偏钟情于枯萎的玫瑰,1,保护盾反弹反弹,2025-04-21 18:35:11,1359356908,若执着于枯木，就很难再遇到下一个春。没关系，我偏偏钟情于枯萎的玫瑰,"['执着', '枯木', '遇到', '没关系', '偏偏', '钟情', '枯萎', '玫瑰']",8,2,0.4761447012424469,正面,"[('，', 'OTHER', 6, 7), ('。', 'OTHER', 17, 18), ('，', 'OTHER', 21, 22)]",[],[],[],[],"[('枯木', 1.7941972393333332), ('枯萎', 1.640039106905), ('钟情', 1.6086970683216668), ('执着', 1.5004729753366668), ('玫瑰', 1.4097099902416668), ('遇到', 1.0284171427883333)]","['枯木', '枯萎', '钟情', '执着', '玫瑰', '遇到']",False,,0.0,0.0,0.0,0.0,0.0,0,"[('枯木', '中性', 0.0, '若执着于枯木，就很难再', []), ('没关系', '中性', 0.0, '下一个春。没关系，我偏偏钟', []), ('钟情', '中性', 0.0, '系，我偏偏钟情于枯萎的玫', []), ('玫瑰', '中性', 0.0, '情于枯萎的玫瑰', [])]",无,无,无,无,无,无,无,无,无,无
网易云音乐,感同身受了,1,B临别小雨,2025-04-21 18:32:00,1359356908,感同身受了,['感同身受'],1,2,0.3635303378105163,正面,[],[],[],[],[],[],[],False,,0.0,0.0,0.0,0.0,0.0,0,"[('感同身受', '中性', 0.0, '感同身受了', [])]",无,无,无,无,无,无,无,无,无,无
网易云音乐,我本可以忍受黑暗 如果我不曾见过太阳,1,泠绾無溪,2025-04-21 18:28:53,1359356908,我本可以忍受黑暗 如果我不曾见过太阳,"['我本', '忍受', '黑暗', '不曾', '见过', '太阳']",6,2,0.4232129454612732,正面,"[(' ', 'OTHER', 8, 9), ('太阳', 'LOCATION', 16, 18)]",[],['太阳'],[],[],"[('忍受', 3.977628521685), ('太阳', 3.113959877665)]","['忍受', '太阳']",False,,0.0,0.0,0.0,0.0,0.0,0,"[('太阳', '中性', 0.0, '我不曾见过太阳', [])]",无,无,无,无,无,无,无,无,无,无
网易云音乐,希望每个妈妈都能为自己活一次[爱心],1,萌主爱初音,2025-04-21 18:25:09,1359356908,希望每个妈妈都能为自己活一次爱心,"['希望', '每个', '妈妈', '一次', '爱心']",5,2,0.4044329822063446,正面,[],[],[],[],[],"[('爱心', 2.841799748096667), ('妈妈', 2.18510427052), ('希望', 1.7351127583933332)]","['爱心', '妈妈', '希望']",False,,0.0,0.0,0.0,0.0,0.0,0,"[('妈妈', '中性', 0.0, '希望每个妈妈都能为自己', []), ('爱心', '中性', 0.0, '自己活一次爱心', [])]",无,无,无,无,无,无,无,无,无,中性
网易云音乐,"我一直说不会喜欢一个两次 可是我喜欢你两次了我不想在喜欢了

我们本来就不是一路人

我们都有各自的生活  都要慢慢去习惯没有爱过的人和喜欢的人不在身边

我们也回不去了 异地真的很难受

在我们第二次复合的喜欢我好像就已经知道会分

",1,欲情-T,2025-04-21 17:58:57,1359356908,我一直说不会喜欢一个两次 可是我喜欢你两次了我不想在喜欢了 我们本来就不是一路人 我们都有各自的生活 都要慢慢去习惯没有爱过的人和喜欢的人不在身边 我们也回不去了 异地真的很难受 在我们第二次复合的喜欢我好像就已经知道会分,"['一直', '不会', '喜欢', '两次', '喜欢', '两次', '不想', '喜欢', '我们', '本来', '不是', '一路', '我们', '各自', '生活', '慢慢', '习惯', '爱过', '喜欢', '身边', '我们', '回不去', '异地', '真的', '难受', '我们', '第二次', '复合', '喜欢', '好像', '已经', '知道']",32,2,0.5323511362075806,正面,"[(' ', 'OTHER', 12, 13), (' ', 'OTHER', 29, 30), ('本来', 'TIME', 32, 34), (' ', 'OTHER', 40, 41), (' ', 'OTHER', 50, 51), (' ', 'OTHER', 73, 74), (' ', 'OTHER', 81, 82), (' ', 'OTHER', 89, 90)]",[],[],[],[],"[('喜欢', 1.7820588759437501), ('回不去', 0.63669409908125), ('异地', 0.54967076113), ('难受', 0.482154314255), ('复合', 0.470887950265), ('习惯', 0.392437040828125), ('不想', 0.372773434923125), ('好像', 0.351058181554375), ('生活', 0.289616402066875), ('不会', 0.2757325737225), ('知道', 0.24838178375), ('没有', 0.194551472821875)]","['喜欢', '回不去', '异地', '难受', '复合', '习惯', '不想', '好像', '生活', '不会', '知道', '没有']",True,我一直说不会喜欢一个两次 可是我喜欢你两次了我不想在喜欢了 我们本来就不是一路人 我们都有各自的生活 都要慢慢去习惯没有爱过的人和喜欢的人不在身边 我们也回不去了 异地真的很难受 在我们第二次复合的喜欢我好像就已经知道会分。,0.0,0.0,0.0,0.0,0.0,0,"[('习惯', '中性', 0.0, '都要慢慢去习惯没有爱过的', []), ('异地', '中性', 0.0, '回不去了 异地真的很难受', [])]",无,无,无,无,无,无,无,无,无,无
网易云音乐,晚安 mylove,1,昊森hua,2025-04-21 17:52:24,1359356908,晚安 mylove,"['晚安', 'mylove']",2,1,0.4137928783893585,中性,"[(' ', 'OTHER', 2, 3)]",[],[],[],[],"[('晚安', 11.2616203224)]",['晚安'],False,,0.0,0.0,0.0,0.0,0.0,0,"[('晚安', '中性', 0.0, '晚安 mylo', [])]",中性,无,无,无,无,无,无,无,无,无
网易云音乐,我和他的故事很普通但也很美好……希望他以后能平安喜乐！[多多大笑],1,嘀哩哩dear,2025-04-21 17:42:38,1359356908,我和他的故事很普通但也很美好希望他以后能平安喜乐！多多大笑,"['故事', '普通', '美好', '希望', '以后', '平安', '喜乐', '多多', '大笑']",9,2,0.4994150698184967,正面,"[('普通', 'OTHER', 7, 9), ('喜乐', 'LOCATION', 22, 24), ('！', 'OTHER', 24, 25)]",[],['喜乐'],[],[],"[('喜乐', 2.85394275055), ('大笑', 1.8442788364575), ('故事', 1.5300936410175), ('希望', 1.301334568795)]","['喜乐', '大笑', '故事', '希望']",False,,0.0,0.0,0.0,0.0,0.0,0,"[('故事', '中性', 0.0, '我和他的故事很普通但也', []), ('普通', '中性', 0.0, '他的故事很普通但也很美好', []), ('喜乐', '中性', 0.0, '以后能平安喜乐！多多大笑', [])]",无,无,无,无,无,无,无,无,无,无
网易云音乐,不值得 但是我就是放不下,1,咖啡的味道黑骑士,2025-04-21 17:40:08,1359356908,不值得 但是我就是放不下,"['值得', '放不下']",2,2,0.4294355511665344,正面,"[(' ', 'OTHER', 3, 4)]",[],[],[],[],"[('放不下', 4.83328557369), ('值得', 3.008804150335)]","['放不下', '值得']",False,,0.0,0.0,0.0,0.0,0.0,0,[],无,无,无,无,无,无,无,无,无,无
网易云音乐,我喜欢你 是那种一想到你的名字 心里动辄海啸山鸣的喜欢,1,林木木cjx,2025-04-21 17:31:46,1359356908,我喜欢你 是那种一想到你的名字 心里动辄海啸山鸣的喜欢,"['喜欢', '那种', '想到', '名字', '心里', '动辄', '海啸', '山鸣', '喜欢']",9,2,0.4851655960083008,正面,"[(' ', 'OTHER', 4, 5), (' ', 'OTHER', 15, 16), ('山鸣', 'PERSON', 22, 24)]",['山鸣'],[],[],[],"[('喜欢', 2.281035361208), ('海啸', 1.6718828213639998), ('名字', 1.235777175032), ('想到', 1.1216258276)]","['喜欢', '海啸', '名字', '想到']",False,,0.0,0.0,0.0,0.0,0.0,0,"[('名字', '中性', 0.0, '一想到你的名字 心里动辄', []), ('海啸', '正面', 0.3333333333333333, ' 心里动辄海啸山鸣的喜欢', [('喜欢', 1.0)]), ('山鸣', '正面', 0.3333333333333333, '里动辄海啸山鸣的喜欢', [('喜欢', 1.0)])]",无,无,无,无,无,无,无,无,无,无
网易云音乐,可能是唱的时候有点像吧[多多笑哭],1,岚羽clk,2025-04-21 17:20:24,1359356908,可能是唱的时候有点像吧多多笑哭,"['可能', '时候', '有点像', '多多']",4,2,0.4301472306251526,正面,[],[],[],[],[],"[('有点像', 2.9769547841333335), ('时候', 1.4295821111466667), ('可能', 1.2493426619099999)]","['有点像', '时候', '可能']",False,,0.0,0.0,0.0,0.0,0.0,0,"[('时候', '中性', 0.0, '可能是唱的时候有点像吧多', [])]",无,中性,无,无,无,无,无,无,无,无
网易云音乐,我希望你说的晚安是真的想我啦,1,白旗逝水轻尘,2025-04-21 17:17:11,1359356908,我希望你说的晚安是真的想我啦,"['希望', '晚安', '真的']",3,2,0.4501155912876129,正面,[],[],[],[],[],"[('晚安', 5.6308101612), ('希望', 2.60266913759)]","['晚安', '希望']",False,,0.0,0.0,0.0,0.0,0.0,0,"[('晚安', '中性', 0.0, '希望你说的晚安是真的想我', [])]",中性,无,无,无,无,无,无,无,无,无
网易云音乐,我也在努力睡觉[多多大哭],1,繁缕沉香,2025-04-21 17:06:13,1359356908,我也在努力睡觉多多大哭,"['努力', '睡觉', '多多', '大哭']",4,2,0.4408369064331054,正面,[],[],[],[],[],"[('大哭', 4.072467719195), ('睡觉', 3.516351621505)]","['大哭', '睡觉']",False,,0.0,0.0,0.0,0.0,0.0,0,[],无,无,无,无,无,无,无,无,无,无
网易云音乐,陪伴是最长情的告白[爱心],1,高二徐佳兴,2025-04-21 17:04:49,1359356908,陪伴是最长情的告白爱心,"['陪伴', '最长', '告白', '爱心']",4,2,0.4117768704891205,正面,[],[],[],[],[],"[('告白', 4.0363060609), ('陪伴', 2.9481439488766665), ('爱心', 2.841799748096667)]","['告白', '陪伴', '爱心']",False,,0.0,0.0,0.0,0.0,0.0,0,"[('陪伴', '中性', 0.0, '陪伴是最长情的', []), ('爱心', '中性', 0.0, '长情的告白爱心', [])]",无,无,无,无,无,无,无,无,无,中性
网易云音乐,我喜欢的他喜欢的她,1,用户1441068643,2025-04-21 16:46:48,1359356908,我喜欢的他喜欢的她,"['喜欢', '喜欢']",2,2,0.4567500650882721,正面,[],[],[],[],[],"[('喜欢', 5.70258840302)]",['喜欢'],False,,0.0,0.0,0.0,0.0,0.0,0,[],无,无,无,无,无,无,无,无,无,无
网易云音乐,我们之间没有以后啦～,1,一鹿伴晗xhq,2025-04-21 16:38:29,1359356908,我们之间没有以后啦～,"['我们', '之间', '以后']",3,2,0.3948709964752197,正面,"[('～', 'OTHER', 9, 10)]",[],[],[],[],"[('没有', 3.11282356515)]",['没有'],False,,0.0,0.0,0.0,0.0,0.0,0,[],无,无,无,无,无,无,无,无,无,无
网易云音乐,加油哦[多多可怜],1,宇宙空间站站长,2025-04-21 16:26:25,1359356908,加油哦多多可怜,"['加油', '多多', '可怜']",3,1,0.4055022895336151,中性,[],[],[],[],[],"[('加油', 4.403463725585), ('可怜', 3.451540834495)]","['加油', '可怜']",False,,0.0,0.0,0.0,0.0,0.0,0,[],无,无,无,无,无,无,无,无,无,无
网易云音乐,可是晚上睡不着怎么办[多多难过],1,飞火连城刘畅,2025-04-21 16:15:17,1359356908,可是晚上睡不着怎么办多多难过,"['晚上', '睡不着', '怎么办', '多多', '难过']",5,2,0.4739838540554046,正面,"[('晚上', 'TIME', 2, 4)]",[],[],[],[],"[('睡不着', 4.10854894232), ('难过', 3.76112573416)]","['睡不着', '难过']",False,,0.0,0.0,0.0,0.0,0.0,0,"[('怎么办', '中性', 0.0, '晚上睡不着怎么办多多难过', [])]",无,无,无,无,无,无,无,无,无,无
网易云音乐,看到你这个评论的时候刚好听到这首歌[多多大哭]太巧了,1,死神ywk,2025-04-21 16:13:12,1359356908,看到你这个评论的时候刚好听到这首歌多多大哭太巧了,"['看到', '这个', '评论', '时候', '刚好', '听到', '首歌', '多多', '大哭', '太巧']",10,2,0.4577915370464325,正面,[],[],[],[],[],"[('太巧', 1.565176953257143), ('首歌', 1.5318034030857142), ('大哭', 1.1635622054842858), ('评论', 0.9681435523957143), ('听到', 0.81990037554), ('看到', 0.6949728174071429), ('时候', 0.6126780476342857)]","['太巧', '首歌', '大哭', '评论', '听到', '看到', '时候']",False,,0.0,0.0,0.0,0.0,0.0,0,"[('评论', '中性', 0.0, '看到你这个评论的时候刚好', []), ('时候', '中性', 0.0, '这个评论的时候刚好听到这', []), ('首歌', '中性', 0.0, '刚好听到这首歌多多大哭太', []), ('太巧', '中性', 0.0, '歌多多大哭太巧了', [])]",无,中性,无,无,无,无,无,中性,无,无
网易云音乐,愿我爱的豪豪平安,1,任性说爱,2025-04-21 15:58:05,1359356908,愿我爱的豪豪平安,"['豪豪', '平安']",2,1,0.3944880366325378,中性,[],[],[],[],[],[],[],False,,0.0,0.0,0.0,0.0,0.0,0,[],无,无,无,无,无,无,无,无,无,无
网易云音乐,晚安是礼貌 但早安不一样,1,哟呵不过如痴,2025-04-21 15:52:21,1359356908,晚安是礼貌 但早安不一样,"['晚安', '礼貌', '早安', '一样']",4,2,0.459279716014862,正面,"[(' ', 'OTHER', 5, 6)]",[],[],[],[],"[('早安', 3.805257000733333), ('晚安', 3.7538734408), ('礼貌', 2.9007268735699996)]","['早安', '晚安', '礼貌']",False,,0.0,0.0,0.0,0.0,0.0,0,"[('晚安', '中性', 0.0, '晚安是礼貌 但', []), ('礼貌', '中性', 0.0, '晚安是礼貌 但早安不', []), ('早安', '中性', 0.0, '是礼貌 但早安不一样', [])]",中性,无,无,无,无,无,无,无,无,无
网易云音乐,他给我推过这首歌，不知道为什么突然想到他了,1,摔跤是弱子进步的阶梯,2025-04-21 15:51:12,1359356908,他给我推过这首歌，不知道为什么突然想到他了,"['推过', '首歌', '知道', '为什么', '突然', '想到']",6,2,0.5029248595237732,正面,"[('，', 'MUSIC', 8, 9)]",[],[],[],[],"[('推过', 2.85394275055), ('首歌', 2.6806559554), ('想到', 1.4020322845), ('知道', 0.993527135)]","['推过', '首歌', '想到', '知道']",False,,0.0,0.0,0.0,0.0,0.0,0,"[('首歌', '中性', 0.0, '给我推过这首歌，不知道为', [])]",无,无,无,无,无,无,无,中性,无,无
网易云音乐,负愿前行,1,军魂永在_6uv3,2025-04-21 15:49:09,1359356908,负愿前行,"['负愿', '前行']",2,1,0.3454720973968506,中性,[],[],[],[],[],"[('负愿', 5.97738375145), ('前行', 4.064618264425)]","['负愿', '前行']",False,,0.0,0.0,0.0,0.0,0.0,0,[],无,无,无,无,无,无,无,无,无,无
网易云音乐,我的意思是希望你好好睡觉[多多可怜],1,下一站乄幸福vfe,2025-04-21 15:44:49,1359356908,我的意思是希望你好好睡觉多多可怜,"['意思', '希望', '好好', '睡觉', '多多', '可怜']",6,2,0.4594523906707763,正面,[],[],[],[],[],"[('睡觉', 1.7581758107525), ('可怜', 1.7257704172475), ('意思', 1.4521095613125), ('希望', 1.301334568795)]","['睡觉', '可怜', '意思', '希望']",False,,0.0,0.0,0.0,0.0,0.0,0,"[('意思', '中性', 0.0, '我的意思是希望你好', [])]",无,无,无,无,无,无,无,无,无,无
网易云音乐,我不懂事你也不懂事吗？那要小孩干嘛呢[大笑],1,还有明天存在,2025-04-21 15:31:51,1359356908,我不懂事你也不懂事吗？那要小孩干嘛呢大笑,"['不懂事', '不懂事', '那要', '小孩', '干嘛', '大笑']",6,2,0.4416576027870178,正面,"[('？', 'OTHER', 10, 11)]",[],[],[],[],"[('干嘛', 3.0854289176100003), ('小孩', 2.5119756317066666), ('大笑', 2.45903844861)]","['干嘛', '小孩', '大笑']",False,,0.0,0.0,0.0,0.0,0.0,0,"[('不懂事', '中性', 0.0, '我不懂事你也不懂事', []), ('不懂事', '中性', 0.0, '我不懂事你也不懂事', []), ('小孩', '中性', 0.0, '事吗？那要小孩干嘛呢大笑', []), ('干嘛', '中性', 0.0, '？那要小孩干嘛呢大笑', [])]",无,无,无,无,无,无,无,无,无,无
网易云音乐,最后发现，最可怕的是，你不知道他究竟在干什么,1,ZIUMCAT,2025-04-21 15:26:32,1359356908,最后发现，最可怕的是，你不知道他究竟在干什么,"['最后', '发现', '可怕', '知道', '究竟', '干什么']",6,2,0.4337631464004516,正面,"[('，', 'OTHER', 4, 5), ('，', 'OTHER', 10, 11)]",[],[],[],[],"[('发现', 2.1865239314), ('知道', 1.98705427)]","['发现', '知道']",False,,0.0,0.0,0.0,0.0,0.0,0,"[('干什么', '中性', 0.0, '道他究竟在干什么', [])]",无,无,无,无,无,无,无,无,无,无
网易云音乐,我沦陷于和你的拉扯，我反复思考，反复品味，也许屏幕对面的你只是随手的消遣，可是情感，我怎么能控制,1,加了糖糖的黑咖啡,2025-04-21 15:21:50,1359356908,我沦陷于和你的拉扯，我反复思考，反复品味，也许屏幕对面的你只是随手的消遣，可是情感，我怎么能控制,"['沦陷', '拉扯', '反复', '思考', '反复', '品味', '也许', '屏幕', '对面', '随手', '消遣', '情感', '怎么', '控制']",14,2,0.3764497339725494,正面,"[('，', 'OTHER', 9, 10), ('，', 'OTHER', 15, 16), ('，', 'OTHER', 20, 21), ('，', 'OTHER', 36, 37), ('，', 'OTHER', 41, 42)]",[],[],[],[],"[('反复', 1.13611034652), ('消遣', 0.8577063212109092), ('品味', 0.83721179725), ('沦陷', 0.8177638975945455), ('屏幕', 0.8028884954327272), ('拉扯', 0.7952169143163637), ('情感', 0.6772915663481819), ('思考', 0.6606690198818183), ('对面', 0.64879934031), ('控制', 0.4505807574845455)]","['反复', '消遣', '品味', '沦陷', '屏幕', '拉扯', '情感', '思考', '对面', '控制']",False,,0.0,0.0,0.0,0.0,0.0,0,"[('品味', '中性', 0.0, '思考，反复品味，也许屏幕', []), ('屏幕', '中性', 0.0, '品味，也许屏幕对面的你只', []), ('对面', '中性', 0.0, '，也许屏幕对面的你只是随', []), ('情感', '中性', 0.0, '消遣，可是情感，我怎么能', [])]",无,无,无,无,无,无,无,无,无,无
网易云音乐,所以呢 现在你和他过得好吗,1,空白中的独舞upy,2025-04-21 15:01:53,1359356908,所以呢 现在你和他过得好吗,"['所以', '现在']",2,2,0.5015707015991211,正面,"[(' ', 'OTHER', 3, 4), ('现在', 'TIME', 4, 6)]",[],[],[],[],[],[],False,,0.0,0.0,0.0,0.0,0.0,0,[],无,无,无,无,无,无,无,无,无,无
网易云音乐,"无所谓是装的我怎么舍得你跟别人好

最近过得好累你在我身边或许好了

你说你不懂爱所以我成了你不懂爱的牺牲品

这么快就忘了她挽着你手臂对你撒娇的模样么

后来才看清痛苦和伤疤不能共情

痛是真的痛可她们只觉得我装

我想要很多很多答案或者很短很短的命

关于你的一切我都没有忘从你我相识那天起",1,零碎许毅,2025-04-21 14:55:21,1359356908,无所谓是装的我怎么舍得你跟别人好 最近过得好累你在我身边或许好了 你说你不懂爱所以我成了你不懂爱的牺牲品 这么快就忘了她挽着你手臂对你撒娇的模样么 后来才看清痛苦和伤疤不能共情 痛是真的痛可她们只觉得我装 我想要很多很多答案或者很短很短的命 关于你的一切我都没有忘从你我相识那天起,"['无所谓', '怎么', '舍得', '别人', '最近', '过得', '身边', '或许', '所以', '我成', '牺牲品', '这么', '手臂', '撒娇', '模样', '后来', '看清', '痛苦', '伤疤', '不能', '共情', '痛是', '真的', '痛可', '她们', '觉得', '我装', '想要', '很多很多', '答案', '或者', '关于', '一切', '相识', '那天']",35,2,0.5692188143730164,正面,"[(' ', 'OTHER', 16, 17), (' ', 'OTHER', 32, 33), (' ', 'OTHER', 52, 53), (' ', 'OTHER', 73, 74), ('后来', 'TIME', 74, 76), (' ', 'OTHER', 88, 89), (' ', 'OTHER', 102, 103), (' ', 'OTHER', 120, 121)]",[],[],[],[],"[('共情', 0.8539119644928571), ('牺牲品', 0.688428412495), ('撒娇', 0.6835674508349999), ('伤疤', 0.6755733139635715), ('舍得', 0.6239922627178572), ('相识', 0.5948945442714286), ('手臂', 0.5596121115621429), ('看清', 0.5549607973207143), ('模样', 0.5060741187071429), ('想要', 0.4936673132857143), ('答案', 0.48236559862785716), ('觉得', 0.3449221378471429), ('不能', 0.28501177389285715), ('没有', 0.22234454036785714)]","['共情', '牺牲品', '撒娇', '伤疤', '舍得', '相识', '手臂', '看清', '模样', '想要', '答案', '觉得', '不能', '没有']",True,无所谓是装的我怎么舍得你跟别人好 最近过得好累你在我身边或许好了 你说你不懂爱所以我成了你不懂爱的牺牲品 这么快就忘了她挽着你手臂对你撒娇的模样么 后来才看清痛苦和伤疤不能共情 痛是真的痛可她们只觉得我装 我想要很多很多答案或者很短很短的命 关于你的一切我都没有忘从你我相识那天起。,0.0,0.0,0.0,0.0,0.0,0,"[('无所谓', '中性', 0.0, '无所谓是装的我怎', []), ('牺牲品', '中性', 0.0, '你不懂爱的牺牲品 这么快就', []), ('手臂', '中性', 0.0, '了她挽着你手臂对你撒娇的', []), ('模样', '中性', 0.0, '对你撒娇的模样么 后来才', []), ('伤疤', '中性', 0.0, '看清痛苦和伤疤不能共情 ', []), ('共情', '中性', 0.0, '和伤疤不能共情 痛是真的', []), ('答案', '中性', 0.0, '要很多很多答案或者很短很', [])]",无,无,无,无,无,无,无,无,无,无
网易云音乐,"最近不顺利她们又欺负我了

我不想内耗了我只想好好睡一觉

为什么最后痛的是真诚对待的人

睡不着的夜我在想你真的爱我吗

我在落差中麻木直到有一天我不再期待幸福出现

原谅我才16原来我才16可我才16可惜我才16

最近过得怎么样我想你了快点回来好不好

我们再重蹈覆辙好不好",1,零碎许毅,2025-04-21 14:51:12,1359356908,最近不顺利她们又欺负我了 我不想内耗了我只想好好睡一觉 为什么最后痛的是真诚对待的人 睡不着的夜我在想你真的爱我吗 我在落差中麻木直到有一天我不再期待幸福出现 原谅我才原来我才可我才可惜我才 最近过得怎么样我想你了快点回来好不好 我们再重蹈覆辙好不好,"['最近', '顺利', '她们', '欺负', '不想', '内耗', '好好', '睡一觉', '为什么', '最后', '真诚', '对待', '睡不着', '真的', '爱我吗', '落差', '麻木', '直到', '一天', '不再', '期待', '幸福', '出现', '原谅', '原来', '可惜', '最近', '过得', '怎么样', '快点', '回来', '好不好', '我们', '重蹈覆辙', '好不好']",35,2,0.5104554295539856,正面,"[(' ', 'OTHER', 12, 13), (' ', 'OTHER', 27, 28), (' ', 'OTHER', 42, 43), (' ', 'OTHER', 57, 58), ('麻木', 'PERSON', 63, 65), (' ', 'OTHER', 79, 80), ('原谅', 'PERSON', 80, 82), (' ', 'OTHER', 95, 96), (' ', 'OTHER', 114, 115)]","['麻木', '原谅']",[],[],[],"[('爱我吗', 1.063950279509091), ('内耗', 0.9913586707636365), ('欺负', 0.7581814564509091), ('睡不着', 0.7470088986036363), ('对待', 0.65265926829), ('可惜', 0.6149991186318182), ('期待', 0.6099316656309091), ('不想', 0.5422159053427272), ('直到', 0.5161930921436363), ('回来', 0.46200431117090907), ('出现', 0.34936072669)]","['爱我吗', '内耗', '欺负', '睡不着', '对待', '可惜', '期待', '不想', '直到', '回来', '出现']",True,最近不顺利她们又欺负我了 我不想内耗了我只想好好睡一觉 为什么最后痛的是真诚对待的人 睡不着的夜我在想你真的爱我吗 我在落差中麻木直到有一天我不再期待幸福出现 原谅我才原来我才可我才可惜我才 最近过得怎么样我想你了快点回来好不好 我们再重蹈覆辙好不好。,0.0,0.0,0.0,0.0,0.0,0,"[('内耗', '正面', 0.3333333333333333, '了 我不想内耗了我只想好', [('好', 1.0)]), ('爱我吗', '中性', 0.0, '在想你真的爱我吗 我在落差', []), ('麻木', '中性', 0.0, '我在落差中麻木直到有一天', []), ('原谅', '中性', 0.0, '幸福出现 原谅我才原来我', []), ('好不好', '中性', 0.0, '了快点回来好不好 我们再重', []), ('好不好', '中性', 0.0, '了快点回来好不好 我们再重', [])]",无,无,无,无,无,无,无,无,无,无
网易云音乐,"你和她的互动我不想看了

那年你说了一句爱我我付出了我所有真心

如果泪水比爱我多那我们走到这就行

你赢了现在我懒得认识新人

分开后你说你问心无愧你说薄情的人是我

你对我好的那些日子我真的记了好久

关于你和我我想了好多好多

你只是怀念他当初给你的感觉但你心里清楚他人不行",1,零碎许毅,2025-04-21 14:45:36,1359356908,你和她的互动我不想看了 那年你说了一句爱我我付出了我所有真心 如果泪水比爱我多那我们走到这就行 你赢了现在我懒得认识新人 分开后你说你问心无愧你说薄情的人是我 你对我好的那些日子我真的记了好久 关于你和我我想了好多好多 你只是怀念他当初给你的感觉但你心里清楚他人不行,"['互动', '不想', '那年', '一句', '付出', '所有', '真心', '泪水', '比爱', '我们', '走到', '现在', '懒得', '认识', '新人', '分开', '问心无愧', '薄情', '那些', '日子', '真的', '好久', '关于', '好多好多', '怀念', '当初', '感觉', '心里', '清楚', '他人', '不行']",31,2,0.5542330741882324,正面,"[(' ', 'OTHER', 11, 12), (' ', 'OTHER', 30, 31), (' ', 'OTHER', 47, 48), ('现在', 'TIME', 51, 53), (' ', 'OTHER', 60, 61), (' ', 'OTHER', 79, 80), (' ', 'OTHER', 96, 97), (' ', 'OTHER', 109, 110), ('当初', 'TIME', 116, 118)]",[],[],[],[],"[('薄情', 0.8513434083), ('懒得', 0.6755910645815385), ('怀念', 0.66095461189), ('新人', 0.6576015014230769), ('泪水', 0.55712820047), ('付出', 0.5568325316484615), ('分开', 0.5561470254715385), ('不行', 0.4853323542523077), ('走到', 0.48139642444153846), ('不想', 0.4587980737515384), ('日子', 0.4559897590653846), ('认识', 0.43688211985), ('感觉', 0.43395986840846157)]","['薄情', '懒得', '怀念', '新人', '泪水', '付出', '分开', '不行', '走到', '不想', '日子', '认识', '感觉']",True,你和她的互动我不想看了 那年你说了一句爱我我付出了我所有真心 如果泪水比爱我多那我们走到这就行 你赢了现在我懒得认识新人 分开后你说你问心无愧你说薄情的人是我 你对我好的那些日子我真的记了好久 关于你和我我想了好多好多 你只是怀念他当初给你的感觉但你心里清楚他人不行。,0.0,0.0,0.0,0.0,0.0,0,"[('泪水', '中性', 0.0, '真心 如果泪水比爱我多那', []), ('新人', '中性', 0.0, '我懒得认识新人 分开后你', []), ('薄情', '中性', 0.0, '心无愧你说薄情的人是我 ', []), ('日子', '正面', 0.3333333333333333, '我好的那些日子我真的记了', [('好', 1.0)]), ('感觉', '中性', 0.0, '当初给你的感觉但你心里清', [])]",无,无,无,无,无,中性,无,无,无,无
网易云音乐,"被爱最好的方式是自己爱自己

一个个未成年故事比安徒生还多

活着累累的还痛痛的

我给你的别人没有

你的不开心我来听

他不是不会爱人只是不爱你

一死解千愁

我再也不会挽留我知道爱我的人不会走",1,零碎许毅,2025-04-21 14:40:17,1359356908,被爱最好的方式是自己爱自己 一个个未成年故事比安徒生还多 活着累累的还痛痛的 我给你的别人没有 你的不开心我来听 他不是不会爱人只是不爱你 一死解千愁 我再也不会挽留我知道爱我的人不会走,"['最好', '方式', '一个个', '未成年', '故事', '安徒生', '活着', '累累的', '痛痛', '别人', '开心', '我来', '不是', '不会', '爱人', '不爱', '一死', '解千愁', '再也不会', '挽留', '知道', '不会']",22,2,0.4836251735687256,正面,"[(' ', 'OTHER', 13, 14), ('安徒生', 'PERSON', 23, 26), (' ', 'OTHER', 28, 29), (' ', 'OTHER', 38, 39), (' ', 'OTHER', 47, 48), (' ', 'OTHER', 56, 57), (' ', 'OTHER', 69, 70), (' ', 'OTHER', 75, 76)]",['安徒生'],[],[],[],"[('挽留', 0.9113185909189999), ('不会', 0.882344235912), ('爱人', 0.844963919841), ('开心', 0.8132356656180001), ('活着', 0.7069803417330001), ('故事', 0.6120374564069999), ('方式', 0.480149232937), ('知道', 0.397410854), ('没有', 0.31128235651499997)]","['挽留', '不会', '爱人', '开心', '活着', '故事', '方式', '知道', '没有']",False,,0.0,0.0,0.0,0.0,0.0,0,"[('方式', '中性', 0.0, '被爱最好的方式是自己爱自', []), ('未成年', '中性', 0.0, '己 一个个未成年故事比安徒', []), ('故事', '中性', 0.0, '个个未成年故事比安徒生还', []), ('安徒生', '中性', 0.0, '成年故事比安徒生还多 活着', []), ('爱人', '中性', 0.0, '他不是不会爱人只是不爱你', []), ('再也不会', '中性', 0.0, '解千愁 我再也不会挽留我知道', [])]",无,无,无,无,无,无,无,无,无,无
网易云音乐,"你就是感情里的骗子

聊天记录我看了又看不明白你为什么会变

没有一点优点的我他们都讨厌我

人总会变得这句话我一直记得

有了隔阂只能和好不能如初

你那么挑剔的人怎么还是选错了

故地重游就像刻舟求剑

我固执的想等待对方读懂我的隐喻但忘了事在人为想读的人早该懂了",1,零碎许毅,2025-04-21 14:36:49,1359356908,你就是感情里的骗子 聊天记录我看了又看不明白你为什么会变 没有一点优点的我他们都讨厌我 人总会变得这句话我一直记得 有了隔阂只能和好不能如初 你那么挑剔的人怎么还是选错了 故地重游就像刻舟求剑 我固执的想等待对方读懂我的隐喻但忘了事在人为想读的人早该懂了,"['感情', '骗子', '聊天记录', '看了又看', '明白', '为什么', '会变', '一点', '优点', '他们', '讨厌', '总会', '变得', '这句', '一直', '记得', '隔阂', '只能', '不能', '如初', '那么', '挑剔', '怎么', '选错', '故地重游', '刻舟求剑', '固执', '等待', '对方', '读懂', '隐喻', '事在人为', '想读']",33,2,0.5355982780456543,正面,"[(' ', 'OTHER', 9, 10), ('聊天记录', 'OTHER', 10, 14), ('明白', 'PERSON', 20, 22), (' ', 'OTHER', 28, 29), (' ', 'OTHER', 43, 44), (' ', 'OTHER', 57, 58), ('如初', 'TIME', 68, 70), (' ', 'OTHER', 70, 71), (' ', 'OTHER', 85, 86), (' ', 'OTHER', 96, 97)]",['明白'],[],[],[],"[('故地重游', 0.6469073547105263), ('想读', 0.6291982896263157), ('选错', 0.5622000961631578), ('读懂', 0.5492074604842105), ('隐喻', 0.5336567124368421), ('隔阂', 0.5050848715142106), ('挑剔', 0.49478252535), ('骗子', 0.48374460266631586), ('讨厌', 0.43054557238789476), ('总会', 0.40995843749842104), ('优点', 0.39137312359421056), ('记得', 0.33737622368), ('感情', 0.33555667925526317), ('等待', 0.32341634115105267), ('对方', 0.32125248995736844), ('变得', 0.30434055803), ('只能', 0.2785935890878947), ('不能', 0.2100086755), ('没有', 0.16383281921842105)]","['故地重游', '想读', '选错', '读懂', '隐喻', '隔阂', '挑剔', '骗子', '讨厌', '总会', '优点', '记得', '感情', '等待', '对方', '变得', '只能', '不能', '没有']",True,你就是感情里的骗子 聊天记录我看了又看不明白你为什么会变 没有一点优点的我他们都讨厌我 人总会变得这句话我一直记得 有了隔阂只能和好不能如初 你那么挑剔的人怎么还是选错了 故地重游就像刻舟求剑 我固执的想等待对方读懂我的隐喻但忘了事在人为想读的人早该懂了。,0.0,0.0,0.0,0.0,0.0,0,"[('感情', '中性', 0.0, '你就是感情里的骗子 ', []), ('骗子', '中性', 0.0, '是感情里的骗子 聊天记录', []), ('聊天记录', '中性', 0.0, '里的骗子 聊天记录我看了又看', []), ('看了又看', '中性', 0.0, '聊天记录我看了又看不明白你为', []), ('明白', '中性', 0.0, '看了又看不明白你为什么会', []), ('优点', '中性', 0.0, ' 没有一点优点的我他们都', []), ('总会', '中性', 0.0, '讨厌我 人总会变得这句话', []), ('隔阂', '正面', 0.3333333333333333, '记得 有了隔阂只能和好不', [('好', 1.0)]), ('故地重游', '中性', 0.0, '是选错了 故地重游就像刻舟求', []), ('对方', '中性', 0.0, '执的想等待对方读懂我的隐', []), ('隐喻', '中性', 0.0, '方读懂我的隐喻但忘了事在', []), ('事在人为', '中性', 0.0, '隐喻但忘了事在人为想读的人早', [])]",无,无,无,无,无,无,无,无,无,无
网易云音乐,"真诚相待的你不应该是这样的结局

真心而又专一的你为何如此不被珍惜

你说爱过我而已 沉默了许久

文案为何如此共鸣因为那是我走过的经历

曾经我们也有聊不完的话题

你以前对我那么好我从未想过你也会离开

为什么总骗我我有对不起你吗

就差一步差一步我们就见面了",1,零碎许毅,2025-04-21 14:30:18,1359356908,真诚相待的你不应该是这样的结局 真心而又专一的你为何如此不被珍惜 你说爱过我而已 沉默了许久 文案为何如此共鸣因为那是我走过的经历 曾经我们也有聊不完的话题 你以前对我那么好我从未想过你也会离开 为什么总骗我我有对不起你吗 就差一步差一步我们就见面了,"['真诚相待', '结局', '真心', '专一', '为何', '珍惜', '爱过', '而已', '沉默', '许久', '文案', '为何', '共鸣', '因为', '走过', '经历', '曾经', '我们', '话题', '以前', '那么', '从未', '想过', '离开', '为什么', '总骗', '对不起', '一步', '一步', '我们', '见面']",31,2,0.5266305804252625,正面,"[(' ', 'OTHER', 15, 16), (' ', 'OTHER', 32, 33), (' ', 'OTHER', 40, 41), (' ', 'OTHER', 46, 47), (' ', 'OTHER', 65, 66), (' ', 'OTHER', 78, 79), (' ', 'OTHER', 97, 98), (' ', 'OTHER', 111, 112)]",[],[],[],[],"[('不完', 1.06818018271), ('文案', 1.01871055853), ('共鸣', 0.9295507465989999), ('结局', 0.774158226348), ('走过', 0.714957618304), ('话题', 0.688856235767), ('见面', 0.682995354472), ('经历', 0.57568696752), ('离开', 0.546079756366), ('应该', 0.468405704204)]","['不完', '文案', '共鸣', '结局', '走过', '话题', '见面', '经历', '离开', '应该']",True,真诚相待的你不应该是这样的结局 真心而又专一的你为何如此不被珍惜 你说爱过我而已 沉默了许久 文案为何如此共鸣因为那是我走过的经历 曾经我们也有聊不完的话题 你以前对我那么好我从未想过你也会离开 为什么总骗我我有对不起你吗 就差一步差一步我们就见面了。,0.0,0.0,0.0,0.0,0.0,0,"[('结局', '中性', 0.0, '该是这样的结局 真心而又', []), ('文案', '中性', 0.0, '默了许久 文案为何如此共', []), ('经历', '中性', 0.0, '是我走过的经历 曾经我们', []), ('话题', '中性', 0.0, '有聊不完的话题 你以前对', []), ('对不起', '负面', 0.3333333333333333, '总骗我我有对不起你吗 就差', [('差', -1.0)]), ('见面', '中性', 0.0, '一步我们就见面了', [])]",无,无,无,无,无,无,无,无,无,无
网易云音乐,谢谢你让我看到未来[多多可怜],1,请叫我病娇,2025-04-21 14:28:18,1359356908,谢谢你让我看到未来多多可怜,"['谢谢', '看到', '未来', '多多', '可怜']",5,2,0.398467868566513,正面,"[('谢谢', 'PERSON', 0, 2), ('未来', 'TIME', 7, 9)]",['谢谢'],[],[],[],"[('可怜', 3.451540834495), ('看到', 2.432404860925)]","['可怜', '看到']",False,,0.0,0.0,0.0,0.0,0.0,0,"[('谢谢', '中性', 0.0, '谢谢你让我看到', [])]",无,无,无,无,无,无,无,无,无,无
网易云音乐,"我也天真以为陪伴能打动一个人

越渴望幸福就越容易失落

我败给了金钱没能力给你最好的

原来誓言和约定也会过期

后来才发现你并不绝情只是对我绝情

要是感到幸福的瞬间可以存档就好了

人最不该的就是期待的等待

假装听不见假装自己很幸福",1,零碎许毅,2025-04-21 14:24:41,1359356908,我也天真以为陪伴能打动一个人 越渴望幸福就越容易失落 我败给了金钱没能力给你最好的 原来誓言和约定也会过期 后来才发现你并不绝情只是对我绝情 要是感到幸福的瞬间可以存档就好了 人最不该的就是期待的等待 假装听不见假装自己很幸福,"['天真', '以为', '陪伴', '打动', '渴望', '幸福', '容易', '失落', '败给', '金钱', '能力', '最好', '原来', '誓言', '约定', '过期', '后来', '发现', '绝情', '绝情', '要是', '感到', '幸福', '瞬间', '存档', '不该', '期待', '等待', '假装', '听不见', '假装', '幸福']",32,2,0.5355105996131897,正面,"[('天真', 'OTHER', 2, 4), (' ', 'OTHER', 14, 15), (' ', 'OTHER', 26, 27), (' ', 'OTHER', 41, 42), ('过期', 'TIME', 51, 53), (' ', 'OTHER', 53, 54), ('后来', 'TIME', 54, 56), (' ', 'OTHER', 70, 71), ('瞬间', 'TIME', 78, 80), (' ', 'OTHER', 87, 88), (' ', 'OTHER', 100, 101)]",[],[],[],[],"[('绝情', 1.04349417492), ('假装', 0.864840422393), ('败给', 0.53613119108), ('存档', 0.5321290557), ('誓言', 0.46786914348549996), ('失落', 0.444502117894), ('陪伴', 0.4422215923315), ('听不见', 0.4321591139975), ('打动', 0.427440975925), ('金钱', 0.3947162246185), ('渴望', 0.385415758125), ('约定', 0.358662296356), ('不该', 0.3560946377145), ('期待', 0.335462416097), ('等待', 0.30724552409350003), ('感到', 0.263098752158), ('能力', 0.2467671539085), ('发现', 0.21865239314)]","['绝情', '假装', '败给', '存档', '誓言', '失落', '陪伴', '听不见', '打动', '金钱', '渴望', '约定', '不该', '期待', '等待', '感到', '能力', '发现']",True,我也天真以为陪伴能打动一个人 越渴望幸福就越容易失落 我败给了金钱没能力给你最好的 原来誓言和约定也会过期 后来才发现你并不绝情只是对我绝情 要是感到幸福的瞬间可以存档就好了 人最不该的就是期待的等待 假装听不见假装自己很幸福。,0.0,0.0,0.0,0.0,0.0,0,"[('天真', '中性', 0.0, '我也天真以为陪伴能', []), ('陪伴', '中性', 0.0, '也天真以为陪伴能打动一个', []), ('金钱', '中性', 0.0, ' 我败给了金钱没能力给你', []), ('能力', '中性', 0.0, '给了金钱没能力给你最好的', []), ('誓言', '正面', 0.3333333333333333, '好的 原来誓言和约定也会', [('好', 1.0)]), ('绝情', '中性', 0.0, '发现你并不绝情只是对我绝', []), ('绝情', '中性', 0.0, '发现你并不绝情只是对我绝', []), ('假装', '中性', 0.0, '待的等待 假装听不见假装', []), ('假装', '中性', 0.0, '待的等待 假装听不见假装', [])]",无,无,无,无,无,无,无,无,无,无
网易云音乐,还是一样的结果呢,1,Marzi-y,2025-04-21 14:23:17,1359356908,还是一样的结果呢,"['一样', '结果']",2,2,0.4063157439231872,正面,[],[],[],[],[],"[('结果', 4.94561670134)]",['结果'],False,,0.0,0.0,0.0,0.0,0.0,0,"[('结果', '中性', 0.0, '还是一样的结果呢', [])]",无,无,无,无,无,无,无,无,无,无
网易云音乐,所以啊为什么不去尝试改变呢,1,呆呆的萝卜酱,2025-04-21 14:22:12,1359356908,所以啊为什么不去尝试改变呢,"['所以', '为什么', '不去', '尝试', '改变']",5,1,0.4226164519786834,中性,[],[],[],[],[],"[('尝试', 3.6436467168), ('改变', 2.611789471525)]","['尝试', '改变']",False,,0.0,0.0,0.0,0.0,0.0,0,[],无,无,无,无,无,无,无,无,无,无
网易云音乐,"既然相遇为何不珍惜彼此呢

我好好珍惜了可聚散不由我

某种程度上来说音乐是我的救赎

后来没有哥的晚安了歌却成了我的安眠药

人到底为了什么而活着

为什么想谈恋爱因为我缺爱

我是什么见人吗世界连一点爱都不愿意给我

兄弟你真的爱她吗",1,零碎许毅,2025-04-21 14:19:47,1359356908,既然相遇为何不珍惜彼此呢 我好好珍惜了可聚散不由我 某种程度上来说音乐是我的救赎 后来没有哥的晚安了歌却成了我的安眠药 人到底为了什么而活着 为什么想谈恋爱因为我缺爱 我是什么见人吗世界连一点爱都不愿意给我 兄弟你真的爱她吗,"['既然', '相遇', '为何', '珍惜', '彼此', '好好', '珍惜', '聚散', '不由', '某种程度', '音乐', '救赎', '后来', '晚安', '安眠药', '到底', '为了', '活着', '为什么', '谈恋爱', '因为', '缺爱', '世界', '一点', '愿意', '兄弟', '真的']",27,2,0.5631951689720154,正面,"[(' ', 'OTHER', 12, 13), (' ', 'OTHER', 25, 26), (' ', 'MUSIC', 40, 41), ('后来', 'TIME', 41, 43), (' ', 'MUSIC', 59, 60), (' ', 'OTHER', 70, 71), (' ', 'OTHER', 83, 84), ('连', 'PERSON', 93, 94), (' ', 'OTHER', 103, 104)]",['连'],[],[],[],"[('缺爱', 0.9195975002230768), ('晚安', 0.8662784863384616), ('安眠药', 0.7874704619846155), ('聚散', 0.7836235065615385), ('谈恋爱', 0.7248723721153846), ('某种程度', 0.6339381104784615), ('相遇', 0.6305303982553846), ('活着', 0.5438310321023077), ('音乐', 0.5099745472069231), ('愿意', 0.45397464913307695), ('兄弟', 0.44196944339692307), ('世界', 0.3359638004284615), ('没有', 0.23944796654999997)]","['缺爱', '晚安', '安眠药', '聚散', '谈恋爱', '某种程度', '相遇', '活着', '音乐', '愿意', '兄弟', '世界', '没有']",True,既然相遇为何不珍惜彼此呢 我好好珍惜了可聚散不由我 某种程度上来说音乐是我的救赎 后来没有哥的晚安了歌却成了我的安眠药 人到底为了什么而活着 为什么想谈恋爱因为我缺爱 我是什么见人吗世界连一点爱都不愿意给我 兄弟你真的爱她吗。,0.0,0.0,0.0,0.0,0.0,0,"[('音乐', '中性', 0.0, '程度上来说音乐是我的救赎', []), ('晚安', '中性', 0.0, '来没有哥的晚安了歌却成了', []), ('安眠药', '中性', 0.0, '却成了我的安眠药 人到底为', []), ('世界', '中性', 0.0, '什么见人吗世界连一点爱都', []), ('兄弟', '中性', 0.0, '愿意给我 兄弟你真的爱她', [])]",中性,无,无,中性,无,无,无,无,无,无
网易云音乐,我们分手吧 我没爱过你 我们只是玩玩而已,1,KCY_罘出水穃,2025-04-21 14:16:09,1359356908,我们分手吧 我没爱过你 我们只是玩玩而已,"['我们', '分手', '没爱过', '我们', '玩玩', '而已']",6,2,0.4204392731189728,正面,"[(' ', 'OTHER', 5, 6), (' ', 'OTHER', 11, 12)]",[],[],[],[],"[('玩玩', 4.734930426565), ('分手', 4.022802864885)]","['玩玩', '分手']",False,,0.0,0.0,0.0,0.0,0.0,0,"[('玩玩', '中性', 0.0, ' 我们只是玩玩而已', [])]",无,无,无,无,无,无,无,无,无,无
网易云音乐,“我好像在哪见过你” “抱歉 我不记得了”,1,瞭望星空lnc,2025-04-21 14:15:58,1359356908,我好像在哪见过你 抱歉 我不记得了,"['好像', '哪见', '抱歉', '记得']",4,2,0.5339642763137817,正面,"[(' ', 'OTHER', 8, 9), (' ', 'OTHER', 11, 12)]",[],[],[],[],"[('抱歉', 2.9792776739066666), ('记得', 2.1367160833066667), ('好像', 1.8723103016233333)]","['抱歉', '记得', '好像']",False,,0.0,0.0,0.0,0.0,0.0,0,[],无,无,无,无,无,无,无,无,无,无
网易云音乐,恨你突如其来的落差感 但也念你最初的那句晚安,1,枳雾_w,2025-04-21 14:12:49,1359356908,恨你突如其来的落差感 但也念你最初的那句晚安,"['突如其来', '落差', '最初', '那句', '晚安']",5,2,0.4595922231674194,正面,"[(' ', 'OTHER', 10, 11), ('最初', 'TIME', 15, 17)]",[],[],[],[],"[('晚安', 11.2616203224)]",['晚安'],False,,0.0,0.0,0.0,0.0,0.0,0,"[('晚安', '中性', 0.0, '最初的那句晚安', [])]",中性,无,无,无,无,无,无,无,无,无
网易云音乐,别回头了 他不爱你,1,海鸥茗洛,2025-04-21 14:12:30,1359356908,别回头了 他不爱你,['回头'],1,1,0.393214076757431,中性,"[(' ', 'OTHER', 4, 5)]",[],[],[],[],"[('回头', 6.35106848682)]",['回头'],False,,0.0,0.0,0.0,0.0,0.0,0,[],无,无,无,无,无,无,无,无,无,无
网易云音乐,我们都不可以熬夜 要好好睡觉,1,我是N极你是吸引我的S极,2025-04-21 14:12:23,1359356908,我们都不可以熬夜 要好好睡觉,"['我们', '熬夜', '好好', '睡觉']",4,1,0.4085293114185333,中性,"[(' ', 'OTHER', 8, 9)]",[],[],[],[],"[('熬夜', 4.984426009625), ('睡觉', 3.516351621505)]","['熬夜', '睡觉']",False,,0.0,0.0,0.0,0.0,0.0,0,[],无,无,无,无,无,无,无,无,无,无
网易云音乐,我和你一样啊！但是我觉得我现在要做的不是去在意这些，而是要去追寻自己真正想要的,1,用户1441159175,2025-04-21 14:11:25,1359356908,我和你一样啊！但是我觉得我现在要做的不是去在意这些，而是要去追寻自己真正想要的,"['一样', '觉得', '现在', '不是', '在意', '这些', '而是', '追寻', '真正', '想要']",10,1,0.3783971667289734,中性,"[('！', 'OTHER', 6, 7), ('现在', 'TIME', 13, 15), ('，', 'OTHER', 25, 26)]",[],[],[],[],"[('追寻', 2.376557124325), ('在意', 2.0362338595975), ('想要', 1.7278355965), ('觉得', 1.207227482465)]","['追寻', '在意', '想要', '觉得']",False,,0.0,0.0,0.0,0.0,0.0,0,[],无,无,无,无,无,无,无,无,无,无
网易云音乐,不要把自己想的太好[口罩],1,Angle-fighting,2025-04-21 14:08:32,1359356908,不要把自己想的太好口罩,"['不要', '口罩']",2,1,0.4334322512149811,中性,[],[],[],[],[],"[('口罩', 8.9519177616)]",['口罩'],False,,0.0,0.0,0.0,0.0,0.0,0,"[('口罩', '正面', 0.3333333333333333, '己想的太好口罩', [('好', 1.0)])]",无,无,无,无,无,无,无,无,无,无
网易云音乐,晚安小鑫,1,Vemuch,2025-04-21 14:06:07,1359356908,晚安小鑫,"['晚安', '小鑫']",2,1,0.4786152839660644,中性,"[('小鑫', 'PERSON', 2, 4)]",['小鑫'],[],[],[],"[('晚安', 11.2616203224)]",['晚安'],False,,0.0,0.0,0.0,0.0,0.0,0,"[('晚安', '中性', 0.0, '晚安小鑫', []), ('小鑫', '中性', 0.0, '晚安小鑫', [])]",中性,无,无,无,无,无,无,无,无,无
网易云音乐,打卡,1,难语佳绪,2025-04-21 13:27:58,1359356908,打卡,['打卡'],1,1,0.4306034445762634,中性,[],[],[],[],[],"[('打卡', 12.2912397395)]",['打卡'],False,,0.0,0.0,0.0,0.0,0.0,0,[],无,无,无,无,无,无,无,无,无,无
网易云音乐,晚安小允,1,心有约安,2025-04-21 13:25:52,1359356908,晚安小允,"['晚安', '小允']",2,1,0.460589200258255,中性,"[('小允', 'PERSON', 2, 4)]",['小允'],[],[],[],"[('晚安', 11.2616203224)]",['晚安'],False,,0.0,0.0,0.0,0.0,0.0,0,"[('晚安', '中性', 0.0, '晚安小允', []), ('小允', '中性', 0.0, '晚安小允', [])]",中性,无,无,无,无,无,无,无,无,无
网易云音乐,算了我不要爱了我要睡一次好觉,1,心有约安,2025-04-21 13:24:55,1359356908,算了我不要爱了我要睡一次好觉,"['算了', '不要', '一次', '好觉']",4,1,0.4123997986316681,中性,[],[],[],[],[],"[('算了', 7.65845438652)]",['算了'],False,,0.0,0.0,0.0,0.0,0.0,0,[],无,无,无,无,无,无,无,无,无,无
网易云音乐,"五一宝宝 暑假宝宝 跑起来好吗

作息乱乱的 人笨笨的 意志淡淡的

发疯不用挑日子 一触即发

想当甜妹 可惜声音像小学生

如果生活很难，我希望是 库里南",1,煎饼果子_HYBl,2025-04-21 13:04:21,1359356908,五一宝宝 暑假宝宝 跑起来好吗 作息乱乱的 人笨笨的 意志淡淡的 发疯不用挑日子 一触即发 想当甜妹 可惜声音像小学生 如果生活很难，我希望是 库里南,"['五一', '宝宝', '暑假', '宝宝', '起来', '作息', '乱乱的', '笨笨', '意志', '淡淡的', '发疯', '不用', '日子', '一触即发', '当甜妹', '可惜', '声音', '小学生', '生活', '很难', '希望', '库里南']",22,2,0.5495263934135437,正面,"[('宝宝', 'PERSON', 2, 4), (' ', 'OTHER', 4, 5), ('暑假', 'TIME', 5, 7), ('宝宝', 'PERSON', 7, 9), (' ', 'OTHER', 9, 10), (' ', 'OTHER', 15, 16), (' ', 'OTHER', 21, 22), (' ', 'OTHER', 26, 27), (' ', 'OTHER', 32, 33), (' ', 'OTHER', 40, 41), (' ', 'OTHER', 45, 46), (' ', 'OTHER', 50, 51), ('小学生', 'PERSON', 56, 59), (' ', 'OTHER', 59, 60), ('，', 'OTHER', 66, 67), (' ', 'OTHER', 71, 72), ('库里南', 'LOCATION', 72, 75)]","['宝宝', '宝宝', '小学生']",['库里南'],[],[],"[('库里南', 1.1006275392833333), ('甜妹', 0.9962306252416666), ('作息', 0.9008029332166667), ('发疯', 0.7339106209308334), ('意志', 0.619544410645), ('可惜', 0.5637491920791667), ('不用', 0.5007477493875), ('日子', 0.49398890565416664), ('声音', 0.4434854233475), ('希望', 0.4337781895983333), ('生活', 0.3861552027558333), ('起来', 0.33011170387916666)]","['库里南', '甜妹', '作息', '发疯', '意志', '可惜', '不用', '日子', '声音', '希望', '生活', '起来']",False,,0.0,0.0,0.0,0.0,0.0,0,"[('宝宝', '中性', 0.0, '五一宝宝 暑假宝宝', []), ('宝宝', '中性', 0.0, '五一宝宝 暑假宝宝', []), ('作息', '正面', 0.3333333333333333, '起来好吗 作息乱乱的 人', [('好', 1.0)]), ('意志', '中性', 0.0, '人笨笨的 意志淡淡的 发', []), ('日子', '中性', 0.0, '发疯不用挑日子 一触即发', []), ('甜妹', '中性', 0.0, '即发 想当甜妹 可惜声音', []), ('声音', '中性', 0.0, '甜妹 可惜声音像小学生 ', []), ('小学生', '中性', 0.0, '可惜声音像小学生 如果生活', []), ('库里南', '中性', 0.0, '我希望是 库里南', [])]",无,无,无,无,无,无,无,无,无,无
网易云音乐,"我不是emo了 我是饿懵了

幸福就像段子 一发就被偷走了

吃饭了吗 看看我是不是你的菜

医生说我低血糖 得多听甜言蜜语

我眼睛本来长这样OvO 后来看见姐姐后就变成了♡v♡",1,煎饼果子_HYBl,2025-04-21 13:03:39,1359356908,我不是emo了 我是饿懵了 幸福就像段子 一发就被偷走了 吃饭了吗 看看我是不是你的菜 医生说我低血糖 得多听甜言蜜语 我眼睛本来长这样OvO 后来看见姐姐后就变成了v,"['不是', 'emo', '幸福', '段子', '一发', '偷走', '吃饭', '看看', '是不是', '医生', '低血糖', '甜言蜜语', '眼睛', '本来', 'OvO', '后来', '看见', '姐姐', '变成']",19,2,0.5973668098449707,正面,"[(' ', 'OTHER', 7, 8), (' ', 'OTHER', 13, 14), ('段子', 'PERSON', 18, 20), (' ', 'OTHER', 20, 21), (' ', 'OTHER', 28, 29), (' ', 'OTHER', 33, 34), (' ', 'OTHER', 43, 44), (' ', 'OTHER', 51, 52), (' ', 'OTHER', 59, 60), ('本来', 'TIME', 63, 65), (' ', 'OTHER', 71, 72), ('后来', 'TIME', 72, 74)]",['段子'],[],[],[],"[('偷走', 1.1374573339777778), ('低血糖', 1.1120952615444444), ('姐姐', 0.73873596668), ('吃饭', 0.7160247885333333), ('医生', 0.7022197666388889), ('变成', 0.6360317839266667), ('看看', 0.6011605157933333), ('眼睛', 0.5704066700733333), ('看见', 0.5650341834466667)]","['偷走', '低血糖', '姐姐', '吃饭', '医生', '变成', '看看', '眼睛', '看见']",False,,0.0,0.0,0.0,0.0,0.0,0,"[('段子', '中性', 0.0, ' 幸福就像段子 一发就被', []), ('是不是', '中性', 0.0, '吗 看看我是不是你的菜 医', []), ('医生', '中性', 0.0, '是你的菜 医生说我低血糖', []), ('低血糖', '中性', 0.0, ' 医生说我低血糖 得多听甜', []), ('眼睛', '中性', 0.0, '言蜜语 我眼睛本来长这样', []), ('姐姐', '中性', 0.0, ' 后来看见姐姐后就变成了', [])]",无,无,无,无,无,无,无,无,无,无
